original_path,output_path,articleurl,status,footer_used
sankranti-wishes-info.html,sankranti-wishes-info.html,yes,merged,/Users/prashantdhingra/e/a3_output/makarsankranti.net/output/content/footer.fragment
makarsankranti-cards.html,makarsankranti-cards.html,yes,merged,/Users/prashantdhingra/e/a3_output/makarsankranti.net/output/content/footer.fragment
pongal-festival.html,pongal-festival.html,yes,merged,/Users/prashantdhingra/e/a3_output/makarsankranti.net/output/content/footer.fragment
bihu-assam.html,bihu-assam.html,yes,merged,/Users/prashantdhingra/e/a3_output/makarsankranti.net/output/content/footer.fragment
ganga-sagar-mela.html,ganga-sagar-mela.html,yes,merged,/Users/prashantdhingra/e/a3_output/makarsankranti.net/output/content/footer.fragment
makarsankranti-main.html,sun-joyful-story.html,yes,merged,/Users/prashantdhingra/e/a3_output/makarsankranti.net/output/content/footer.fragment
makarsankranti-taste.html,makarsankranti-taste.html,yes,merged,/Users/prashantdhingra/e/a3_output/makarsankranti.net/output/content/footer.fragment
sankranti-celebration-and-wishes-in-indian-languages.html,sankranti-celebration-and-wishes-in-indian-languages.html,yes,merged,/Users/prashantdhingra/e/a3_output/makarsankranti.net/output/content/footer.fragment
bihu-assam-info.html,bihu-assam-info.html,yes,merged,/Users/prashantdhingra/e/a3_output/makarsankranti.net/output/content/footer.fragment
makarsankranti-webpage.html,makarsankranti-page.html,yes,merged,/Users/prashantdhingra/e/a3_output/makarsankranti.net/output/content/footer.fragment
makarsankranti-info.html,makarsankranti-info.html,yes,merged,/Users/prashantdhingra/e/a3_output/makarsankranti.net/output/content/footer.fragment
makarsankranti-wallpapers.html,makarsankranti-wallpapers.html,yes,merged,/Users/prashantdhingra/e/a3_output/makarsankranti.net/output/content/footer.fragment
makarsankranti-pongal-celebration.html,makarsankranti-pongal-celebration.html,yes,merged,/Users/prashantdhingra/e/a3_output/makarsankranti.net/output/content/footer.fragment
makarsankranti-significance.html,makarsankranti-significance.html,yes,merged,/Users/prashantdhingra/e/a3_output/makarsankranti.net/output/content/footer.fragment
makarsankranti-pongal-bihu-uttarayan.html,makarsankranti-pongal-bihu-uttarayan.html,yes,merged,/Users/prashantdhingra/e/a3_output/makarsankranti.net/output/content/footer.fragment
makarsankranti-blog.html,makarsankranti-blog.html,yes,merged,/Users/prashantdhingra/e/a3_output/makarsankranti.net/output/content/footer.fragment
makarsankranti-celebrations.html,makarsankranti-celebrations.html,yes,merged,/Users/prashantdhingra/e/a3_output/makarsankranti.net/output/content/footer.fragment
sankranti-harvest-festival.html,sankranti-harvest-festival.html,yes,merged,/Users/prashantdhingra/e/a3_output/makarsankranti.net/output/content/footer.fragment
makar-sankranti-blog-photos.html,index.html,yes,merged,/Users/prashantdhingra/e/a3_output/makarsankranti.net/output/content/footer.fragment
lohri-festival/lohri-festival.html,lohri-festival/lohri-essay.html,yes,merged,/Users/prashantdhingra/e/a3_output/makarsankranti.net/output/content/lohri-festival/footer.fragment
lohri-festival/lohri-celebrating-agriculture-nature-rhythm.html,lohri-festival/agriculture.html,yes,merged,/Users/prashantdhingra/e/a3_output/makarsankranti.net/output/content/lohri-festival/footer.fragment
lohri-festival/lohri-rituals.html,lohri-festival/tradition.html,yes,merged,/Users/prashantdhingra/e/a3_output/makarsankranti.net/output/content/lohri-festival/footer.fragment
lohri-festival/lohri-traditional-sweets-recipes.html,lohri-festival/lohri-recipes.html,yes,merged,/Users/prashantdhingra/e/a3_output/makarsankranti.net/output/content/lohri-festival/footer.fragment
lohri-festival/lohri-main.html,lohri-festival/index.html,yes,merged,/Users/prashantdhingra/e/a3_output/makarsankranti.net/output/content/lohri-festival/footer.fragment
lohri-festival/lohri-food-specialties.html,lohri-festival/food-ideas-lohri.html,yes,merged,/Users/prashantdhingra/e/a3_output/makarsankranti.net/output/content/lohri-festival/footer.fragment
lohri-festival/traditional-lohri-songs.html,lohri-festival/popular-lohri-songs.html,yes,merged,/Users/prashantdhingra/e/a3_output/makarsankranti.net/output/content/lohri-festival/footer.fragment
lohri-festival/kids-lohri.html,lohri-festival/kids-lohri.html,yes,merged,/Users/prashantdhingra/e/a3_output/makarsankranti.net/output/content/lohri-festival/footer.fragment
lohri-festival/lohri-special-food.html,lohri-festival/what-to-eat-on-lohri.html,yes,merged,/Users/prashantdhingra/e/a3_output/makarsankranti.net/output/content/lohri-festival/footer.fragment
lohri-festival/lohri-history-bonfire-makar-sankranti.html,lohri-festival/lohri-bonefire.html,yes,merged,/Users/prashantdhingra/e/a3_output/makarsankranti.net/output/content/lohri-festival/footer.fragment
lohri-festival/lohri-wishes-26.html,lohri-festival/26-unique-lohri-wishes.html,yes,merged,/Users/prashantdhingra/e/a3_output/makarsankranti.net/output/content/lohri-festival/footer.fragment
lohri-festival/traditonal-lohri-foods.html,lohri-festival/special-lohri-foods.html,yes,merged,/Users/prashantdhingra/e/a3_output/makarsankranti.net/output/content/lohri-festival/footer.fragment
lohri-festival/first-lohri.html,lohri-festival/first-lohri-special.html,yes,merged,/Users/prashantdhingra/e/a3_output/makarsankranti.net/output/content/lohri-festival/footer.fragment
lohri-festival/dulla-bhatti.html,lohri-festival/dulla-bhatti-story.html,yes,merged,/Users/prashantdhingra/e/a3_output/makarsankranti.net/output/content/lohri-festival/footer.fragment
lohri-festival/lohri-songs-meaning.html,lohri-festival/songs-meaning.html,yes,merged,/Users/prashantdhingra/e/a3_output/makarsankranti.net/output/content/lohri-festival/footer.fragment
lohri-festival/lohri-music-dance.html,lohri-festival/music-and-dance.html,yes,merged,/Users/prashantdhingra/e/a3_output/makarsankranti.net/output/content/lohri-festival/footer.fragment
lohri-festival/lohri-rituals-and-songs.html,lohri-festival/rituals-with-song.html,yes,merged,/Users/prashantdhingra/e/a3_output/makarsankranti.net/output/content/lohri-festival/footer.fragment
lohri-festival/lohri-cards.html,lohri-festival/lohri-cards.html,yes,merged,/Users/prashantdhingra/e/a3_output/makarsankranti.net/output/content/lohri-festival/footer.fragment
lohri-festival/lohri-menu.html,lohri-festival/list-of-food-items.html,yes,merged,/Users/prashantdhingra/e/a3_output/makarsankranti.net/output/content/lohri-festival/footer.fragment
lohri-festival/lohri-across-generations.html,lohri-festival/lohri-importnce-with-each-generation.html,yes,merged,/Users/prashantdhingra/e/a3_output/makarsankranti.net/output/content/lohri-festival/footer.fragment
lohri-festival/office-lohri.html,lohri-festival/ideas-to-celebrate-lohri-in-office.html,yes,merged,/Users/prashantdhingra/e/a3_output/makarsankranti.net/output/content/lohri-festival/footer.fragment
quotes/telugu.html,quotes/telugu.html,yes,merged,/Users/prashantdhingra/e/a3_output/makarsankranti.net/output/content/quotes/footer.fragment
quotes/tamil.html,quotes/tamil.html,yes,merged,/Users/prashantdhingra/e/a3_output/makarsankranti.net/output/content/quotes/footer.fragment
festivals-stories-slides/christmas-stories.html,festivals-stories-slides/christmas-stories.html,yes,merged,/Users/prashantdhingra/e/a3_output/makarsankranti.net/output/content/festivals-stories-slides/footer.fragment
festivals-stories-slides/diwali-stories.html,festivals-stories-slides/diwali-stories.html,yes,merged,/Users/prashantdhingra/e/a3_output/makarsankranti.net/output/content/festivals-stories-slides/footer.fragment
festivals-stories-slides/chinese-new-year-stories.html,festivals-stories-slides/chinese-new-year-stories.html,yes,merged,/Users/prashantdhingra/e/a3_output/makarsankranti.net/output/content/festivals-stories-slides/footer.fragment
festivals-stories-slides/sankranti-stories.html,festivals-stories-slides/sankranti-stories.html,yes,merged,/Users/prashantdhingra/e/a3_output/makarsankranti.net/output/content/festivals-stories-slides/footer.fragment
festivals-stories-slides/lohri-stories.html,festivals-stories-slides/lohri-stories.html,yes,merged,/Users/prashantdhingra/e/a3_output/makarsankranti.net/output/content/festivals-stories-slides/footer.fragment
cards/greeting-cards.html,cards/greeting-cards.html,yes,merged,/Users/prashantdhingra/e/a3_output/makarsankranti.net/output/content/cards/footer.fragment
cards/greeting-cards.htm,cards/greeting-cards-2.html,yes,"collision, renamed to greeting-cards-2.html",/Users/prashantdhingra/e/a3_output/makarsankranti.net/output/content/cards/footer.fragment
cards/sankranti-cards.html,cards/index.html,yes,merged,/Users/prashantdhingra/e/a3_output/makarsankranti.net/output/content/cards/footer.fragment
festival-guide/easter/holy-week-palm-sunday-good-friday-easter.html,festival-guide/easter/holy-week-palm-sunday-good-friday-easter.html,no,merged,/Users/prashantdhingra/e/a3_output/makarsankranti.net/output/content/festival-guide/easter/footer.fragment
festival-guide/easter/easter-traditions-around-world.html,festival-guide/easter/easter-traditions-around-world.html,no,merged,/Users/prashantdhingra/e/a3_output/makarsankranti.net/output/content/festival-guide/easter/footer.fragment
festival-guide/easter/natural-easter-egg-dyes.html,festival-guide/easter/natural-easter-egg-dyes.html,no,merged,/Users/prashantdhingra/e/a3_output/makarsankranti.net/output/content/festival-guide/easter/footer.fragment
festival-guide/easter/zero-waste-easter-baskets.html,festival-guide/easter/zero-waste-easter-baskets.html,no,merged,/Users/prashantdhingra/e/a3_output/makarsankranti.net/output/content/festival-guide/easter/footer.fragment
festival-guide/easter/global-easter-breads-colomba-babka-tsoureki.html,festival-guide/easter/global-easter-breads-colomba-babka-tsoureki.html,no,merged,/Users/prashantdhingra/e/a3_output/makarsankranti.net/output/content/festival-guide/easter/footer.fragment
festival-guide/easter/backyard-easter-egg-hunt-guide.html,festival-guide/easter/backyard-easter-egg-hunt-guide.html,no,merged,/Users/prashantdhingra/e/a3_output/makarsankranti.net/output/content/festival-guide/easter/footer.fragment
festival-guide/easter/overview.html,festival-guide/easter/overview.html,no,merged,/Users/prashantdhingra/e/a3_output/makarsankranti.net/output/content/festival-guide/easter/footer.fragment
festival-guide/easter/stress-free-easter-hosting.html,festival-guide/easter/stress-free-easter-hosting.html,no,merged,/Users/prashantdhingra/e/a3_output/makarsankranti.net/output/content/festival-guide/easter/footer.fragment
festival-guide/easter/hot-cross-buns-history-recipe-guide.html,festival-guide/easter/hot-cross-buns-history-recipe-guide.html,no,merged,/Users/prashantdhingra/e/a3_output/makarsankranti.net/output/content/festival-guide/easter/footer.fragment
festival-guide/easter/budget-easter-spring-tablescape.html,festival-guide/easter/budget-easter-spring-tablescape.html,no,merged,/Users/prashantdhingra/e/a3_output/makarsankranti.net/output/content/festival-guide/easter/footer.fragment
festival-guide/easter/faberge-easter-eggs-history.html,festival-guide/easter/faberge-easter-eggs-history.html,no,merged,/Users/prashantdhingra/e/a3_output/makarsankranti.net/output/content/festival-guide/easter/footer.fragment
festival-guide/easter/white-house-easter-egg-roll-history.html,festival-guide/easter/white-house-easter-egg-roll-history.html,no,merged,/Users/prashantdhingra/e/a3_output/makarsankranti.net/output/content/festival-guide/easter/footer.fragment
festival-guide/easter/easter-pagan-roots-christian-tradition.html,festival-guide/easter/easter-pagan-roots-christian-tradition.html,no,merged,/Users/prashantdhingra/e/a3_output/makarsankranti.net/output/content/festival-guide/easter/footer.fragment
festival-guide/easter/pysanky-easter-eggs-beginners-guide.html,festival-guide/easter/pysanky-easter-eggs-beginners-guide.html,no,merged,/Users/prashantdhingra/e/a3_output/makarsankranti.net/output/content/festival-guide/easter/footer.fragment
festival-guide/easter/non-candy-easter-basket-ideas.html,festival-guide/easter/non-candy-easter-basket-ideas.html,no,merged,/Users/prashantdhingra/e/a3_output/makarsankranti.net/output/content/festival-guide/easter/footer.fragment
festival-guide/easter/paschal-lamb-easter-symbolism.html,festival-guide/easter/paschal-lamb-easter-symbolism.html,no,merged,/Users/prashantdhingra/e/a3_output/makarsankranti.net/output/content/festival-guide/easter/footer.fragment
festival-guide/easter/leftover-hard-boiled-easter-eggs.html,festival-guide/easter/leftover-hard-boiled-easter-eggs.html,no,merged,/Users/prashantdhingra/e/a3_output/makarsankranti.net/output/content/festival-guide/easter/footer.fragment
festival-guide/easter/spring-renewal-mindful-easter.html,festival-guide/easter/spring-renewal-mindful-easter.html,no,merged,/Users/prashantdhingra/e/a3_output/makarsankranti.net/output/content/festival-guide/easter/footer.fragment
festival-guide/easter/plant-based-easter-brunch.html,festival-guide/easter/plant-based-easter-brunch.html,no,merged,/Users/prashantdhingra/e/a3_output/makarsankranti.net/output/content/festival-guide/easter/footer.fragment
festival-guide/easter/easter-bunny-painted-eggs-history.html,festival-guide/easter/easter-bunny-painted-eggs-history.html,no,merged,/Users/prashantdhingra/e/a3_output/makarsankranti.net/output/content/festival-guide/easter/footer.fragment
festival-guide/easter/easter-ham-vs-lamb.html,festival-guide/easter/easter-ham-vs-lamb.html,no,merged,/Users/prashantdhingra/e/a3_output/makarsankranti.net/output/content/festival-guide/easter/footer.fragment
festival-guide/halloween/witches-crows-black-cats-halloween-superstitions.html,festival-guide/halloween/witches-crows-black-cats-halloween-superstitions.html,no,merged,/Users/prashantdhingra/e/a3_output/makarsankranti.net/output/content/festival-guide/halloween/footer.fragment
festival-guide/halloween/sustainable-eco-friendly-halloween.html,festival-guide/halloween/sustainable-eco-friendly-halloween.html,no,merged,/Users/prashantdhingra/e/a3_output/makarsankranti.net/output/content/festival-guide/halloween/footer.fragment
festival-guide/halloween/science-of-scared-fear-horror.html,festival-guide/halloween/science-of-scared-fear-horror.html,no,merged,/Users/prashantdhingra/e/a3_output/makarsankranti.net/output/content/festival-guide/halloween/footer.fragment
festival-guide/halloween/halloween-sfx-makeup-beginners.html,festival-guide/halloween/halloween-sfx-makeup-beginners.html,no,merged,/Users/prashantdhingra/e/a3_output/makarsankranti.net/output/content/festival-guide/halloween/footer.fragment
festival-guide/halloween/family-friendly-halloween-watchlist.html,festival-guide/halloween/family-friendly-halloween-watchlist.html,no,merged,/Users/prashantdhingra/e/a3_output/makarsankranti.net/output/content/festival-guide/halloween/footer.fragment
festival-guide/halloween/adult-halloween-murder-mystery-party.html,festival-guide/halloween/adult-halloween-murder-mystery-party.html,no,merged,/Users/prashantdhingra/e/a3_output/makarsankranti.net/output/content/festival-guide/halloween/footer.fragment
festival-guide/halloween/real-life-haunted-landmarks-history-legends.html,festival-guide/halloween/real-life-haunted-landmarks-history-legends.html,no,merged,/Users/prashantdhingra/e/a3_output/makarsankranti.net/output/content/festival-guide/halloween/footer.fragment
festival-guide/halloween/savory-spooky-halloween-snacks.html,festival-guide/halloween/savory-spooky-halloween-snacks.html,no,merged,/Users/prashantdhingra/e/a3_output/makarsankranti.net/output/content/festival-guide/halloween/footer.fragment
festival-guide/halloween/samhain-connection-halloween-origins.html,festival-guide/halloween/samhain-connection-halloween-origins.html,no,merged,/Users/prashantdhingra/e/a3_output/makarsankranti.net/output/content/festival-guide/halloween/footer.fragment
festival-guide/halloween/trick-or-treating-history-souling-guising.html,festival-guide/halloween/trick-or-treating-history-souling-guising.html,no,merged,/Users/prashantdhingra/e/a3_output/makarsankranti.net/output/content/festival-guide/halloween/footer.fragment
festival-guide/halloween/overview.html,festival-guide/halloween/overview.html,no,merged,/Users/prashantdhingra/e/a3_output/makarsankranti.net/output/content/festival-guide/halloween/footer.fragment
festival-guide/halloween/leftover-halloween-candy-dessert-hacks.html,festival-guide/halloween/leftover-halloween-candy-dessert-hacks.html,no,merged,/Users/prashantdhingra/e/a3_output/makarsankranti.net/output/content/festival-guide/halloween/footer.fragment
festival-guide/halloween/halloween-cocktails-mocktails-safe-dry-ice.html,festival-guide/halloween/halloween-cocktails-mocktails-safe-dry-ice.html,no,merged,/Users/prashantdhingra/e/a3_output/makarsankranti.net/output/content/festival-guide/halloween/footer.fragment
festival-guide/halloween/halloween-candy-wine-pairing-guide.html,festival-guide/halloween/halloween-candy-wine-pairing-guide.html,no,merged,/Users/prashantdhingra/e/a3_output/makarsankranti.net/output/content/festival-guide/halloween/footer.fragment
festival-guide/halloween/spooky-holidays-around-the-world.html,festival-guide/halloween/spooky-holidays-around-the-world.html,no,merged,/Users/prashantdhingra/e/a3_output/makarsankranti.net/output/content/festival-guide/halloween/footer.fragment
festival-guide/halloween/economics-of-halloween-retail.html,festival-guide/halloween/economics-of-halloween-retail.html,no,merged,/Users/prashantdhingra/e/a3_output/makarsankranti.net/output/content/festival-guide/halloween/footer.fragment
festival-guide/halloween/haunted-porch-budget-decor-ideas.html,festival-guide/halloween/haunted-porch-budget-decor-ideas.html,no,merged,/Users/prashantdhingra/e/a3_output/makarsankranti.net/output/content/festival-guide/halloween/footer.fragment
festival-guide/halloween/last-minute-halloween-costumes-closet.html,festival-guide/halloween/last-minute-halloween-costumes-closet.html,no,merged,/Users/prashantdhingra/e/a3_output/makarsankranti.net/output/content/festival-guide/halloween/footer.fragment
festival-guide/halloween/evolution-of-slasher-cinema.html,festival-guide/halloween/evolution-of-slasher-cinema.html,no,merged,/Users/prashantdhingra/e/a3_output/makarsankranti.net/output/content/festival-guide/halloween/footer.fragment
festival-guide/halloween/safe-stress-free-pet-halloween-costumes.html,festival-guide/halloween/safe-stress-free-pet-halloween-costumes.html,no,merged,/Users/prashantdhingra/e/a3_output/makarsankranti.net/output/content/festival-guide/halloween/footer.fragment
festival-guide/halloween/stingy-jack-jack-o-lantern-legend.html,festival-guide/halloween/stingy-jack-jack-o-lantern-legend.html,no,merged,/Users/prashantdhingra/e/a3_output/makarsankranti.net/output/content/festival-guide/halloween/footer.fragment
festival-guide/dussehra/mahabharata-shami-tree-vijayadashami.html,festival-guide/dussehra/mahabharata-shami-tree-vijayadashami.html,no,merged,/Users/prashantdhingra/e/a3_output/makarsankranti.net/output/content/festival-guide/dussehra/footer.fragment
festival-guide/dussehra/vijayadashami-bengal-sindoor-khela.html,festival-guide/dussehra/vijayadashami-bengal-sindoor-khela.html,no,merged,/Users/prashantdhingra/e/a3_output/makarsankranti.net/output/content/festival-guide/dussehra/footer.fragment
festival-guide/dussehra/vidyarambham-vijayadashami-education.html,festival-guide/dussehra/vidyarambham-vijayadashami-education.html,no,merged,/Users/prashantdhingra/e/a3_output/makarsankranti.net/output/content/festival-guide/dussehra/footer.fragment
festival-guide/dussehra/apta-leaves-gold-dussehra.html,festival-guide/dussehra/apta-leaves-gold-dussehra.html,no,merged,/Users/prashantdhingra/e/a3_output/makarsankranti.net/output/content/festival-guide/dussehra/footer.fragment
festival-guide/dussehra/festive-marketing-strategies-dussehra.html,festival-guide/dussehra/festive-marketing-strategies-dussehra.html,no,merged,/Users/prashantdhingra/e/a3_output/makarsankranti.net/output/content/festival-guide/dussehra/footer.fragment
festival-guide/dussehra/leadership-lessons-ramayana.html,festival-guide/dussehra/leadership-lessons-ramayana.html,no,merged,/Users/prashantdhingra/e/a3_output/makarsankranti.net/output/content/festival-guide/dussehra/footer.fragment
festival-guide/dussehra/ravana-ten-heads-symbolism.html,festival-guide/dussehra/ravana-ten-heads-symbolism.html,no,merged,/Users/prashantdhingra/e/a3_output/makarsankranti.net/output/content/festival-guide/dussehra/footer.fragment
festival-guide/dussehra/dussehra-for-kids-stories-crafts.html,festival-guide/dussehra/dussehra-for-kids-stories-crafts.html,no,merged,/Users/prashantdhingra/e/a3_output/makarsankranti.net/output/content/festival-guide/dussehra/footer.fragment
festival-guide/dussehra/eco-friendly-dussehra-celebrations.html,festival-guide/dussehra/eco-friendly-dussehra-celebrations.html,no,merged,/Users/prashantdhingra/e/a3_output/makarsankranti.net/output/content/festival-guide/dussehra/footer.fragment
festival-guide/dussehra/overview.html,festival-guide/dussehra/overview.html,no,merged,/Users/prashantdhingra/e/a3_output/makarsankranti.net/output/content/festival-guide/dussehra/footer.fragment
festival-guide/dussehra/ramlila-varanasi-tradition.html,festival-guide/dussehra/ramlila-varanasi-tradition.html,no,merged,/Users/prashantdhingra/e/a3_output/makarsankranti.net/output/content/festival-guide/dussehra/footer.fragment
festival-guide/dussehra/bastar-dussehra-danteshwari.html,festival-guide/dussehra/bastar-dussehra-danteshwari.html,no,merged,/Users/prashantdhingra/e/a3_output/makarsankranti.net/output/content/festival-guide/dussehra/footer.fragment
festival-guide/dussehra/economics-auspicious-buying-dussehra.html,festival-guide/dussehra/economics-auspicious-buying-dussehra.html,no,merged,/Users/prashantdhingra/e/a3_output/makarsankranti.net/output/content/festival-guide/dussehra/footer.fragment
festival-guide/dussehra/mysuru-dasara-royal-heritage.html,festival-guide/dussehra/mysuru-dasara-royal-heritage.html,no,merged,/Users/prashantdhingra/e/a3_output/makarsankranti.net/output/content/festival-guide/dussehra/footer.fragment
festival-guide/dussehra/dussehra-home-decor-rangoli-toran.html,festival-guide/dussehra/dussehra-home-decor-rangoli-toran.html,no,merged,/Users/prashantdhingra/e/a3_output/makarsankranti.net/output/content/festival-guide/dussehra/footer.fragment
festival-guide/dussehra/shastra-puja-history-significance.html,festival-guide/dussehra/shastra-puja-history-significance.html,no,merged,/Users/prashantdhingra/e/a3_output/makarsankranti.net/output/content/festival-guide/dussehra/footer.fragment
festival-guide/dussehra/kullu-dussehra-travel-guide.html,festival-guide/dussehra/kullu-dussehra-travel-guide.html,no,merged,/Users/prashantdhingra/e/a3_output/makarsankranti.net/output/content/festival-guide/dussehra/footer.fragment
festival-guide/dussehra/dual-mythology-rama-durga-dussehra.html,festival-guide/dussehra/dual-mythology-rama-durga-dussehra.html,no,merged,/Users/prashantdhingra/e/a3_output/makarsankranti.net/output/content/festival-guide/dussehra/footer.fragment
festival-guide/dussehra/universal-good-vs-evil-dussehra.html,festival-guide/dussehra/universal-good-vs-evil-dussehra.html,no,merged,/Users/prashantdhingra/e/a3_output/makarsankranti.net/output/content/festival-guide/dussehra/footer.fragment
festival-guide/dussehra/traditional-dussehra-festive-feasts.html,festival-guide/dussehra/traditional-dussehra-festive-feasts.html,no,merged,/Users/prashantdhingra/e/a3_output/makarsankranti.net/output/content/festival-guide/dussehra/footer.fragment
festival-guide/dussehra/conquering-internal-ravanas.html,festival-guide/dussehra/conquering-internal-ravanas.html,no,merged,/Users/prashantdhingra/e/a3_output/makarsankranti.net/output/content/festival-guide/dussehra/footer.fragment
festival-guide/shraddh/can-women-perform-shraddh.html,festival-guide/shraddh/can-women-perform-shraddh.html,no,merged,/Users/prashantdhingra/e/a3_output/makarsankranti.net/output/content/festival-guide/shraddh/footer.fragment
festival-guide/shraddh/understanding-pitru-dosha.html,festival-guide/shraddh/understanding-pitru-dosha.html,no,merged,/Users/prashantdhingra/e/a3_output/makarsankranti.net/output/content/festival-guide/shraddh/footer.fragment
festival-guide/shraddh/pitru-paksha-to-sharad-navratri.html,festival-guide/shraddh/pitru-paksha-to-sharad-navratri.html,no,merged,/Users/prashantdhingra/e/a3_output/makarsankranti.net/output/content/festival-guide/shraddh/footer.fragment
festival-guide/shraddh/gaya-kashi-prayagraj-shraddh.html,festival-guide/shraddh/gaya-kashi-prayagraj-shraddh.html,no,merged,/Users/prashantdhingra/e/a3_output/makarsankranti.net/output/content/festival-guide/shraddh/footer.fragment
festival-guide/shraddh/digital-tarpan-e-shraddh-diaspora.html,festival-guide/shraddh/digital-tarpan-e-shraddh-diaspora.html,no,merged,/Users/prashantdhingra/e/a3_output/makarsankranti.net/output/content/festival-guide/shraddh/footer.fragment
festival-guide/shraddh/why-celebrations-paused-pitru-paksha.html,festival-guide/shraddh/why-celebrations-paused-pitru-paksha.html,no,merged,/Users/prashantdhingra/e/a3_output/makarsankranti.net/output/content/festival-guide/shraddh/footer.fragment
festival-guide/shraddh/psychology-of-shraddh-grief-family-history.html,festival-guide/shraddh/psychology-of-shraddh-grief-family-history.html,no,merged,/Users/prashantdhingra/e/a3_output/makarsankranti.net/output/content/festival-guide/shraddh/footer.fragment
festival-guide/shraddh/shraddh-at-home-beginners-guide.html,festival-guide/shraddh/shraddh-at-home-beginners-guide.html,no,merged,/Users/prashantdhingra/e/a3_output/makarsankranti.net/output/content/festival-guide/shraddh/footer.fragment
festival-guide/shraddh/brahmin-bhoj-panchbali-shraddh.html,festival-guide/shraddh/brahmin-bhoj-panchbali-shraddh.html,no,merged,/Users/prashantdhingra/e/a3_output/makarsankranti.net/output/content/festival-guide/shraddh/footer.fragment
festival-guide/shraddh/traditional-sattvik-shraddh-feast.html,festival-guide/shraddh/traditional-sattvik-shraddh-feast.html,no,merged,/Users/prashantdhingra/e/a3_output/makarsankranti.net/output/content/festival-guide/shraddh/footer.fragment
festival-guide/shraddh/sarvapitri-amavasya-guide.html,festival-guide/shraddh/sarvapitri-amavasya-guide.html,no,merged,/Users/prashantdhingra/e/a3_output/makarsankranti.net/output/content/festival-guide/shraddh/footer.fragment
festival-guide/shraddh/why-crows-sacred-shraddh.html,festival-guide/shraddh/why-crows-sacred-shraddh.html,no,merged,/Users/prashantdhingra/e/a3_output/makarsankranti.net/output/content/festival-guide/shraddh/footer.fragment
festival-guide/shraddh/ancestral-healing-epigenetics-shraddh.html,festival-guide/shraddh/ancestral-healing-epigenetics-shraddh.html,no,merged,/Users/prashantdhingra/e/a3_output/makarsankranti.net/output/content/festival-guide/shraddh/footer.fragment
festival-guide/shraddh/overview.html,festival-guide/shraddh/overview.html,no,merged,/Users/prashantdhingra/e/a3_output/makarsankranti.net/output/content/festival-guide/shraddh/footer.fragment
festival-guide/shraddh/karna-legend-pitru-paksha.html,festival-guide/shraddh/karna-legend-pitru-paksha.html,no,merged,/Users/prashantdhingra/e/a3_output/makarsankranti.net/output/content/festival-guide/shraddh/footer.fragment
festival-guide/shraddh/tarpan-step-by-step-meaning.html,festival-guide/shraddh/tarpan-step-by-step-meaning.html,no,merged,/Users/prashantdhingra/e/a3_output/makarsankranti.net/output/content/festival-guide/shraddh/footer.fragment
festival-guide/shraddh/why-pitru-paksha-sixteen-days.html,festival-guide/shraddh/why-pitru-paksha-sixteen-days.html,no,merged,/Users/prashantdhingra/e/a3_output/makarsankranti.net/output/content/festival-guide/shraddh/footer.fragment
festival-guide/shraddh/pinda-daan-meaning-components.html,festival-guide/shraddh/pinda-daan-meaning-components.html,no,merged,/Users/prashantdhingra/e/a3_output/makarsankranti.net/output/content/festival-guide/shraddh/footer.fragment
festival-guide/shraddh/pitru-paksha-dos-and-donts.html,festival-guide/shraddh/pitru-paksha-dos-and-donts.html,no,merged,/Users/prashantdhingra/e/a3_output/makarsankranti.net/output/content/festival-guide/shraddh/footer.fragment
festival-guide/shraddh/debunking-pitru-paksha-superstitions.html,festival-guide/shraddh/debunking-pitru-paksha-superstitions.html,no,merged,/Users/prashantdhingra/e/a3_output/makarsankranti.net/output/content/festival-guide/shraddh/footer.fragment
festival-guide/shraddh/garuda-purana-soul-journey-ancestors.html,festival-guide/shraddh/garuda-purana-soul-journey-ancestors.html,no,merged,/Users/prashantdhingra/e/a3_output/makarsankranti.net/output/content/festival-guide/shraddh/footer.fragment
festival-guide/chhat-puja/chhath-puja-four-days-rituals.html,festival-guide/chhat-puja/chhath-puja-four-days-rituals.html,no,merged,/Users/prashantdhingra/e/a3_output/makarsankranti.net/output/content/festival-guide/chhat-puja/footer.fragment
festival-guide/chhat-puja/chhath-puja-in-uttar-pradesh.html,festival-guide/chhat-puja/chhath-puja-in-uttar-pradesh.html,no,merged,/Users/prashantdhingra/e/a3_output/makarsankranti.net/output/content/festival-guide/chhat-puja/footer.fragment
festival-guide/chhat-puja/story-of-chhathi-maiya.html,festival-guide/chhat-puja/story-of-chhathi-maiya.html,no,merged,/Users/prashantdhingra/e/a3_output/makarsankranti.net/output/content/festival-guide/chhat-puja/footer.fragment
festival-guide/chhat-puja/traditional-chhath-puja-prasad.html,festival-guide/chhat-puja/traditional-chhath-puja-prasad.html,no,merged,/Users/prashantdhingra/e/a3_output/makarsankranti.net/output/content/festival-guide/chhat-puja/footer.fragment
festival-guide/chhat-puja/index.html,festival-guide/chhat-puja/index.html,no,merged,/Users/prashantdhingra/e/a3_output/makarsankranti.net/output/content/festival-guide/chhat-puja/footer.fragment
festival-guide/chhat-puja/chhath-puja-info.html,festival-guide/chhat-puja/chhath-puja-info.html,no,merged,/Users/prashantdhingra/e/a3_output/makarsankranti.net/output/content/festival-guide/chhat-puja/footer.fragment
festival-guide/chhat-puja/chhath-puja-samagri-list.html,festival-guide/chhat-puja/chhath-puja-samagri-list.html,no,merged,/Users/prashantdhingra/e/a3_output/makarsankranti.net/output/content/festival-guide/chhat-puja/footer.fragment
festival-guide/chhat-puja/chhath-puja-planning-wishes.html,festival-guide/chhat-puja/chhath-puja-planning-wishes.html,no,merged,/Users/prashantdhingra/e/a3_output/makarsankranti.net/output/content/festival-guide/chhat-puja/footer.fragment
festival-guide/chhat-puja/chhath-puja-in-delhi-ncr.html,festival-guide/chhat-puja/chhath-puja-in-delhi-ncr.html,no,merged,/Users/prashantdhingra/e/a3_output/makarsankranti.net/output/content/festival-guide/chhat-puja/footer.fragment
festival-guide/chhat-puja/chhath-puja-songs-geet.html,festival-guide/chhat-puja/chhath-puja-songs-geet.html,no,merged,/Users/prashantdhingra/e/a3_output/makarsankranti.net/output/content/festival-guide/chhat-puja/footer.fragment
festival-guide/chhat-puja/history-origin-significance.html,festival-guide/chhat-puja/history-origin-significance.html,no,merged,/Users/prashantdhingra/e/a3_output/makarsankranti.net/output/content/festival-guide/chhat-puja/footer.fragment
festival-guide/chhat-puja/nahay-khay-rituals.html,festival-guide/chhat-puja/nahay-khay-rituals.html,no,merged,/Users/prashantdhingra/e/a3_output/makarsankranti.net/output/content/festival-guide/chhat-puja/footer.fragment
festival-guide/chhat-puja/usha-arghya-morning-offering.html,festival-guide/chhat-puja/usha-arghya-morning-offering.html,no,merged,/Users/prashantdhingra/e/a3_output/makarsankranti.net/output/content/festival-guide/chhat-puja/footer.fragment
festival-guide/chhat-puja/chhath-puja-in-jharkhand.html,festival-guide/chhat-puja/chhath-puja-in-jharkhand.html,no,merged,/Users/prashantdhingra/e/a3_output/makarsankranti.net/output/content/festival-guide/chhat-puja/footer.fragment
festival-guide/chhat-puja/four-days-of-chhath-puja.html,festival-guide/chhat-puja/four-days-of-chhath-puja.html,no,merged,/Users/prashantdhingra/e/a3_output/makarsankranti.net/output/content/festival-guide/chhat-puja/footer.fragment
festival-guide/chhat-puja/significance-sugarcane-coconut-fruits.html,festival-guide/chhat-puja/significance-sugarcane-coconut-fruits.html,no,merged,/Users/prashantdhingra/e/a3_output/makarsankranti.net/output/content/festival-guide/chhat-puja/footer.fragment
festival-guide/chhat-puja/chhath-puja-samagri-prasad-guide.html,festival-guide/chhat-puja/chhath-puja-samagri-prasad-guide.html,no,merged,/Users/prashantdhingra/e/a3_output/makarsankranti.net/output/content/festival-guide/chhat-puja/footer.fragment
festival-guide/chhat-puja/chhath-puja-history-culture.html,festival-guide/chhat-puja/chhath-puja-history-culture.html,no,merged,/Users/prashantdhingra/e/a3_output/makarsankranti.net/output/content/festival-guide/chhat-puja/footer.fragment
festival-guide/chhat-puja/chhath-puja-vrat-rules.html,festival-guide/chhat-puja/chhath-puja-vrat-rules.html,no,merged,/Users/prashantdhingra/e/a3_output/makarsankranti.net/output/content/festival-guide/chhat-puja/footer.fragment
festival-guide/chhat-puja/how-to-make-thekua-recipe.html,festival-guide/chhat-puja/how-to-make-thekua-recipe.html,no,merged,/Users/prashantdhingra/e/a3_output/makarsankranti.net/output/content/festival-guide/chhat-puja/footer.fragment
festival-guide/chhat-puja/sandhya-arghya-evening-offering.html,festival-guide/chhat-puja/sandhya-arghya-evening-offering.html,no,merged,/Users/prashantdhingra/e/a3_output/makarsankranti.net/output/content/festival-guide/chhat-puja/footer.fragment
festival-guide/chhat-puja/chhath-puja-regional-celebrations.html,festival-guide/chhat-puja/chhath-puja-regional-celebrations.html,no,merged,/Users/prashantdhingra/e/a3_output/makarsankranti.net/output/content/festival-guide/chhat-puja/footer.fragment
festival-guide/chhat-puja/chhath-puja-2026-dates-calendar.html,festival-guide/chhat-puja/chhath-puja-2026-dates-calendar.html,no,merged,/Users/prashantdhingra/e/a3_output/makarsankranti.net/output/content/festival-guide/chhat-puja/footer.fragment
festival-guide/chhat-puja/chhath-puja-wishes-messages.html,festival-guide/chhat-puja/chhath-puja-wishes-messages.html,no,merged,/Users/prashantdhingra/e/a3_output/makarsankranti.net/output/content/festival-guide/chhat-puja/footer.fragment
festival-guide/chhat-puja/chhath-puja-in-bihar.html,festival-guide/chhat-puja/chhath-puja-in-bihar.html,no,merged,/Users/prashantdhingra/e/a3_output/makarsankranti.net/output/content/festival-guide/chhat-puja/footer.fragment
festival-guide/chhat-puja/kharna-puja-vidhi.html,festival-guide/chhat-puja/kharna-puja-vidhi.html,no,merged,/Users/prashantdhingra/e/a3_output/makarsankranti.net/output/content/festival-guide/chhat-puja/footer.fragment
festival-guide/chhat-puja/significance-traditions/chhath-puja-paran-rules.html,festival-guide/chhat-puja/significance-traditions/chhath-puja-paran-rules.html,no,merged,/Users/prashantdhingra/e/a3_output/makarsankranti.net/output/content/festival-guide/chhat-puja/significance-traditions/footer.fragment
festival-guide/chhat-puja/significance-traditions/role-of-women-chhath-puja.html,festival-guide/chhat-puja/significance-traditions/role-of-women-chhath-puja.html,no,merged,/Users/prashantdhingra/e/a3_output/makarsankranti.net/output/content/festival-guide/chhat-puja/significance-traditions/footer.fragment
festival-guide/chhat-puja/significance-traditions/chhath-puja-nepal-terai-traditions.html,festival-guide/chhat-puja/significance-traditions/chhath-puja-nepal-terai-traditions.html,no,merged,/Users/prashantdhingra/e/a3_output/makarsankranti.net/output/content/festival-guide/chhat-puja/significance-traditions/footer.fragment
festival-guide/chhat-puja/significance-traditions/chhath-puja-regions-diaspora-environment.html,festival-guide/chhat-puja/significance-traditions/chhath-puja-regions-diaspora-environment.html,no,merged,/Users/prashantdhingra/e/a3_output/makarsankranti.net/output/content/festival-guide/chhat-puja/significance-traditions/footer.fragment
festival-guide/chhat-puja/significance-traditions/significance-arwa-chawal-chhath.html,festival-guide/chhat-puja/significance-traditions/significance-arwa-chawal-chhath.html,no,merged,/Users/prashantdhingra/e/a3_output/makarsankranti.net/output/content/festival-guide/chhat-puja/significance-traditions/footer.fragment
festival-guide/chhat-puja/significance-traditions/scientific-reasons-behind-chhath.html,festival-guide/chhat-puja/significance-traditions/scientific-reasons-behind-chhath.html,no,merged,/Users/prashantdhingra/e/a3_output/makarsankranti.net/output/content/festival-guide/chhat-puja/significance-traditions/footer.fragment
festival-guide/chhat-puja/significance-traditions/why-garlic-onion-banned-chhath.html,festival-guide/chhat-puja/significance-traditions/why-garlic-onion-banned-chhath.html,no,merged,/Users/prashantdhingra/e/a3_output/makarsankranti.net/output/content/festival-guide/chhat-puja/significance-traditions/footer.fragment
festival-guide/chhat-puja/significance-traditions/how-to-support-vrati-during-fast.html,festival-guide/chhat-puja/significance-traditions/how-to-support-vrati-during-fast.html,no,merged,/Users/prashantdhingra/e/a3_output/makarsankranti.net/output/content/festival-guide/chhat-puja/significance-traditions/footer.fragment
festival-guide/chhat-puja/significance-traditions/environmental-impact-chhath-puja.html,festival-guide/chhat-puja/significance-traditions/environmental-impact-chhath-puja.html,no,merged,/Users/prashantdhingra/e/a3_output/makarsankranti.net/output/content/festival-guide/chhat-puja/significance-traditions/footer.fragment
festival-guide/chhat-puja/significance-traditions/astrological-significance-chhath-puja.html,festival-guide/chhat-puja/significance-traditions/astrological-significance-chhath-puja.html,no,merged,/Users/prashantdhingra/e/a3_output/makarsankranti.net/output/content/festival-guide/chhat-puja/significance-traditions/footer.fragment
festival-guide/chhat-puja/significance-traditions/chhath-puja-mauritius-fiji-caribbean.html,festival-guide/chhat-puja/significance-traditions/chhath-puja-mauritius-fiji-caribbean.html,no,merged,/Users/prashantdhingra/e/a3_output/makarsankranti.net/output/content/festival-guide/chhat-puja/significance-traditions/footer.fragment
festival-guide/chhat-puja/significance-traditions/koshi-bharana-tradition-chhath.html,festival-guide/chhat-puja/significance-traditions/koshi-bharana-tradition-chhath.html,no,merged,/Users/prashantdhingra/e/a3_output/makarsankranti.net/output/content/festival-guide/chhat-puja/significance-traditions/footer.fragment
festival-guide/chhat-puja/significance-traditions/chhath-puja-women-artisans-heritage.html,festival-guide/chhat-puja/significance-traditions/chhath-puja-women-artisans-heritage.html,no,merged,/Users/prashantdhingra/e/a3_output/makarsankranti.net/output/content/festival-guide/chhat-puja/significance-traditions/footer.fragment
festival-guide/chhat-puja/significance-traditions/chhath-puja-wave5.html,festival-guide/chhat-puja/significance-traditions/chhath-puja-wave5.html,no,merged,/Users/prashantdhingra/e/a3_output/makarsankranti.net/output/content/festival-guide/chhat-puja/significance-traditions/footer.fragment
festival-guide/chhat-puja/significance-traditions/chhath-puja-katha-story.html,festival-guide/chhat-puja/significance-traditions/chhath-puja-katha-story.html,no,merged,/Users/prashantdhingra/e/a3_output/makarsankranti.net/output/content/festival-guide/chhat-puja/significance-traditions/footer.fragment
festival-guide/chhat-puja/significance-traditions/kaddu-bhaat-recipe-nahay-khay.html,festival-guide/chhat-puja/significance-traditions/kaddu-bhaat-recipe-nahay-khay.html,no,merged,/Users/prashantdhingra/e/a3_output/makarsankranti.net/output/content/festival-guide/chhat-puja/significance-traditions/footer.fragment
festival-guide/chhat-puja/significance-traditions/surya-arghya-mantras-chhath.html,festival-guide/chhat-puja/significance-traditions/surya-arghya-mantras-chhath.html,no,merged,/Users/prashantdhingra/e/a3_output/makarsankranti.net/output/content/festival-guide/chhat-puja/significance-traditions/footer.fragment
festival-guide/chhat-puja/significance-traditions/health-benefits-chhath-puja-fasting.html,festival-guide/chhat-puja/significance-traditions/health-benefits-chhath-puja-fasting.html,no,merged,/Users/prashantdhingra/e/a3_output/makarsankranti.net/output/content/festival-guide/chhat-puja/significance-traditions/footer.fragment
festival-guide/chhat-puja/significance-traditions/chhath-puja-vrat-support-health-evidence.html,festival-guide/chhat-puja/significance-traditions/chhath-puja-vrat-support-health-evidence.html,no,merged,/Users/prashantdhingra/e/a3_output/makarsankranti.net/output/content/festival-guide/chhat-puja/significance-traditions/footer.fragment
festival-guide/chhat-puja/significance-traditions/role-artisans-daura-soop-chhath.html,festival-guide/chhat-puja/significance-traditions/role-artisans-daura-soop-chhath.html,no,merged,/Users/prashantdhingra/e/a3_output/makarsankranti.net/output/content/festival-guide/chhat-puja/significance-traditions/footer.fragment
festival-guide/chhat-puja/significance-traditions/regional-differences-chhath-bihar-up.html,festival-guide/chhat-puja/significance-traditions/regional-differences-chhath-bihar-up.html,no,merged,/Users/prashantdhingra/e/a3_output/makarsankranti.net/output/content/festival-guide/chhat-puja/significance-traditions/footer.fragment
festival-guide/chhat-puja/significance-traditions/importance-turmeric-ginger-chhath-soop.html,festival-guide/chhat-puja/significance-traditions/importance-turmeric-ginger-chhath-soop.html,no,merged,/Users/prashantdhingra/e/a3_output/makarsankranti.net/output/content/festival-guide/chhat-puja/significance-traditions/footer.fragment
festival-guide/chhat-puja/significance-traditions/chhath-puja-rice-kaddu-bhaat-ingredients.html,festival-guide/chhat-puja/significance-traditions/chhath-puja-rice-kaddu-bhaat-ingredients.html,no,merged,/Users/prashantdhingra/e/a3_output/makarsankranti.net/output/content/festival-guide/chhat-puja/significance-traditions/footer.fragment
festival-guide/chhat-puja/significance-traditions/history-evolution-chhath-puja.html,festival-guide/chhat-puja/significance-traditions/history-evolution-chhath-puja.html,no,merged,/Users/prashantdhingra/e/a3_output/makarsankranti.net/output/content/festival-guide/chhat-puja/significance-traditions/footer.fragment
festival-guide/chhat-puja/significance-traditions/why-sindoor-nose-to-hairline.html,festival-guide/chhat-puja/significance-traditions/why-sindoor-nose-to-hairline.html,no,merged,/Users/prashantdhingra/e/a3_output/makarsankranti.net/output/content/festival-guide/chhat-puja/significance-traditions/footer.fragment
festival-guide/chhat-puja/song-themes/chhath-puja-diya-traditions.html,festival-guide/chhat-puja/song-themes/chhath-puja-diya-traditions.html,no,merged,/Users/prashantdhingra/e/a3_output/makarsankranti.net/output/content/festival-guide/chhat-puja/song-themes/footer.fragment
festival-guide/chhat-puja/song-themes/chhath-puja-faqs.html,festival-guide/chhat-puja/song-themes/chhath-puja-faqs.html,no,merged,/Users/prashantdhingra/e/a3_output/makarsankranti.net/output/content/festival-guide/chhat-puja/song-themes/footer.fragment
festival-guide/chhat-puja/song-themes/how-to-create-temporary-chhath-ghat.html,festival-guide/chhat-puja/song-themes/how-to-create-temporary-chhath-ghat.html,no,merged,/Users/prashantdhingra/e/a3_output/makarsankranti.net/output/content/festival-guide/chhat-puja/song-themes/footer.fragment
festival-guide/chhat-puja/song-themes/first-time-chhath-vrat.html,festival-guide/chhat-puja/song-themes/first-time-chhath-vrat.html,no,merged,/Users/prashantdhingra/e/a3_output/makarsankranti.net/output/content/festival-guide/chhat-puja/song-themes/footer.fragment
festival-guide/chhat-puja/song-themes/eco-friendly-chhath-puja.html,festival-guide/chhat-puja/song-themes/eco-friendly-chhath-puja.html,no,merged,/Users/prashantdhingra/e/a3_output/makarsankranti.net/output/content/festival-guide/chhat-puja/song-themes/footer.fragment
festival-guide/chhat-puja/song-themes/chhath-puja-basket-decoration.html,festival-guide/chhat-puja/song-themes/chhath-puja-basket-decoration.html,no,merged,/Users/prashantdhingra/e/a3_output/makarsankranti.net/output/content/festival-guide/chhat-puja/song-themes/footer.fragment
festival-guide/chhat-puja/song-themes/common-mistakes-during-chhath.html,festival-guide/chhat-puja/song-themes/common-mistakes-during-chhath.html,no,merged,/Users/prashantdhingra/e/a3_output/makarsankranti.net/output/content/festival-guide/chhat-puja/song-themes/footer.fragment
festival-guide/chhat-puja/song-themes/chhath-puja-for-children.html,festival-guide/chhat-puja/song-themes/chhath-puja-for-children.html,no,merged,/Users/prashantdhingra/e/a3_output/makarsankranti.net/output/content/festival-guide/chhat-puja/song-themes/footer.fragment
festival-guide/chhat-puja/song-themes/chhath-puja-home-ghat-planning.html,festival-guide/chhat-puja/song-themes/chhath-puja-home-ghat-planning.html,no,merged,/Users/prashantdhingra/e/a3_output/makarsankranti.net/output/content/festival-guide/chhat-puja/song-themes/footer.fragment
festival-guide/chhat-puja/song-themes/traditional-fruits-offered-during-chhath.html,festival-guide/chhat-puja/song-themes/traditional-fruits-offered-during-chhath.html,no,merged,/Users/prashantdhingra/e/a3_output/makarsankranti.net/output/content/festival-guide/chhat-puja/song-themes/footer.fragment
festival-guide/chhat-puja/song-themes/chhath-puja-at-home-guide.html,festival-guide/chhat-puja/song-themes/chhath-puja-at-home-guide.html,no,merged,/Users/prashantdhingra/e/a3_output/makarsankranti.net/output/content/festival-guide/chhat-puja/song-themes/footer.fragment
festival-guide/chhat-puja/song-themes/chhath-puja-mehndi-designs.html,festival-guide/chhat-puja/song-themes/chhath-puja-mehndi-designs.html,no,merged,/Users/prashantdhingra/e/a3_output/makarsankranti.net/output/content/festival-guide/chhat-puja/song-themes/footer.fragment
festival-guide/chhat-puja/song-themes/how-families-prepare-for-chhath.html,festival-guide/chhat-puja/song-themes/how-families-prepare-for-chhath.html,no,merged,/Users/prashantdhingra/e/a3_output/makarsankranti.net/output/content/festival-guide/chhat-puja/song-themes/footer.fragment
festival-guide/chhat-puja/song-themes/rasiya-kheer-recipe-chhath.html,festival-guide/chhat-puja/song-themes/rasiya-kheer-recipe-chhath.html,no,merged,/Users/prashantdhingra/e/a3_output/makarsankranti.net/output/content/festival-guide/chhat-puja/song-themes/footer.fragment
festival-guide/chhat-puja/song-themes/what-to-wear-chhath-puja.html,festival-guide/chhat-puja/song-themes/what-to-wear-chhath-puja.html,no,merged,/Users/prashantdhingra/e/a3_output/makarsankranti.net/output/content/festival-guide/chhat-puja/song-themes/footer.fragment
festival-guide/chhat-puja/song-themes/chhath-puja-rules-outside-bihar.html,festival-guide/chhat-puja/song-themes/chhath-puja-rules-outside-bihar.html,no,merged,/Users/prashantdhingra/e/a3_output/makarsankranti.net/output/content/festival-guide/chhat-puja/song-themes/footer.fragment
festival-guide/chhat-puja/song-themes/chhath-puja-offerings-decoration-guide.html,festival-guide/chhat-puja/song-themes/chhath-puja-offerings-decoration-guide.html,no,merged,/Users/prashantdhingra/e/a3_output/makarsankranti.net/output/content/festival-guide/chhat-puja/song-themes/footer.fragment
festival-guide/chhat-puja/song-themes/chhath-puja-family-style-guide.html,festival-guide/chhat-puja/song-themes/chhath-puja-family-style-guide.html,no,merged,/Users/prashantdhingra/e/a3_output/makarsankranti.net/output/content/festival-guide/chhat-puja/song-themes/footer.fragment
festival-guide/chhat-puja/song-themes/chhath-puja-for-beginners.html,festival-guide/chhat-puja/song-themes/chhath-puja-for-beginners.html,no,merged,/Users/prashantdhingra/e/a3_output/makarsankranti.net/output/content/festival-guide/chhat-puja/song-themes/footer.fragment
festival-guide/chhat-puja/song-themes/chhath-puja-thekua-recipe.html,festival-guide/chhat-puja/song-themes/chhath-puja-thekua-recipe.html,no,merged,/Users/prashantdhingra/e/a3_output/makarsankranti.net/output/content/festival-guide/chhat-puja/song-themes/footer.fragment
festival-guide/chhat-puja/song-themes/chhath-puja-wave3.html,festival-guide/chhat-puja/song-themes/chhath-puja-wave3.html,no,merged,/Users/prashantdhingra/e/a3_output/makarsankranti.net/output/content/festival-guide/chhat-puja/song-themes/footer.fragment
festival-guide/chhat-puja/song-themes/chhath-puja-prasad-folk-traditions.html,festival-guide/chhat-puja/song-themes/chhath-puja-prasad-folk-traditions.html,no,merged,/Users/prashantdhingra/e/a3_output/makarsankranti.net/output/content/festival-guide/chhat-puja/song-themes/footer.fragment
festival-guide/chhat-puja/song-themes/chhath-puja-folk-songs-themes.html,festival-guide/chhat-puja/song-themes/chhath-puja-folk-songs-themes.html,no,merged,/Users/prashantdhingra/e/a3_output/makarsankranti.net/output/content/festival-guide/chhat-puja/song-themes/footer.fragment
festival-guide/chhat-puja/song-themes/kasar-recipe-chhath-puja.html,festival-guide/chhat-puja/song-themes/kasar-recipe-chhath-puja.html,no,merged,/Users/prashantdhingra/e/a3_output/makarsankranti.net/output/content/festival-guide/chhat-puja/song-themes/footer.fragment
festival-guide/chhat-puja/song-themes/chhath-puja-saree-ideas.html,festival-guide/chhat-puja/song-themes/chhath-puja-saree-ideas.html,no,merged,/Users/prashantdhingra/e/a3_output/makarsankranti.net/output/content/festival-guide/chhat-puja/song-themes/footer.fragment
festival-guide/chhat-puja/decoration-celebrations/how-to-celebrate-chhath-puja-at-home.html,festival-guide/chhat-puja/decoration-celebrations/how-to-celebrate-chhath-puja-at-home.html,no,merged,/Users/prashantdhingra/e/a3_output/makarsankranti.net/output/content/festival-guide/chhat-puja/decoration-celebrations/footer.fragment
festival-guide/chhat-puja/decoration-celebrations/chhath-puja-wishes-hindi.html,festival-guide/chhat-puja/decoration-celebrations/chhath-puja-wishes-hindi.html,no,merged,/Users/prashantdhingra/e/a3_output/makarsankranti.net/output/content/festival-guide/chhat-puja/decoration-celebrations/footer.fragment
festival-guide/chhat-puja/decoration-celebrations/chhath-puja-in-mumbai.html,festival-guide/chhat-puja/decoration-celebrations/chhath-puja-in-mumbai.html,no,merged,/Users/prashantdhingra/e/a3_output/makarsankranti.net/output/content/festival-guide/chhat-puja/decoration-celebrations/footer.fragment
festival-guide/chhat-puja/decoration-celebrations/chhath-puja-home-preparation-guide.html,festival-guide/chhat-puja/decoration-celebrations/chhath-puja-home-preparation-guide.html,no,merged,/Users/prashantdhingra/e/a3_output/makarsankranti.net/output/content/festival-guide/chhat-puja/decoration-celebrations/footer.fragment
festival-guide/chhat-puja/decoration-celebrations/chhath-puja-in-ranchi.html,festival-guide/chhat-puja/decoration-celebrations/chhath-puja-in-ranchi.html,no,merged,/Users/prashantdhingra/e/a3_output/makarsankranti.net/output/content/festival-guide/chhat-puja/decoration-celebrations/footer.fragment
festival-guide/chhat-puja/decoration-celebrations/chhath-puja-in-gurgaon.html,festival-guide/chhat-puja/decoration-celebrations/chhath-puja-in-gurgaon.html,no,merged,/Users/prashantdhingra/e/a3_output/makarsankranti.net/output/content/festival-guide/chhat-puja/decoration-celebrations/footer.fragment
festival-guide/chhat-puja/decoration-celebrations/chhath-puja-home-decoration.html,festival-guide/chhat-puja/decoration-celebrations/chhath-puja-home-decoration.html,no,merged,/Users/prashantdhingra/e/a3_output/makarsankranti.net/output/content/festival-guide/chhat-puja/decoration-celebrations/footer.fragment
festival-guide/chhat-puja/decoration-celebrations/chhath-puja-whatsapp-status-captions.html,festival-guide/chhat-puja/decoration-celebrations/chhath-puja-whatsapp-status-captions.html,no,merged,/Users/prashantdhingra/e/a3_output/makarsankranti.net/output/content/festival-guide/chhat-puja/decoration-celebrations/footer.fragment
festival-guide/chhat-puja/decoration-celebrations/chhath-puja-delhi-ncr-neighborhoods.html,festival-guide/chhat-puja/decoration-celebrations/chhath-puja-delhi-ncr-neighborhoods.html,no,merged,/Users/prashantdhingra/e/a3_output/makarsankranti.net/output/content/festival-guide/chhat-puja/decoration-celebrations/footer.fragment
festival-guide/chhat-puja/decoration-celebrations/chhath-puja-in-kolkata.html,festival-guide/chhat-puja/decoration-celebrations/chhath-puja-in-kolkata.html,no,merged,/Users/prashantdhingra/e/a3_output/makarsankranti.net/output/content/festival-guide/chhat-puja/decoration-celebrations/footer.fragment
festival-guide/chhat-puja/decoration-celebrations/chhath-puja-in-patna.html,festival-guide/chhat-puja/decoration-celebrations/chhath-puja-in-patna.html,no,merged,/Users/prashantdhingra/e/a3_output/makarsankranti.net/output/content/festival-guide/chhat-puja/decoration-celebrations/footer.fragment
festival-guide/chhat-puja/decoration-celebrations/chhath-puja-in-lucknow.html,festival-guide/chhat-puja/decoration-celebrations/chhath-puja-in-lucknow.html,no,merged,/Users/prashantdhingra/e/a3_output/makarsankranti.net/output/content/festival-guide/chhat-puja/decoration-celebrations/footer.fragment
festival-guide/chhat-puja/decoration-celebrations/chhath-puja-in-delhi.html,festival-guide/chhat-puja/decoration-celebrations/chhath-puja-in-delhi.html,no,merged,/Users/prashantdhingra/e/a3_output/makarsankranti.net/output/content/festival-guide/chhat-puja/decoration-celebrations/footer.fragment
festival-guide/chhat-puja/decoration-celebrations/chhath-puja-images-wallpapers.html,festival-guide/chhat-puja/decoration-celebrations/chhath-puja-images-wallpapers.html,no,merged,/Users/prashantdhingra/e/a3_output/makarsankranti.net/output/content/festival-guide/chhat-puja/decoration-celebrations/footer.fragment
festival-guide/chhat-puja/decoration-celebrations/chhath-puja-metros-usa-guide.html,festival-guide/chhat-puja/decoration-celebrations/chhath-puja-metros-usa-guide.html,no,merged,/Users/prashantdhingra/e/a3_output/makarsankranti.net/output/content/festival-guide/chhat-puja/decoration-celebrations/footer.fragment
festival-guide/chhat-puja/decoration-celebrations/chhath-puja-ghat-decoration.html,festival-guide/chhat-puja/decoration-celebrations/chhath-puja-ghat-decoration.html,no,merged,/Users/prashantdhingra/e/a3_output/makarsankranti.net/output/content/festival-guide/chhat-puja/decoration-celebrations/footer.fragment
festival-guide/chhat-puja/decoration-celebrations/chhath-puja-rangoli-designs.html,festival-guide/chhat-puja/decoration-celebrations/chhath-puja-rangoli-designs.html,no,merged,/Users/prashantdhingra/e/a3_output/makarsankranti.net/output/content/festival-guide/chhat-puja/decoration-celebrations/footer.fragment
festival-guide/chhat-puja/decoration-celebrations/chhath-puja-wave2.html,festival-guide/chhat-puja/decoration-celebrations/chhath-puja-wave2.html,no,merged,/Users/prashantdhingra/e/a3_output/makarsankranti.net/output/content/festival-guide/chhat-puja/decoration-celebrations/footer.fragment
festival-guide/chhat-puja/decoration-celebrations/chhath-puja-in-noida-greater-noida.html,festival-guide/chhat-puja/decoration-celebrations/chhath-puja-in-noida-greater-noida.html,no,merged,/Users/prashantdhingra/e/a3_output/makarsankranti.net/output/content/festival-guide/chhat-puja/decoration-celebrations/footer.fragment
festival-guide/chhat-puja/decoration-celebrations/chhath-puja-in-varanasi.html,festival-guide/chhat-puja/decoration-celebrations/chhath-puja-in-varanasi.html,no,merged,/Users/prashantdhingra/e/a3_output/makarsankranti.net/output/content/festival-guide/chhat-puja/decoration-celebrations/footer.fragment
festival-guide/chhat-puja/decoration-celebrations/chhath-puja-greetings-gallery.html,festival-guide/chhat-puja/decoration-celebrations/chhath-puja-greetings-gallery.html,no,merged,/Users/prashantdhingra/e/a3_output/makarsankranti.net/output/content/festival-guide/chhat-puja/decoration-celebrations/footer.fragment
festival-guide/chhat-puja/decoration-celebrations/chhath-puja-wishes-maithili.html,festival-guide/chhat-puja/decoration-celebrations/chhath-puja-wishes-maithili.html,no,merged,/Users/prashantdhingra/e/a3_output/makarsankranti.net/output/content/festival-guide/chhat-puja/decoration-celebrations/footer.fragment
festival-guide/chhat-puja/decoration-celebrations/chhath-puja-prasad-recipes.html,festival-guide/chhat-puja/decoration-celebrations/chhath-puja-prasad-recipes.html,no,merged,/Users/prashantdhingra/e/a3_output/makarsankranti.net/output/content/festival-guide/chhat-puja/decoration-celebrations/footer.fragment
festival-guide/chhat-puja/decoration-celebrations/chhath-puja-in-usa.html,festival-guide/chhat-puja/decoration-celebrations/chhath-puja-in-usa.html,no,merged,/Users/prashantdhingra/e/a3_output/makarsankranti.net/output/content/festival-guide/chhat-puja/decoration-celebrations/footer.fragment
festival-guide/chhat-puja/decoration-celebrations/chhath-puja-wishes-bhojpuri.html,festival-guide/chhat-puja/decoration-celebrations/chhath-puja-wishes-bhojpuri.html,no,merged,/Users/prashantdhingra/e/a3_output/makarsankranti.net/output/content/festival-guide/chhat-puja/decoration-celebrations/footer.fragment
festival-guide/chhat-puja/ideas/chhath-puja-diya-traditions.html,festival-guide/chhat-puja/ideas/chhath-puja-diya-traditions.html,no,merged,/Users/prashantdhingra/e/a3_output/makarsankranti.net/output/content/festival-guide/chhat-puja/ideas/footer.fragment
festival-guide/chhat-puja/ideas/chhath-puja-faqs.html,festival-guide/chhat-puja/ideas/chhath-puja-faqs.html,no,merged,/Users/prashantdhingra/e/a3_output/makarsankranti.net/output/content/festival-guide/chhat-puja/ideas/footer.fragment
festival-guide/chhat-puja/ideas/how-to-create-temporary-chhath-ghat.html,festival-guide/chhat-puja/ideas/how-to-create-temporary-chhath-ghat.html,no,merged,/Users/prashantdhingra/e/a3_output/makarsankranti.net/output/content/festival-guide/chhat-puja/ideas/footer.fragment
festival-guide/chhat-puja/ideas/first-time-chhath-vrat.html,festival-guide/chhat-puja/ideas/first-time-chhath-vrat.html,no,merged,/Users/prashantdhingra/e/a3_output/makarsankranti.net/output/content/festival-guide/chhat-puja/ideas/footer.fragment
festival-guide/chhat-puja/ideas/eco-friendly-chhath-puja.html,festival-guide/chhat-puja/ideas/eco-friendly-chhath-puja.html,no,merged,/Users/prashantdhingra/e/a3_output/makarsankranti.net/output/content/festival-guide/chhat-puja/ideas/footer.fragment
festival-guide/chhat-puja/ideas/chhath-puja-basket-decoration.html,festival-guide/chhat-puja/ideas/chhath-puja-basket-decoration.html,no,merged,/Users/prashantdhingra/e/a3_output/makarsankranti.net/output/content/festival-guide/chhat-puja/ideas/footer.fragment
festival-guide/chhat-puja/ideas/common-mistakes-during-chhath.html,festival-guide/chhat-puja/ideas/common-mistakes-during-chhath.html,no,merged,/Users/prashantdhingra/e/a3_output/makarsankranti.net/output/content/festival-guide/chhat-puja/ideas/footer.fragment
festival-guide/chhat-puja/ideas/chhath-puja-for-children.html,festival-guide/chhat-puja/ideas/chhath-puja-for-children.html,no,merged,/Users/prashantdhingra/e/a3_output/makarsankranti.net/output/content/festival-guide/chhat-puja/ideas/footer.fragment
festival-guide/chhat-puja/ideas/chhath-puja-home-ghat-planning.html,festival-guide/chhat-puja/ideas/chhath-puja-home-ghat-planning.html,no,merged,/Users/prashantdhingra/e/a3_output/makarsankranti.net/output/content/festival-guide/chhat-puja/ideas/footer.fragment
festival-guide/chhat-puja/ideas/traditional-fruits-offered-during-chhath.html,festival-guide/chhat-puja/ideas/traditional-fruits-offered-during-chhath.html,no,merged,/Users/prashantdhingra/e/a3_output/makarsankranti.net/output/content/festival-guide/chhat-puja/ideas/footer.fragment
festival-guide/chhat-puja/ideas/chhath-puja-at-home-guide.html,festival-guide/chhat-puja/ideas/chhath-puja-at-home-guide.html,no,merged,/Users/prashantdhingra/e/a3_output/makarsankranti.net/output/content/festival-guide/chhat-puja/ideas/footer.fragment
festival-guide/chhat-puja/ideas/chhath-puja-mehndi-designs.html,festival-guide/chhat-puja/ideas/chhath-puja-mehndi-designs.html,no,merged,/Users/prashantdhingra/e/a3_output/makarsankranti.net/output/content/festival-guide/chhat-puja/ideas/footer.fragment
festival-guide/chhat-puja/ideas/how-families-prepare-for-chhath.html,festival-guide/chhat-puja/ideas/how-families-prepare-for-chhath.html,no,merged,/Users/prashantdhingra/e/a3_output/makarsankranti.net/output/content/festival-guide/chhat-puja/ideas/footer.fragment
festival-guide/chhat-puja/ideas/rasiya-kheer-recipe-chhath.html,festival-guide/chhat-puja/ideas/rasiya-kheer-recipe-chhath.html,no,merged,/Users/prashantdhingra/e/a3_output/makarsankranti.net/output/content/festival-guide/chhat-puja/ideas/footer.fragment
festival-guide/chhat-puja/ideas/what-to-wear-chhath-puja.html,festival-guide/chhat-puja/ideas/what-to-wear-chhath-puja.html,no,merged,/Users/prashantdhingra/e/a3_output/makarsankranti.net/output/content/festival-guide/chhat-puja/ideas/footer.fragment
festival-guide/chhat-puja/ideas/chhath-puja-rules-outside-bihar.html,festival-guide/chhat-puja/ideas/chhath-puja-rules-outside-bihar.html,no,merged,/Users/prashantdhingra/e/a3_output/makarsankranti.net/output/content/festival-guide/chhat-puja/ideas/footer.fragment
festival-guide/chhat-puja/ideas/chhath-puja-offerings-decoration-guide.html,festival-guide/chhat-puja/ideas/chhath-puja-offerings-decoration-guide.html,no,merged,/Users/prashantdhingra/e/a3_output/makarsankranti.net/output/content/festival-guide/chhat-puja/ideas/footer.fragment
festival-guide/chhat-puja/ideas/chhath-puja-family-style-guide.html,festival-guide/chhat-puja/ideas/chhath-puja-family-style-guide.html,no,merged,/Users/prashantdhingra/e/a3_output/makarsankranti.net/output/content/festival-guide/chhat-puja/ideas/footer.fragment
festival-guide/chhat-puja/ideas/chhath-puja-for-beginners.html,festival-guide/chhat-puja/ideas/chhath-puja-for-beginners.html,no,merged,/Users/prashantdhingra/e/a3_output/makarsankranti.net/output/content/festival-guide/chhat-puja/ideas/footer.fragment
festival-guide/chhat-puja/ideas/chhath-puja-thekua-recipe.html,festival-guide/chhat-puja/ideas/chhath-puja-thekua-recipe.html,no,merged,/Users/prashantdhingra/e/a3_output/makarsankranti.net/output/content/festival-guide/chhat-puja/ideas/footer.fragment
festival-guide/chhat-puja/ideas/chhath-puja-wave3.html,festival-guide/chhat-puja/ideas/chhath-puja-wave3.html,no,merged,/Users/prashantdhingra/e/a3_output/makarsankranti.net/output/content/festival-guide/chhat-puja/ideas/footer.fragment
festival-guide/chhat-puja/ideas/chhath-puja-prasad-folk-traditions.html,festival-guide/chhat-puja/ideas/chhath-puja-prasad-folk-traditions.html,no,merged,/Users/prashantdhingra/e/a3_output/makarsankranti.net/output/content/festival-guide/chhat-puja/ideas/footer.fragment
festival-guide/chhat-puja/ideas/chhath-puja-folk-songs-themes.html,festival-guide/chhat-puja/ideas/chhath-puja-folk-songs-themes.html,no,merged,/Users/prashantdhingra/e/a3_output/makarsankranti.net/output/content/festival-guide/chhat-puja/ideas/footer.fragment
festival-guide/chhat-puja/ideas/kasar-recipe-chhath-puja.html,festival-guide/chhat-puja/ideas/kasar-recipe-chhath-puja.html,no,merged,/Users/prashantdhingra/e/a3_output/makarsankranti.net/output/content/festival-guide/chhat-puja/ideas/footer.fragment
festival-guide/chhat-puja/ideas/chhath-puja-saree-ideas.html,festival-guide/chhat-puja/ideas/chhath-puja-saree-ideas.html,no,merged,/Users/prashantdhingra/e/a3_output/makarsankranti.net/output/content/festival-guide/chhat-puja/ideas/footer.fragment
festival-guide/chhat-puja/vrat-puja/chhath-puja-outside-india-diaspora.html,festival-guide/chhat-puja/vrat-puja/chhath-puja-outside-india-diaspora.html,no,merged,/Users/prashantdhingra/e/a3_output/makarsankranti.net/output/content/festival-guide/chhat-puja/vrat-puja/footer.fragment
festival-guide/chhat-puja/vrat-puja/chhath-puja-participation-home-abroad.html,festival-guide/chhat-puja/vrat-puja/chhath-puja-participation-home-abroad.html,no,merged,/Users/prashantdhingra/e/a3_output/makarsankranti.net/output/content/festival-guide/chhat-puja/vrat-puja/footer.fragment
festival-guide/chhat-puja/vrat-puja/meaning-of-arghya-chhath-puja.html,festival-guide/chhat-puja/vrat-puja/meaning-of-arghya-chhath-puja.html,no,merged,/Users/prashantdhingra/e/a3_output/makarsankranti.net/output/content/festival-guide/chhat-puja/vrat-puja/footer.fragment
festival-guide/chhat-puja/vrat-puja/chhath-puja-vs-makar-sankranti.html,festival-guide/chhat-puja/vrat-puja/chhath-puja-vs-makar-sankranti.html,no,merged,/Users/prashantdhingra/e/a3_output/makarsankranti.net/output/content/festival-guide/chhat-puja/vrat-puja/footer.fragment
festival-guide/chhat-puja/vrat-puja/chhath-puja-during-pregnancy.html,festival-guide/chhat-puja/vrat-puja/chhath-puja-during-pregnancy.html,no,merged,/Users/prashantdhingra/e/a3_output/makarsankranti.net/output/content/festival-guide/chhat-puja/vrat-puja/footer.fragment
festival-guide/chhat-puja/vrat-puja/why-rising-sun-worshipped-chhath-puja.html,festival-guide/chhat-puja/vrat-puja/why-rising-sun-worshipped-chhath-puja.html,no,merged,/Users/prashantdhingra/e/a3_output/makarsankranti.net/output/content/festival-guide/chhat-puja/vrat-puja/footer.fragment
festival-guide/chhat-puja/vrat-puja/significance-daura-soop-chhath.html,festival-guide/chhat-puja/vrat-puja/significance-daura-soop-chhath.html,no,merged,/Users/prashantdhingra/e/a3_output/makarsankranti.net/output/content/festival-guide/chhat-puja/vrat-puja/footer.fragment
festival-guide/chhat-puja/vrat-puja/elderly-devotees-chhath-vrat.html,festival-guide/chhat-puja/vrat-puja/elderly-devotees-chhath-vrat.html,no,merged,/Users/prashantdhingra/e/a3_output/makarsankranti.net/output/content/festival-guide/chhat-puja/vrat-puja/footer.fragment
festival-guide/chhat-puja/vrat-puja/why-bananas-offered-chhath-puja.html,festival-guide/chhat-puja/vrat-puja/why-bananas-offered-chhath-puja.html,no,merged,/Users/prashantdhingra/e/a3_output/makarsankranti.net/output/content/festival-guide/chhat-puja/vrat-puja/footer.fragment
festival-guide/chhat-puja/vrat-puja/can-chhath-puja-be-observed-without-river.html,festival-guide/chhat-puja/vrat-puja/can-chhath-puja-be-observed-without-river.html,no,merged,/Users/prashantdhingra/e/a3_output/makarsankranti.net/output/content/festival-guide/chhat-puja/vrat-puja/footer.fragment
festival-guide/chhat-puja/vrat-puja/chhath-puja-nature-baskets-sun-festivals.html,festival-guide/chhat-puja/vrat-puja/chhath-puja-nature-baskets-sun-festivals.html,no,merged,/Users/prashantdhingra/e/a3_output/makarsankranti.net/output/content/festival-guide/chhat-puja/vrat-puja/footer.fragment
festival-guide/chhat-puja/vrat-puja/why-seasonal-fruits-important-chhath.html,festival-guide/chhat-puja/vrat-puja/why-seasonal-fruits-important-chhath.html,no,merged,/Users/prashantdhingra/e/a3_output/makarsankranti.net/output/content/festival-guide/chhat-puja/vrat-puja/footer.fragment
festival-guide/chhat-puja/vrat-puja/why-cleanliness-important-chhath.html,festival-guide/chhat-puja/vrat-puja/why-cleanliness-important-chhath.html,no,merged,/Users/prashantdhingra/e/a3_output/makarsankranti.net/output/content/festival-guide/chhat-puja/vrat-puja/footer.fragment
festival-guide/chhat-puja/vrat-puja/why-chhath-puja-difficult-vrat.html,festival-guide/chhat-puja/vrat-puja/why-chhath-puja-difficult-vrat.html,no,merged,/Users/prashantdhingra/e/a3_output/makarsankranti.net/output/content/festival-guide/chhat-puja/vrat-puja/footer.fragment
festival-guide/chhat-puja/vrat-puja/chhath-puja-wave4.html,festival-guide/chhat-puja/vrat-puja/chhath-puja-wave4.html,no,merged,/Users/prashantdhingra/e/a3_output/makarsankranti.net/output/content/festival-guide/chhat-puja/vrat-puja/footer.fragment
festival-guide/chhat-puja/vrat-puja/why-sugarcane-used-chhath-puja.html,festival-guide/chhat-puja/vrat-puja/why-sugarcane-used-chhath-puja.html,no,merged,/Users/prashantdhingra/e/a3_output/makarsankranti.net/output/content/festival-guide/chhat-puja/vrat-puja/footer.fragment
festival-guide/chhat-puja/vrat-puja/why-coconut-offered-chhath-puja.html,festival-guide/chhat-puja/vrat-puja/why-coconut-offered-chhath-puja.html,no,merged,/Users/prashantdhingra/e/a3_output/makarsankranti.net/output/content/festival-guide/chhat-puja/vrat-puja/footer.fragment
festival-guide/chhat-puja/vrat-puja/chhath-puja-offerings-symbolism.html,festival-guide/chhat-puja/vrat-puja/chhath-puja-offerings-symbolism.html,no,merged,/Users/prashantdhingra/e/a3_output/makarsankranti.net/output/content/festival-guide/chhat-puja/vrat-puja/footer.fragment
festival-guide/chhat-puja/vrat-puja/chhath-puja-vs-surya-puja.html,festival-guide/chhat-puja/vrat-puja/chhath-puja-vs-surya-puja.html,no,merged,/Users/prashantdhingra/e/a3_output/makarsankranti.net/output/content/festival-guide/chhat-puja/vrat-puja/footer.fragment
festival-guide/chhat-puja/vrat-puja/why-chhath-puja-near-rivers.html,festival-guide/chhat-puja/vrat-puja/why-chhath-puja-near-rivers.html,no,merged,/Users/prashantdhingra/e/a3_output/makarsankranti.net/output/content/festival-guide/chhat-puja/vrat-puja/footer.fragment
festival-guide/chhat-puja/vrat-puja/chhath-puja-vrat-purity-meanings.html,festival-guide/chhat-puja/vrat-puja/chhath-puja-vrat-purity-meanings.html,no,merged,/Users/prashantdhingra/e/a3_output/makarsankranti.net/output/content/festival-guide/chhat-puja/vrat-puja/footer.fragment
festival-guide/chhat-puja/vrat-puja/why-salt-avoided-chhath-puja.html,festival-guide/chhat-puja/vrat-puja/why-salt-avoided-chhath-puja.html,no,merged,/Users/prashantdhingra/e/a3_output/makarsankranti.net/output/content/festival-guide/chhat-puja/vrat-puja/footer.fragment
festival-guide/chhat-puja/vrat-puja/why-stand-in-water-chhath-puja.html,festival-guide/chhat-puja/vrat-puja/why-stand-in-water-chhath-puja.html,no,merged,/Users/prashantdhingra/e/a3_output/makarsankranti.net/output/content/festival-guide/chhat-puja/vrat-puja/footer.fragment
festival-guide/chhat-puja/vrat-puja/why-setting-sun-worshipped-chhath-puja.html,festival-guide/chhat-puja/vrat-puja/why-setting-sun-worshipped-chhath-puja.html,no,merged,/Users/prashantdhingra/e/a3_output/makarsankranti.net/output/content/festival-guide/chhat-puja/vrat-puja/footer.fragment
festival-guide/chhat-puja/vrat-puja/why-thekua-offered-chhath-puja.html,festival-guide/chhat-puja/vrat-puja/why-thekua-offered-chhath-puja.html,no,merged,/Users/prashantdhingra/e/a3_output/makarsankranti.net/output/content/festival-guide/chhat-puja/vrat-puja/footer.fragment
festival-guide/christmas/uk-pantomime-christmas-crackers.html,festival-guide/christmas/uk-pantomime-christmas-crackers.html,no,merged,/Users/prashantdhingra/e/a3_output/makarsankranti.net/output/content/festival-guide/christmas/footer.fragment
festival-guide/christmas/rockefeller-center-christmas-tree.html,festival-guide/christmas/rockefeller-center-christmas-tree.html,no,merged,/Users/prashantdhingra/e/a3_output/makarsankranti.net/output/content/festival-guide/christmas/footer.fragment
festival-guide/christmas/index.html,festival-guide/christmas/index.html,no,merged,/Users/prashantdhingra/e/a3_output/makarsankranti.net/output/content/festival-guide/christmas/footer.fragment
festival-guide/christmas/suburban-christmas-light-displays.html,festival-guide/christmas/suburban-christmas-light-displays.html,no,merged,/Users/prashantdhingra/e/a3_output/makarsankranti.net/output/content/festival-guide/christmas/footer.fragment
festival-guide/christmas/real-vs-artificial-christmas-trees.html,festival-guide/christmas/real-vs-artificial-christmas-trees.html,no,merged,/Users/prashantdhingra/e/a3_output/makarsankranti.net/output/content/festival-guide/christmas/footer.fragment
festival-guide/christmas/german-christmas-markets-christkindlmarkt.html,festival-guide/christmas/german-christmas-markets-christkindlmarkt.html,no,merged,/Users/prashantdhingra/e/a3_output/makarsankranti.net/output/content/festival-guide/christmas/footer.fragment
festival-guide/christmas/best-european-christmas-destinations.html,festival-guide/christmas/best-european-christmas-destinations.html,no,merged,/Users/prashantdhingra/e/a3_output/makarsankranti.net/output/content/festival-guide/christmas/footer.fragment
festival-guide/christmas/nochebuena-us-hispanic-traditions.html,festival-guide/christmas/nochebuena-us-hispanic-traditions.html,no,merged,/Users/prashantdhingra/e/a3_output/makarsankranti.net/output/content/festival-guide/christmas/footer.fragment
festival-guide/christmas/krampus-alpine-christmas-folklore.html,festival-guide/christmas/krampus-alpine-christmas-folklore.html,no,merged,/Users/prashantdhingra/e/a3_output/makarsankranti.net/output/content/festival-guide/christmas/footer.fragment
festival-guide/christmas/american-christmas-drinks-eggnog-cider-tom-jerry.html,festival-guide/christmas/american-christmas-drinks-eggnog-cider-tom-jerry.html,no,merged,/Users/prashantdhingra/e/a3_output/makarsankranti.net/output/content/festival-guide/christmas/footer.fragment
festival-guide/christmas/history-tinsel-christmas-ornaments.html,festival-guide/christmas/history-tinsel-christmas-ornaments.html,no,merged,/Users/prashantdhingra/e/a3_output/makarsankranti.net/output/content/festival-guide/christmas/footer.fragment
festival-guide/christmas/victorian-roots-modern-christmas.html,festival-guide/christmas/victorian-roots-modern-christmas.html,no,merged,/Users/prashantdhingra/e/a3_output/makarsankranti.net/output/content/festival-guide/christmas/footer.fragment
festival-guide/christmas/history-of-mall-santa.html,festival-guide/christmas/history-of-mall-santa.html,no,merged,/Users/prashantdhingra/e/a3_output/makarsankranti.net/output/content/festival-guide/christmas/footer.fragment
festival-guide/christmas/wigilia-christmas-eve-feast.html,festival-guide/christmas/wigilia-christmas-eve-feast.html,no,merged,/Users/prashantdhingra/e/a3_output/makarsankranti.net/output/content/festival-guide/christmas/footer.fragment
festival-guide/christmas/polar-express-holiday-train-rides.html,festival-guide/christmas/polar-express-holiday-train-rides.html,no,merged,/Users/prashantdhingra/e/a3_output/makarsankranti.net/output/content/festival-guide/christmas/footer.fragment
festival-guide/christmas/christmas-eve-vs-christmas-morning-gifts.html,festival-guide/christmas/christmas-eve-vs-christmas-morning-gifts.html,no,merged,/Users/prashantdhingra/e/a3_output/makarsankranti.net/output/content/festival-guide/christmas/footer.fragment
festival-guide/christmas/european-christmas-baking-panettone-stollen-buche.html,festival-guide/christmas/european-christmas-baking-panettone-stollen-buche.html,no,merged,/Users/prashantdhingra/e/a3_output/makarsankranti.net/output/content/festival-guide/christmas/footer.fragment
festival-guide/christmas/father-christmas-vs-santa-claus.html,festival-guide/christmas/father-christmas-vs-santa-claus.html,no,merged,/Users/prashantdhingra/e/a3_output/makarsankranti.net/output/content/festival-guide/christmas/footer.fragment
festival-guide/christmas/saint-lucia-day-sweden.html,festival-guide/christmas/saint-lucia-day-sweden.html,no,merged,/Users/prashantdhingra/e/a3_output/makarsankranti.net/output/content/festival-guide/christmas/footer.fragment
festival-guide/christmas/low-waste-christmas-decorating.html,festival-guide/christmas/low-waste-christmas-decorating.html,no,merged,/Users/prashantdhingra/e/a3_output/makarsankranti.net/output/content/festival-guide/christmas/footer.fragment
festival-guide/christmas/christmas-main-courses-us-europe.html,festival-guide/christmas/christmas-main-courses-us-europe.html,no,merged,/Users/prashantdhingra/e/a3_output/makarsankranti.net/output/content/festival-guide/christmas/footer.fragment
festival-guide/thanksgiving/ultimate-thanksgiving-turkey-prep-guide.html,festival-guide/thanksgiving/ultimate-thanksgiving-turkey-prep-guide.html,no,merged,/Users/prashantdhingra/e/a3_output/makarsankranti.net/output/content/festival-guide/thanksgiving/footer.fragment
festival-guide/thanksgiving/myths-vs-reality-1621-thanksgiving.html,festival-guide/thanksgiving/myths-vs-reality-1621-thanksgiving.html,no,merged,/Users/prashantdhingra/e/a3_output/makarsankranti.net/output/content/festival-guide/thanksgiving/footer.fragment
festival-guide/thanksgiving/thanksgiving-gratitude-practices.html,festival-guide/thanksgiving/thanksgiving-gratitude-practices.html,no,merged,/Users/prashantdhingra/e/a3_output/makarsankranti.net/output/content/festival-guide/thanksgiving/footer.fragment
festival-guide/thanksgiving/macys-thanksgiving-day-parade-history.html,festival-guide/thanksgiving/macys-thanksgiving-day-parade-history.html,no,merged,/Users/prashantdhingra/e/a3_output/makarsankranti.net/output/content/festival-guide/thanksgiving/footer.fragment
festival-guide/thanksgiving/plant-based-thanksgiving-feast.html,festival-guide/thanksgiving/plant-based-thanksgiving-feast.html,no,merged,/Users/prashantdhingra/e/a3_output/makarsankranti.net/output/content/festival-guide/thanksgiving/footer.fragment
festival-guide/thanksgiving/budget-friendly-thanksgiving-dinner.html,festival-guide/thanksgiving/budget-friendly-thanksgiving-dinner.html,no,merged,/Users/prashantdhingra/e/a3_output/makarsankranti.net/output/content/festival-guide/thanksgiving/footer.fragment
festival-guide/thanksgiving/mindful-eating-thanksgiving.html,festival-guide/thanksgiving/mindful-eating-thanksgiving.html,no,merged,/Users/prashantdhingra/e/a3_output/makarsankranti.net/output/content/festival-guide/thanksgiving/footer.fragment
festival-guide/thanksgiving/thanksgiving-giving-back-locally.html,festival-guide/thanksgiving/thanksgiving-giving-back-locally.html,no,merged,/Users/prashantdhingra/e/a3_output/makarsankranti.net/output/content/festival-guide/thanksgiving/footer.fragment
festival-guide/thanksgiving/overview.html,festival-guide/thanksgiving/overview.html,no,merged,/Users/prashantdhingra/e/a3_output/makarsankranti.net/output/content/festival-guide/thanksgiving/footer.fragment
festival-guide/thanksgiving/presidential-turkey-pardon-history.html,festival-guide/thanksgiving/presidential-turkey-pardon-history.html,no,merged,/Users/prashantdhingra/e/a3_output/makarsankranti.net/output/content/festival-guide/thanksgiving/footer.fragment
festival-guide/thanksgiving/autumn-thanksgiving-tablescapes.html,festival-guide/thanksgiving/autumn-thanksgiving-tablescapes.html,no,merged,/Users/prashantdhingra/e/a3_output/makarsankranti.net/output/content/festival-guide/thanksgiving/footer.fragment
festival-guide/thanksgiving/thanksgiving-classic-sides-upgrades.html,festival-guide/thanksgiving/thanksgiving-classic-sides-upgrades.html,no,merged,/Users/prashantdhingra/e/a3_output/makarsankranti.net/output/content/festival-guide/thanksgiving/footer.fragment
festival-guide/thanksgiving/thanksgiving-football-history.html,festival-guide/thanksgiving/thanksgiving-football-history.html,no,merged,/Users/prashantdhingra/e/a3_output/makarsankranti.net/output/content/festival-guide/thanksgiving/footer.fragment
festival-guide/thanksgiving/national-day-of-mourning-thanksgiving.html,festival-guide/thanksgiving/national-day-of-mourning-thanksgiving.html,no,merged,/Users/prashantdhingra/e/a3_output/makarsankranti.net/output/content/festival-guide/thanksgiving/footer.fragment
festival-guide/thanksgiving/thanksgiving-abroad-expat-guide.html,festival-guide/thanksgiving/thanksgiving-abroad-expat-guide.html,no,merged,/Users/prashantdhingra/e/a3_output/makarsankranti.net/output/content/festival-guide/thanksgiving/footer.fragment
festival-guide/thanksgiving/thanksgiving-wine-pairing-guide.html,festival-guide/thanksgiving/thanksgiving-wine-pairing-guide.html,no,merged,/Users/prashantdhingra/e/a3_output/makarsankranti.net/output/content/festival-guide/thanksgiving/footer.fragment
festival-guide/thanksgiving/stress-free-thanksgiving-prep-timeline.html,festival-guide/thanksgiving/stress-free-thanksgiving-prep-timeline.html,no,merged,/Users/prashantdhingra/e/a3_output/makarsankranti.net/output/content/festival-guide/thanksgiving/footer.fragment
festival-guide/thanksgiving/awkward-family-dynamics-thanksgiving.html,festival-guide/thanksgiving/awkward-family-dynamics-thanksgiving.html,no,merged,/Users/prashantdhingra/e/a3_output/makarsankranti.net/output/content/festival-guide/thanksgiving/footer.fragment
festival-guide/thanksgiving/post-dinner-family-activities.html,festival-guide/thanksgiving/post-dinner-family-activities.html,no,merged,/Users/prashantdhingra/e/a3_output/makarsankranti.net/output/content/festival-guide/thanksgiving/footer.fragment
festival-guide/thanksgiving/friendsgiving-hosting-playbook.html,festival-guide/thanksgiving/friendsgiving-hosting-playbook.html,no,merged,/Users/prashantdhingra/e/a3_output/makarsankranti.net/output/content/festival-guide/thanksgiving/footer.fragment
festival-guide/thanksgiving/thanksgiving-leftover-recipes.html,festival-guide/thanksgiving/thanksgiving-leftover-recipes.html,no,merged,/Users/prashantdhingra/e/a3_output/makarsankranti.net/output/content/festival-guide/thanksgiving/footer.fragment
festival-guide/durga-puja/kumartuli-kolkata-idol-makers.html,festival-guide/durga-puja/kumartuli-kolkata-idol-makers.html,no,merged,/Users/prashantdhingra/e/a3_output/makarsankranti.net/output/content/festival-guide/durga-puja/footer.fragment
festival-guide/durga-puja/sandhi-puja-ashtami-navami.html,festival-guide/durga-puja/sandhi-puja-ashtami-navami.html,no,merged,/Users/prashantdhingra/e/a3_output/makarsankranti.net/output/content/festival-guide/durga-puja/footer.fragment
festival-guide/durga-puja/eco-friendly-sustainable-durga-puja.html,festival-guide/durga-puja/eco-friendly-sustainable-durga-puja.html,no,merged,/Users/prashantdhingra/e/a3_output/makarsankranti.net/output/content/festival-guide/durga-puja/footer.fragment
festival-guide/durga-puja/mahalaya-chandi-path-birendra-krishna-bhadra.html,festival-guide/durga-puja/mahalaya-chandi-path-birendra-krishna-bhadra.html,no,merged,/Users/prashantdhingra/e/a3_output/makarsankranti.net/output/content/festival-guide/durga-puja/footer.fragment
festival-guide/durga-puja/navapatrika-kola-bou-symbolism.html,festival-guide/durga-puja/navapatrika-kola-bou-symbolism.html,no,merged,/Users/prashantdhingra/e/a3_output/makarsankranti.net/output/content/festival-guide/durga-puja/footer.fragment
festival-guide/durga-puja/durga-puja-festival-economy.html,festival-guide/durga-puja/durga-puja-festival-economy.html,no,merged,/Users/prashantdhingra/e/a3_output/makarsankranti.net/output/content/festival-guide/durga-puja/footer.fragment
festival-guide/durga-puja/sindoor-khela-vijayadashami.html,festival-guide/durga-puja/sindoor-khela-vijayadashami.html,no,merged,/Users/prashantdhingra/e/a3_output/makarsankranti.net/output/content/festival-guide/durga-puja/footer.fragment
festival-guide/durga-puja/overview.html,festival-guide/durga-puja/overview.html,no,merged,/Users/prashantdhingra/e/a3_output/makarsankranti.net/output/content/festival-guide/durga-puja/footer.fragment
festival-guide/durga-puja/chandannagar-light-artists-durga-puja.html,festival-guide/durga-puja/chandannagar-light-artists-durga-puja.html,no,merged,/Users/prashantdhingra/e/a3_output/makarsankranti.net/output/content/festival-guide/durga-puja/footer.fragment
festival-guide/durga-puja/dhak-dhunuchi-sensory-durga-puja.html,festival-guide/durga-puja/dhak-dhunuchi-sensory-durga-puja.html,no,merged,/Users/prashantdhingra/e/a3_output/makarsankranti.net/output/content/festival-guide/durga-puja/footer.fragment
festival-guide/durga-puja/inclusive-modern-durga-puja-pandals.html,festival-guide/durga-puja/inclusive-modern-durga-puja-pandals.html,no,merged,/Users/prashantdhingra/e/a3_output/makarsankranti.net/output/content/festival-guide/durga-puja/footer.fragment
festival-guide/durga-puja/durga-puja-fashion-lal-par-fusion.html,festival-guide/durga-puja/durga-puja-fashion-lal-par-fusion.html,no,merged,/Users/prashantdhingra/e/a3_output/makarsankranti.net/output/content/festival-guide/durga-puja/footer.fragment
festival-guide/durga-puja/durga-puja-food-guide-bhog-street-food.html,festival-guide/durga-puja/durga-puja-food-guide-bhog-street-food.html,no,merged,/Users/prashantdhingra/e/a3_output/makarsankranti.net/output/content/festival-guide/durga-puja/footer.fragment
festival-guide/durga-puja/global-sharadotsav-bengali-diaspora.html,festival-guide/durga-puja/global-sharadotsav-bengali-diaspora.html,no,merged,/Users/prashantdhingra/e/a3_output/makarsankranti.net/output/content/festival-guide/durga-puja/footer.fragment
festival-guide/durga-puja/bonedi-bari-durga-puja-heritage.html,festival-guide/durga-puja/bonedi-bari-durga-puja-heritage.html,no,merged,/Users/prashantdhingra/e/a3_output/makarsankranti.net/output/content/festival-guide/durga-puja/footer.fragment
festival-guide/durga-puja/ten-weapons-goddess-durga-symbolism.html,festival-guide/durga-puja/ten-weapons-goddess-durga-symbolism.html,no,merged,/Users/prashantdhingra/e/a3_output/makarsankranti.net/output/content/festival-guide/durga-puja/footer.fragment
festival-guide/durga-puja/evolution-theme-pandals-durga-puja.html,festival-guide/durga-puja/evolution-theme-pandals-durga-puja.html,no,merged,/Users/prashantdhingra/e/a3_output/makarsankranti.net/output/content/festival-guide/durga-puja/footer.fragment
festival-guide/durga-puja/bodhon-chokhu-dan-durga-puja.html,festival-guide/durga-puja/bodhon-chokhu-dan-durga-puja.html,no,merged,/Users/prashantdhingra/e/a3_output/makarsankranti.net/output/content/festival-guide/durga-puja/footer.fragment
festival-guide/durga-puja/durga-puja-pandal-hopping-survival-guide.html,festival-guide/durga-puja/durga-puja-pandal-hopping-survival-guide.html,no,merged,/Users/prashantdhingra/e/a3_output/makarsankranti.net/output/content/festival-guide/durga-puja/footer.fragment
festival-guide/durga-puja/unesco-durga-puja-cultural-heritage.html,festival-guide/durga-puja/unesco-durga-puja-cultural-heritage.html,no,merged,/Users/prashantdhingra/e/a3_output/makarsankranti.net/output/content/festival-guide/durga-puja/footer.fragment
festival-guide/durga-puja/agamani-songs-durga-puja-nostalgia.html,festival-guide/durga-puja/agamani-songs-durga-puja-nostalgia.html,no,merged,/Users/prashantdhingra/e/a3_output/makarsankranti.net/output/content/festival-guide/durga-puja/footer.fragment
festival-guide/gudi-padwa/spiritual-science-symbolism-of-gudi.html,festival-guide/gudi-padwa/spiritual-science-symbolism-of-gudi.html,no,merged,/Users/prashantdhingra/e/a3_output/makarsankranti.net/output/content/festival-guide/gudi-padwa/footer.fragment
festival-guide/gudi-padwa/index.html,festival-guide/gudi-padwa/index.html,no,merged,/Users/prashantdhingra/e/a3_output/makarsankranti.net/output/content/festival-guide/gudi-padwa/footer.fragment
festival-guide/gudi-padwa/astronomical-significance-lunisolar-calendar.html,festival-guide/gudi-padwa/astronomical-significance-lunisolar-calendar.html,no,merged,/Users/prashantdhingra/e/a3_output/makarsankranti.net/output/content/festival-guide/gudi-padwa/footer.fragment
festival-guide/gudi-padwa/lesser-known-maharashtrian-delicacies.html,festival-guide/gudi-padwa/lesser-known-maharashtrian-delicacies.html,no,merged,/Users/prashantdhingra/e/a3_output/makarsankranti.net/output/content/festival-guide/gudi-padwa/footer.fragment
festival-guide/gudi-padwa/chaitra-navratri-and-gudi-padwa.html,festival-guide/gudi-padwa/chaitra-navratri-and-gudi-padwa.html,no,merged,/Users/prashantdhingra/e/a3_output/makarsankranti.net/output/content/festival-guide/gudi-padwa/footer.fragment
festival-guide/gudi-padwa/neem-jaggery-tradition-gudi-padwa.html,festival-guide/gudi-padwa/neem-jaggery-tradition-gudi-padwa.html,no,merged,/Users/prashantdhingra/e/a3_output/makarsankranti.net/output/content/festival-guide/gudi-padwa/footer.fragment
festival-guide/gudi-padwa/gudi-padwa-ugadi-cheti-chand.html,festival-guide/gudi-padwa/gudi-padwa-ugadi-cheti-chand.html,no,merged,/Users/prashantdhingra/e/a3_output/makarsankranti.net/output/content/festival-guide/gudi-padwa/footer.fragment
festival-guide/gudi-padwa/puran-poli-recipe-tips.html,festival-guide/gudi-padwa/puran-poli-recipe-tips.html,no,merged,/Users/prashantdhingra/e/a3_output/makarsankranti.net/output/content/festival-guide/gudi-padwa/footer.fragment
festival-guide/gudi-padwa/gudi-padwa-maharashtrian-diaspora.html,festival-guide/gudi-padwa/gudi-padwa-maharashtrian-diaspora.html,no,merged,/Users/prashantdhingra/e/a3_output/makarsankranti.net/output/content/festival-guide/gudi-padwa/footer.fragment
festival-guide/gudi-padwa/eco-friendly-gudi-padwa.html,festival-guide/gudi-padwa/eco-friendly-gudi-padwa.html,no,merged,/Users/prashantdhingra/e/a3_output/makarsankranti.net/output/content/festival-guide/gudi-padwa/footer.fragment
festival-guide/gudi-padwa/gudi-padwa-rangoli-designs.html,festival-guide/gudi-padwa/gudi-padwa-rangoli-designs.html,no,merged,/Users/prashantdhingra/e/a3_output/makarsankranti.net/output/content/festival-guide/gudi-padwa/footer.fragment
festival-guide/gudi-padwa/mens-gudi-padwa-fashion-pheta-kurta.html,festival-guide/gudi-padwa/mens-gudi-padwa-fashion-pheta-kurta.html,no,merged,/Users/prashantdhingra/e/a3_output/makarsankranti.net/output/content/festival-guide/gudi-padwa/footer.fragment
festival-guide/gudi-padwa/gudi-padwa-for-children-next-generation.html,festival-guide/gudi-padwa/gudi-padwa-for-children-next-generation.html,no,merged,/Users/prashantdhingra/e/a3_output/makarsankranti.net/output/content/festival-guide/gudi-padwa/footer.fragment
festival-guide/gudi-padwa/nauvari-saree-beginners-guide.html,festival-guide/gudi-padwa/nauvari-saree-beginners-guide.html,no,merged,/Users/prashantdhingra/e/a3_output/makarsankranti.net/output/content/festival-guide/gudi-padwa/footer.fragment
festival-guide/gudi-padwa/traditional-gudi-padwa-feast.html,festival-guide/gudi-padwa/traditional-gudi-padwa-feast.html,no,merged,/Users/prashantdhingra/e/a3_output/makarsankranti.net/output/content/festival-guide/gudi-padwa/footer.fragment
festival-guide/gudi-padwa/mythology-behind-gudi-padwa.html,festival-guide/gudi-padwa/mythology-behind-gudi-padwa.html,no,merged,/Users/prashantdhingra/e/a3_output/makarsankranti.net/output/content/festival-guide/gudi-padwa/footer.fragment
festival-guide/gudi-padwa/panchang-shravan-gudi-padwa.html,festival-guide/gudi-padwa/panchang-shravan-gudi-padwa.html,no,merged,/Users/prashantdhingra/e/a3_output/makarsankranti.net/output/content/festival-guide/gudi-padwa/footer.fragment
festival-guide/gudi-padwa/mango-leaf-marigold-toran.html,festival-guide/gudi-padwa/mango-leaf-marigold-toran.html,no,merged,/Users/prashantdhingra/e/a3_output/makarsankranti.net/output/content/festival-guide/gudi-padwa/footer.fragment
festival-guide/gudi-padwa/gudi-padwa-homemade-gifts.html,festival-guide/gudi-padwa/gudi-padwa-homemade-gifts.html,no,merged,/Users/prashantdhingra/e/a3_output/makarsankranti.net/output/content/festival-guide/gudi-padwa/footer.fragment
festival-guide/gudi-padwa/how-to-hoist-gudi-at-home.html,festival-guide/gudi-padwa/how-to-hoist-gudi-at-home.html,no,merged,/Users/prashantdhingra/e/a3_output/makarsankranti.net/output/content/festival-guide/gudi-padwa/footer.fragment
festival-guide/gudi-padwa/maratha-legacy-shivaji-gudi-padwa.html,festival-guide/gudi-padwa/maratha-legacy-shivaji-gudi-padwa.html,no,merged,/Users/prashantdhingra/e/a3_output/makarsankranti.net/output/content/festival-guide/gudi-padwa/footer.fragment
pitru-paksha-shraddh/pitru-paksha-calendar.html,pitru-paksha-shraddh/pitru-paksha-calendar.html,no,merged,/Users/prashantdhingra/e/a3_output/makarsankranti.net/output/content/pitru-paksha-shraddh/footer.fragment
pitru-paksha-shraddh/shraddha-memory-maker.html,pitru-paksha-shraddh/shraddha-memory-maker.html,no,merged,/Users/prashantdhingra/e/a3_output/makarsankranti.net/output/content/pitru-paksha-shraddh/footer.fragment
pitru-paksha-shraddh/index.html,pitru-paksha-shraddh/index.html,no,merged,/Users/prashantdhingra/e/a3_output/makarsankranti.net/output/content/pitru-paksha-shraddh/footer.fragment
pitru-paksha-shraddh/what-is-pitru-paksha-shraddha.html,pitru-paksha-shraddh/what-is-pitru-paksha-shraddha.html,no,merged,/Users/prashantdhingra/e/a3_output/makarsankranti.net/output/content/pitru-paksha-shraddh/footer.fragment
pitru-paksha-shraddh/pitru-paksha-2027-dates-tithis-calendar-and-timing/index.html,pitru-paksha-shraddh/pitru-paksha-2027-dates-tithis-calendar-and-timing/index.html,no,merged,/Users/prashantdhingra/e/a3_output/makarsankranti.net/output/content/pitru-paksha-shraddh/pitru-paksha-2027-dates-tithis-calendar-and-timing/footer.fragment
pitru-paksha-shraddh/pitru-paksha-2027-dates-tithis-calendar-and-timing/pitru-paksha-2027-in-australia-date-and-timing-considerations.html,pitru-paksha-shraddh/pitru-paksha-2027-dates-tithis-calendar-and-timing/pitru-paksha-2027-in-australia-date-and-timing-considerations.html,no,merged,/Users/prashantdhingra/e/a3_output/makarsankranti.net/output/content/pitru-paksha-shraddh/pitru-paksha-2027-dates-tithis-calendar-and-timing/footer.fragment
pitru-paksha-shraddh/pitru-paksha-2027-dates-tithis-calendar-and-timing/pitru-paksha-2027-faq-dates-tithis-timing-and-observance.html,pitru-paksha-shraddh/pitru-paksha-2027-dates-tithis-calendar-and-timing/pitru-paksha-2027-faq-dates-tithis-timing-and-observance.html,no,merged,/Users/prashantdhingra/e/a3_output/makarsankranti.net/output/content/pitru-paksha-shraddh/pitru-paksha-2027-dates-tithis-calendar-and-timing/footer.fragment
pitru-paksha-shraddh/pitru-paksha-2027-dates-tithis-calendar-and-timing/what-if-you-do-not-know-an-ancestors-death-tithi.html,pitru-paksha-shraddh/pitru-paksha-2027-dates-tithis-calendar-and-timing/what-if-you-do-not-know-an-ancestors-death-tithi.html,no,merged,/Users/prashantdhingra/e/a3_output/makarsankranti.net/output/content/pitru-paksha-shraddh/pitru-paksha-2027-dates-tithis-calendar-and-timing/footer.fragment
pitru-paksha-shraddh/pitru-paksha-2027-dates-tithis-calendar-and-timing/can-shraddha-be-performed-on-sarva-pitru-amavasya-for-all-ancestors.html,pitru-paksha-shraddh/pitru-paksha-2027-dates-tithis-calendar-and-timing/can-shraddha-be-performed-on-sarva-pitru-amavasya-for-all-ancestors.html,no,merged,/Users/prashantdhingra/e/a3_output/makarsankranti.net/output/content/pitru-paksha-shraddh/pitru-paksha-2027-dates-tithis-calendar-and-timing/footer.fragment
pitru-paksha-shraddh/pitru-paksha-2027-dates-tithis-calendar-and-timing/pitru-paksha-date-vs-shraddha-tithi-what-is-the-difference.html,pitru-paksha-shraddh/pitru-paksha-2027-dates-tithis-calendar-and-timing/pitru-paksha-date-vs-shraddha-tithi-what-is-the-difference.html,no,merged,/Users/prashantdhingra/e/a3_output/makarsankranti.net/output/content/pitru-paksha-shraddh/pitru-paksha-2027-dates-tithis-calendar-and-timing/footer.fragment
pitru-paksha-shraddh/pitru-paksha-2027-dates-tithis-calendar-and-timing/pitru-paksha-2027-in-the-united-states-date-and-timing-considerations.html,pitru-paksha-shraddh/pitru-paksha-2027-dates-tithis-calendar-and-timing/pitru-paksha-2027-in-the-united-states-date-and-timing-considerations.html,no,merged,/Users/prashantdhingra/e/a3_output/makarsankranti.net/output/content/pitru-paksha-shraddh/pitru-paksha-2027-dates-tithis-calendar-and-timing/footer.fragment
pitru-paksha-shraddh/pitru-paksha-2027-dates-tithis-calendar-and-timing/pitru-paksha-2027-in-canada-calendar-and-timing-considerations.html,pitru-paksha-shraddh/pitru-paksha-2027-dates-tithis-calendar-and-timing/pitru-paksha-2027-in-canada-calendar-and-timing-considerations.html,no,merged,/Users/prashantdhingra/e/a3_output/makarsankranti.net/output/content/pitru-paksha-shraddh/pitru-paksha-2027-dates-tithis-calendar-and-timing/footer.fragment
pitru-paksha-shraddh/pitru-paksha-2027-dates-tithis-calendar-and-timing/pitru-paksha-2027-reminder-checklist-for-families.html,pitru-paksha-shraddh/pitru-paksha-2027-dates-tithis-calendar-and-timing/pitru-paksha-2027-reminder-checklist-for-families.html,no,merged,/Users/prashantdhingra/e/a3_output/makarsankranti.net/output/content/pitru-paksha-shraddh/pitru-paksha-2027-dates-tithis-calendar-and-timing/footer.fragment
pitru-paksha-shraddh/pitru-paksha-2027-dates-tithis-calendar-and-timing/pitru-paksha-2027-in-india-calendar-and-observance-planning-guide.html,pitru-paksha-shraddh/pitru-paksha-2027-dates-tithis-calendar-and-timing/pitru-paksha-2027-in-india-calendar-and-observance-planning-guide.html,no,merged,/Users/prashantdhingra/e/a3_output/makarsankranti.net/output/content/pitru-paksha-shraddh/pitru-paksha-2027-dates-tithis-calendar-and-timing/footer.fragment
pitru-paksha-shraddh/pitru-paksha-2027-dates-tithis-calendar-and-timing/how-is-the-correct-shraddha-tithi-chosen-during-pitru-paksha.html,pitru-paksha-shraddh/pitru-paksha-2027-dates-tithis-calendar-and-timing/how-is-the-correct-shraddha-tithi-chosen-during-pitru-paksha.html,no,merged,/Users/prashantdhingra/e/a3_output/makarsankranti.net/output/content/pitru-paksha-shraddh/pitru-paksha-2027-dates-tithis-calendar-and-timing/footer.fragment
pitru-paksha-shraddh/pitru-paksha-2027-dates-tithis-calendar-and-timing/how-panchang-tithi-and-local-sunrise-affect-shraddha-timing.html,pitru-paksha-shraddh/pitru-paksha-2027-dates-tithis-calendar-and-timing/how-panchang-tithi-and-local-sunrise-affect-shraddha-timing.html,no,merged,/Users/prashantdhingra/e/a3_output/makarsankranti.net/output/content/pitru-paksha-shraddh/pitru-paksha-2027-dates-tithis-calendar-and-timing/footer.fragment
pitru-paksha-shraddh/pitru-paksha-2027-dates-tithis-calendar-and-timing/sarva-pitru-amavasya-2027-date-meaning-and-observance-guide.html,pitru-paksha-shraddh/pitru-paksha-2027-dates-tithis-calendar-and-timing/sarva-pitru-amavasya-2027-date-meaning-and-observance-guide.html,no,merged,/Users/prashantdhingra/e/a3_output/makarsankranti.net/output/content/pitru-paksha-shraddh/pitru-paksha-2027-dates-tithis-calendar-and-timing/footer.fragment
pitru-paksha-shraddh/pitru-paksha-2027-dates-tithis-calendar-and-timing/mahalaya-amavasya-2027-date-meaning-and-shraddha-traditions.html,pitru-paksha-shraddh/pitru-paksha-2027-dates-tithis-calendar-and-timing/mahalaya-amavasya-2027-date-meaning-and-shraddha-traditions.html,no,merged,/Users/prashantdhingra/e/a3_output/makarsankranti.net/output/content/pitru-paksha-shraddh/pitru-paksha-2027-dates-tithis-calendar-and-timing/footer.fragment
pitru-paksha-shraddh/pitru-paksha-2027-dates-tithis-calendar-and-timing/when-is-pitru-paksha-2027.html,pitru-paksha-shraddh/pitru-paksha-2027-dates-tithis-calendar-and-timing/when-is-pitru-paksha-2027.html,no,merged,/Users/prashantdhingra/e/a3_output/makarsankranti.net/output/content/pitru-paksha-shraddh/pitru-paksha-2027-dates-tithis-calendar-and-timing/footer.fragment
pitru-paksha-shraddh/pitru-paksha-2027-dates-tithis-calendar-and-timing/pitru-paksha-2027-calendar-day-by-day-shraddha-tithis.html,pitru-paksha-shraddh/pitru-paksha-2027-dates-tithis-calendar-and-timing/pitru-paksha-2027-calendar-day-by-day-shraddha-tithis.html,no,merged,/Users/prashantdhingra/e/a3_output/makarsankranti.net/output/content/pitru-paksha-shraddh/pitru-paksha-2027-dates-tithis-calendar-and-timing/footer.fragment
pitru-paksha-shraddh/pitru-paksha-2027-dates-tithis-calendar-and-timing/pitru-paksha-2027-in-dubai-and-the-uae-calendar-guide.html,pitru-paksha-shraddh/pitru-paksha-2027-dates-tithis-calendar-and-timing/pitru-paksha-2027-in-dubai-and-the-uae-calendar-guide.html,no,merged,/Users/prashantdhingra/e/a3_output/makarsankranti.net/output/content/pitru-paksha-shraddh/pitru-paksha-2027-dates-tithis-calendar-and-timing/footer.fragment
pitru-paksha-shraddh/pitru-paksha-2027-dates-tithis-calendar-and-timing/pitru-paksha-2027-in-the-united-kingdom-calendar-and-timing-guide.html,pitru-paksha-shraddh/pitru-paksha-2027-dates-tithis-calendar-and-timing/pitru-paksha-2027-in-the-united-kingdom-calendar-and-timing-guide.html,no,merged,/Users/prashantdhingra/e/a3_output/makarsankranti.net/output/content/pitru-paksha-shraddh/pitru-paksha-2027-dates-tithis-calendar-and-timing/footer.fragment
pitru-paksha-shraddh/pitru-paksha-2027-dates-tithis-calendar-and-timing/pitru-paksha-2027-dates-start-end-and-complete-tithi-guide.html,pitru-paksha-shraddh/pitru-paksha-2027-dates-tithis-calendar-and-timing/pitru-paksha-2027-dates-start-end-and-complete-tithi-guide.html,no,merged,/Users/prashantdhingra/e/a3_output/makarsankranti.net/output/content/pitru-paksha-shraddh/pitru-paksha-2027-dates-tithis-calendar-and-timing/footer.fragment
pitru-paksha-shraddh/pitru-paksha-2027-dates-tithis-calendar-and-timing/how-to-plan-family-shraddha-rituals-during-pitru-paksha-2027.html,pitru-paksha-shraddh/pitru-paksha-2027-dates-tithis-calendar-and-timing/how-to-plan-family-shraddha-rituals-during-pitru-paksha-2027.html,no,merged,/Users/prashantdhingra/e/a3_output/makarsankranti.net/output/content/pitru-paksha-shraddh/pitru-paksha-2027-dates-tithis-calendar-and-timing/footer.fragment
pitru-paksha-shraddh/pitru-paksha-2027-dates-tithis-calendar-and-timing/pitru-paksha-2027-tithi-timing-why-location-matters.html,pitru-paksha-shraddh/pitru-paksha-2027-dates-tithis-calendar-and-timing/pitru-paksha-2027-tithi-timing-why-location-matters.html,no,merged,/Users/prashantdhingra/e/a3_output/makarsankranti.net/output/content/pitru-paksha-shraddh/pitru-paksha-2027-dates-tithis-calendar-and-timing/footer.fragment
pitru-paksha-shraddh/ancestor-remembrance-family-history-and-home-observance/how-to-observe-pitru-paksha-in-an-apartment.html,pitru-paksha-shraddh/ancestor-remembrance-family-history-and-home-observance/how-to-observe-pitru-paksha-in-an-apartment.html,no,merged,/Users/prashantdhingra/e/a3_output/makarsankranti.net/output/content/pitru-paksha-shraddh/ancestor-remembrance-family-history-and-home-observance/footer.fragment
pitru-paksha-shraddh/ancestor-remembrance-family-history-and-home-observance/index.html,pitru-paksha-shraddh/ancestor-remembrance-family-history-and-home-observance/index.html,no,merged,/Users/prashantdhingra/e/a3_output/makarsankranti.net/output/content/pitru-paksha-shraddh/ancestor-remembrance-family-history-and-home-observance/footer.fragment
pitru-paksha-shraddh/ancestor-remembrance-family-history-and-home-observance/how-to-preserve-old-family-photos-letters-and-documents.html,pitru-paksha-shraddh/ancestor-remembrance-family-history-and-home-observance/how-to-preserve-old-family-photos-letters-and-documents.html,no,merged,/Users/prashantdhingra/e/a3_output/makarsankranti.net/output/content/pitru-paksha-shraddh/ancestor-remembrance-family-history-and-home-observance/footer.fragment
pitru-paksha-shraddh/ancestor-remembrance-family-history-and-home-observance/how-to-remember-ancestors-during-pitru-paksha-beyond-formal-rituals.html,pitru-paksha-shraddh/ancestor-remembrance-family-history-and-home-observance/how-to-remember-ancestors-during-pitru-paksha-beyond-formal-rituals.html,no,merged,/Users/prashantdhingra/e/a3_output/makarsankranti.net/output/content/pitru-paksha-shraddh/ancestor-remembrance-family-history-and-home-observance/footer.fragment
pitru-paksha-shraddh/ancestor-remembrance-family-history-and-home-observance/questions-to-ask-elders-about-family-history-and-ancestors.html,pitru-paksha-shraddh/ancestor-remembrance-family-history-and-home-observance/questions-to-ask-elders-about-family-history-and-ancestors.html,no,merged,/Users/prashantdhingra/e/a3_output/makarsankranti.net/output/content/pitru-paksha-shraddh/ancestor-remembrance-family-history-and-home-observance/footer.fragment
pitru-paksha-shraddh/ancestor-remembrance-family-history-and-home-observance/how-to-create-an-ancestor-memory-corner-at-home.html,pitru-paksha-shraddh/ancestor-remembrance-family-history-and-home-observance/how-to-create-an-ancestor-memory-corner-at-home.html,no,merged,/Users/prashantdhingra/e/a3_output/makarsankranti.net/output/content/pitru-paksha-shraddh/ancestor-remembrance-family-history-and-home-observance/footer.fragment
pitru-paksha-shraddh/ancestor-remembrance-family-history-and-home-observance/how-to-organize-family-photos-for-pitru-paksha-remembrance.html,pitru-paksha-shraddh/ancestor-remembrance-family-history-and-home-observance/how-to-organize-family-photos-for-pitru-paksha-remembrance.html,no,merged,/Users/prashantdhingra/e/a3_output/makarsankranti.net/output/content/pitru-paksha-shraddh/ancestor-remembrance-family-history-and-home-observance/footer.fragment
pitru-paksha-shraddh/ancestor-remembrance-family-history-and-home-observance/how-grandparents-can-share-family-history-during-pitru-paksha.html,pitru-paksha-shraddh/ancestor-remembrance-family-history-and-home-observance/how-grandparents-can-share-family-history-during-pitru-paksha.html,no,merged,/Users/prashantdhingra/e/a3_output/makarsankranti.net/output/content/pitru-paksha-shraddh/ancestor-remembrance-family-history-and-home-observance/footer.fragment
pitru-paksha-shraddh/ancestor-remembrance-family-history-and-home-observance/how-to-involve-children-respectfully-in-ancestor-remembrance.html,pitru-paksha-shraddh/ancestor-remembrance-family-history-and-home-observance/how-to-involve-children-respectfully-in-ancestor-remembrance.html,no,merged,/Users/prashantdhingra/e/a3_output/makarsankranti.net/output/content/pitru-paksha-shraddh/ancestor-remembrance-family-history-and-home-observance/footer.fragment
pitru-paksha-shraddh/ancestor-remembrance-family-history-and-home-observance/how-families-can-combine-ritual-charity-and-remembrance.html,pitru-paksha-shraddh/ancestor-remembrance-family-history-and-home-observance/how-families-can-combine-ritual-charity-and-remembrance.html,no,merged,/Users/prashantdhingra/e/a3_output/makarsankranti.net/output/content/pitru-paksha-shraddh/ancestor-remembrance-family-history-and-home-observance/footer.fragment
pitru-paksha-shraddh/ancestor-remembrance-family-history-and-home-observance/ancestor-remembrance-faq-for-modern-families.html,pitru-paksha-shraddh/ancestor-remembrance-family-history-and-home-observance/ancestor-remembrance-faq-for-modern-families.html,no,merged,/Users/prashantdhingra/e/a3_output/makarsankranti.net/output/content/pitru-paksha-shraddh/ancestor-remembrance-family-history-and-home-observance/footer.fragment
pitru-paksha-shraddh/ancestor-remembrance-family-history-and-home-observance/pitru-paksha-journaling-prompts-for-family-memory-and-gratitude.html,pitru-paksha-shraddh/ancestor-remembrance-family-history-and-home-observance/pitru-paksha-journaling-prompts-for-family-memory-and-gratitude.html,no,merged,/Users/prashantdhingra/e/a3_output/makarsankranti.net/output/content/pitru-paksha-shraddh/ancestor-remembrance-family-history-and-home-observance/footer.fragment
pitru-paksha-shraddh/ancestor-remembrance-family-history-and-home-observance/pitru-paksha-family-storytelling-ideas.html,pitru-paksha-shraddh/ancestor-remembrance-family-history-and-home-observance/pitru-paksha-family-storytelling-ideas.html,no,merged,/Users/prashantdhingra/e/a3_output/makarsankranti.net/output/content/pitru-paksha-shraddh/ancestor-remembrance-family-history-and-home-observance/footer.fragment
pitru-paksha-shraddh/ancestor-remembrance-family-history-and-home-observance/how-to-observe-shraddha-when-living-outside-india.html,pitru-paksha-shraddh/ancestor-remembrance-family-history-and-home-observance/how-to-observe-shraddha-when-living-outside-india.html,no,merged,/Users/prashantdhingra/e/a3_output/makarsankranti.net/output/content/pitru-paksha-shraddh/ancestor-remembrance-family-history-and-home-observance/footer.fragment
pitru-paksha-shraddh/ancestor-remembrance-family-history-and-home-observance/how-to-build-a-simple-family-tree-for-ancestor-remembrance.html,pitru-paksha-shraddh/ancestor-remembrance-family-history-and-home-observance/how-to-build-a-simple-family-tree-for-ancestor-remembrance.html,no,merged,/Users/prashantdhingra/e/a3_output/makarsankranti.net/output/content/pitru-paksha-shraddh/ancestor-remembrance-family-history-and-home-observance/footer.fragment
pitru-paksha-shraddh/ancestor-remembrance-family-history-and-home-observance/how-to-remember-an-ancestor-when-you-live-far-from-family.html,pitru-paksha-shraddh/ancestor-remembrance-family-history-and-home-observance/how-to-remember-an-ancestor-when-you-live-far-from-family.html,no,merged,/Users/prashantdhingra/e/a3_output/makarsankranti.net/output/content/pitru-paksha-shraddh/ancestor-remembrance-family-history-and-home-observance/footer.fragment
pitru-paksha-shraddh/ancestor-remembrance-family-history-and-home-observance/digital-memorial-ideas-for-ancestors-during-pitru-paksha.html,pitru-paksha-shraddh/ancestor-remembrance-family-history-and-home-observance/digital-memorial-ideas-for-ancestors-during-pitru-paksha.html,no,merged,/Users/prashantdhingra/e/a3_output/makarsankranti.net/output/content/pitru-paksha-shraddh/ancestor-remembrance-family-history-and-home-observance/footer.fragment
pitru-paksha-shraddh/ancestor-remembrance-family-history-and-home-observance/simple-non-ceremonial-ways-to-honor-family-ancestors.html,pitru-paksha-shraddh/ancestor-remembrance-family-history-and-home-observance/simple-non-ceremonial-ways-to-honor-family-ancestors.html,no,merged,/Users/prashantdhingra/e/a3_output/makarsankranti.net/output/content/pitru-paksha-shraddh/ancestor-remembrance-family-history-and-home-observance/footer.fragment
pitru-paksha-shraddh/ancestor-remembrance-family-history-and-home-observance/how-to-teach-children-about-ancestors-during-pitru-paksha.html,pitru-paksha-shraddh/ancestor-remembrance-family-history-and-home-observance/how-to-teach-children-about-ancestors-during-pitru-paksha.html,no,merged,/Users/prashantdhingra/e/a3_output/makarsankranti.net/output/content/pitru-paksha-shraddh/ancestor-remembrance-family-history-and-home-observance/footer.fragment
pitru-paksha-shraddh/ancestor-remembrance-family-history-and-home-observance/how-to-write-a-family-ancestor-record-for-future-generations.html,pitru-paksha-shraddh/ancestor-remembrance-family-history-and-home-observance/how-to-write-a-family-ancestor-record-for-future-generations.html,no,merged,/Users/prashantdhingra/e/a3_output/makarsankranti.net/output/content/pitru-paksha-shraddh/ancestor-remembrance-family-history-and-home-observance/footer.fragment
pitru-paksha-shraddh/ancestor-remembrance-family-history-and-home-observance/how-to-create-an-annual-family-ancestor-remembrance-tradition.html,pitru-paksha-shraddh/ancestor-remembrance-family-history-and-home-observance/how-to-create-an-annual-family-ancestor-remembrance-tradition.html,no,merged,/Users/prashantdhingra/e/a3_output/makarsankranti.net/output/content/pitru-paksha-shraddh/ancestor-remembrance-family-history-and-home-observance/footer.fragment
pitru-paksha-shraddh/regional-traditions-across-india/pitru-paksha-traditions-in-rajasthan.html,pitru-paksha-shraddh/regional-traditions-across-india/pitru-paksha-traditions-in-rajasthan.html,no,merged,/Users/prashantdhingra/e/a3_output/makarsankranti.net/output/content/pitru-paksha-shraddh/regional-traditions-across-india/footer.fragment
pitru-paksha-shraddh/regional-traditions-across-india/pitru-paksha-traditions-in-odisha.html,pitru-paksha-shraddh/regional-traditions-across-india/pitru-paksha-traditions-in-odisha.html,no,merged,/Users/prashantdhingra/e/a3_output/makarsankranti.net/output/content/pitru-paksha-shraddh/regional-traditions-across-india/footer.fragment
pitru-paksha-shraddh/regional-traditions-across-india/ancestor-remembrance-traditions-in-kerala.html,pitru-paksha-shraddh/regional-traditions-across-india/ancestor-remembrance-traditions-in-kerala.html,no,merged,/Users/prashantdhingra/e/a3_output/makarsankranti.net/output/content/pitru-paksha-shraddh/regional-traditions-across-india/footer.fragment
pitru-paksha-shraddh/regional-traditions-across-india/pitru-paksha-traditions-in-north-india.html,pitru-paksha-shraddh/regional-traditions-across-india/pitru-paksha-traditions-in-north-india.html,no,merged,/Users/prashantdhingra/e/a3_output/makarsankranti.net/output/content/pitru-paksha-shraddh/regional-traditions-across-india/footer.fragment
pitru-paksha-shraddh/regional-traditions-across-india/index.html,pitru-paksha-shraddh/regional-traditions-across-india/index.html,no,merged,/Users/prashantdhingra/e/a3_output/makarsankranti.net/output/content/pitru-paksha-shraddh/regional-traditions-across-india/footer.fragment
pitru-paksha-shraddh/regional-traditions-across-india/north-indian-vs-south-indian-ancestor-ritual-traditions-general-differences.html,pitru-paksha-shraddh/regional-traditions-across-india/north-indian-vs-south-indian-ancestor-ritual-traditions-general-differences.html,no,merged,/Users/prashantdhingra/e/a3_output/makarsankranti.net/output/content/pitru-paksha-shraddh/regional-traditions-across-india/footer.fragment
pitru-paksha-shraddh/regional-traditions-across-india/ancestor-ritual-traditions-in-karnataka.html,pitru-paksha-shraddh/regional-traditions-across-india/ancestor-ritual-traditions-in-karnataka.html,no,merged,/Users/prashantdhingra/e/a3_output/makarsankranti.net/output/content/pitru-paksha-shraddh/regional-traditions-across-india/footer.fragment
pitru-paksha-shraddh/regional-traditions-across-india/how-pitru-paksha-traditions-differ-across-indian-regions.html,pitru-paksha-shraddh/regional-traditions-across-india/how-pitru-paksha-traditions-differ-across-indian-regions.html,no,merged,/Users/prashantdhingra/e/a3_output/makarsankranti.net/output/content/pitru-paksha-shraddh/regional-traditions-across-india/footer.fragment
pitru-paksha-shraddh/regional-traditions-across-india/shraddha-traditions-in-uttarakhand-and-haridwar.html,pitru-paksha-shraddh/regional-traditions-across-india/shraddha-traditions-in-uttarakhand-and-haridwar.html,no,merged,/Users/prashantdhingra/e/a3_output/makarsankranti.net/output/content/pitru-paksha-shraddh/regional-traditions-across-india/footer.fragment
pitru-paksha-shraddh/regional-traditions-across-india/shraddha-traditions-in-madhya-pradesh.html,pitru-paksha-shraddh/regional-traditions-across-india/shraddha-traditions-in-madhya-pradesh.html,no,merged,/Users/prashantdhingra/e/a3_output/makarsankranti.net/output/content/pitru-paksha-shraddh/regional-traditions-across-india/footer.fragment
pitru-paksha-shraddh/regional-traditions-across-india/pitru-paksha-practices-in-nepal-and-himalayan-hindu-communities.html,pitru-paksha-shraddh/regional-traditions-across-india/pitru-paksha-practices-in-nepal-and-himalayan-hindu-communities.html,no,merged,/Users/prashantdhingra/e/a3_output/makarsankranti.net/output/content/pitru-paksha-shraddh/regional-traditions-across-india/footer.fragment
pitru-paksha-shraddh/regional-traditions-across-india/ancestor-remembrance-traditions-in-tamil-nadu.html,pitru-paksha-shraddh/regional-traditions-across-india/ancestor-remembrance-traditions-in-tamil-nadu.html,no,merged,/Users/prashantdhingra/e/a3_output/makarsankranti.net/output/content/pitru-paksha-shraddh/regional-traditions-across-india/footer.fragment
pitru-paksha-shraddh/regional-traditions-across-india/mahalaya-in-bengal-vs-sarva-pitru-amavasya-in-other-regions.html,pitru-paksha-shraddh/regional-traditions-across-india/mahalaya-in-bengal-vs-sarva-pitru-amavasya-in-other-regions.html,no,merged,/Users/prashantdhingra/e/a3_output/makarsankranti.net/output/content/pitru-paksha-shraddh/regional-traditions-across-india/footer.fragment
pitru-paksha-shraddh/regional-traditions-across-india/mahalaya-and-ancestor-remembrance-traditions-in-west-bengal.html,pitru-paksha-shraddh/regional-traditions-across-india/mahalaya-and-ancestor-remembrance-traditions-in-west-bengal.html,no,merged,/Users/prashantdhingra/e/a3_output/makarsankranti.net/output/content/pitru-paksha-shraddh/regional-traditions-across-india/footer.fragment
pitru-paksha-shraddh/regional-traditions-across-india/how-family-sampradaya-shapes-shraddha-practice.html,pitru-paksha-shraddh/regional-traditions-across-india/how-family-sampradaya-shapes-shraddha-practice.html,no,merged,/Users/prashantdhingra/e/a3_output/makarsankranti.net/output/content/pitru-paksha-shraddh/regional-traditions-across-india/footer.fragment
pitru-paksha-shraddh/regional-traditions-across-india/shraddha-traditions-in-gujarat.html,pitru-paksha-shraddh/regional-traditions-across-india/shraddha-traditions-in-gujarat.html,no,merged,/Users/prashantdhingra/e/a3_output/makarsankranti.net/output/content/pitru-paksha-shraddh/regional-traditions-across-india/footer.fragment
pitru-paksha-shraddh/regional-traditions-across-india/ancestor-ritual-traditions-in-andhra-pradesh-and-telangana.html,pitru-paksha-shraddh/regional-traditions-across-india/ancestor-ritual-traditions-in-andhra-pradesh-and-telangana.html,no,merged,/Users/prashantdhingra/e/a3_output/makarsankranti.net/output/content/pitru-paksha-shraddh/regional-traditions-across-india/footer.fragment
pitru-paksha-shraddh/regional-traditions-across-india/regional-shraddha-traditions-faq-why-customs-differ-from-family-to-family.html,pitru-paksha-shraddh/regional-traditions-across-india/regional-shraddha-traditions-faq-why-customs-differ-from-family-to-family.html,no,merged,/Users/prashantdhingra/e/a3_output/makarsankranti.net/output/content/pitru-paksha-shraddh/regional-traditions-across-india/footer.fragment
pitru-paksha-shraddh/regional-traditions-across-india/shraddha-traditions-in-uttar-pradesh.html,pitru-paksha-shraddh/regional-traditions-across-india/shraddha-traditions-in-uttar-pradesh.html,no,merged,/Users/prashantdhingra/e/a3_output/makarsankranti.net/output/content/pitru-paksha-shraddh/regional-traditions-across-india/footer.fragment
pitru-paksha-shraddh/regional-traditions-across-india/pitru-paksha-traditions-in-maharashtra.html,pitru-paksha-shraddh/regional-traditions-across-india/pitru-paksha-traditions-in-maharashtra.html,no,merged,/Users/prashantdhingra/e/a3_output/makarsankranti.net/output/content/pitru-paksha-shraddh/regional-traditions-across-india/footer.fragment
pitru-paksha-shraddh/regional-traditions-across-india/pitru-paksha-and-pind-daan-traditions-in-bihar.html,pitru-paksha-shraddh/regional-traditions-across-india/pitru-paksha-and-pind-daan-traditions-in-bihar.html,no,merged,/Users/prashantdhingra/e/a3_output/makarsankranti.net/output/content/pitru-paksha-shraddh/regional-traditions-across-india/footer.fragment
pitru-paksha-shraddh/diaspora-practical-guides-and-modern-family-questions/pitru-paksha-in-the-united-kingdom-home-observance-guide.html,pitru-paksha-shraddh/diaspora-practical-guides-and-modern-family-questions/pitru-paksha-in-the-united-kingdom-home-observance-guide.html,no,merged,/Users/prashantdhingra/e/a3_output/makarsankranti.net/output/content/pitru-paksha-shraddh/diaspora-practical-guides-and-modern-family-questions/footer.fragment
pitru-paksha-shraddh/diaspora-practical-guides-and-modern-family-questions/how-to-handle-shraddha-when-the-family-gotra-is-unknown.html,pitru-paksha-shraddh/diaspora-practical-guides-and-modern-family-questions/how-to-handle-shraddha-when-the-family-gotra-is-unknown.html,no,merged,/Users/prashantdhingra/e/a3_output/makarsankranti.net/output/content/pitru-paksha-shraddh/diaspora-practical-guides-and-modern-family-questions/footer.fragment
pitru-paksha-shraddh/diaspora-practical-guides-and-modern-family-questions/can-daughters-perform-shraddha-family-regional-and-contemporary-practices.html,pitru-paksha-shraddh/diaspora-practical-guides-and-modern-family-questions/can-daughters-perform-shraddha-family-regional-and-contemporary-practices.html,no,merged,/Users/prashantdhingra/e/a3_output/makarsankranti.net/output/content/pitru-paksha-shraddh/diaspora-practical-guides-and-modern-family-questions/footer.fragment
pitru-paksha-shraddh/diaspora-practical-guides-and-modern-family-questions/modern-shraddha-faq-diaspora-family-roles-remote-rituals-and-practical-constraints.html,pitru-paksha-shraddh/diaspora-practical-guides-and-modern-family-questions/modern-shraddha-faq-diaspora-family-roles-remote-rituals-and-practical-constraints.html,no,merged,/Users/prashantdhingra/e/a3_output/makarsankranti.net/output/content/pitru-paksha-shraddh/diaspora-practical-guides-and-modern-family-questions/footer.fragment
pitru-paksha-shraddh/diaspora-practical-guides-and-modern-family-questions/index.html,pitru-paksha-shraddh/diaspora-practical-guides-and-modern-family-questions/index.html,no,merged,/Users/prashantdhingra/e/a3_output/makarsankranti.net/output/content/pitru-paksha-shraddh/diaspora-practical-guides-and-modern-family-questions/footer.fragment
pitru-paksha-shraddh/diaspora-practical-guides-and-modern-family-questions/how-to-observe-shraddha-when-you-cannot-visit-a-river-or-sacred-place.html,pitru-paksha-shraddh/diaspora-practical-guides-and-modern-family-questions/how-to-observe-shraddha-when-you-cannot-visit-a-river-or-sacred-place.html,no,merged,/Users/prashantdhingra/e/a3_output/makarsankranti.net/output/content/pitru-paksha-shraddh/diaspora-practical-guides-and-modern-family-questions/footer.fragment
pitru-paksha-shraddh/diaspora-practical-guides-and-modern-family-questions/how-to-balance-work-schedules-with-shraddha-observance.html,pitru-paksha-shraddh/diaspora-practical-guides-and-modern-family-questions/how-to-balance-work-schedules-with-shraddha-observance.html,no,merged,/Users/prashantdhingra/e/a3_output/makarsankranti.net/output/content/pitru-paksha-shraddh/diaspora-practical-guides-and-modern-family-questions/footer.fragment
pitru-paksha-shraddh/diaspora-practical-guides-and-modern-family-questions/how-to-find-a-temple-offering-pitru-paksha-services-near-you.html,pitru-paksha-shraddh/diaspora-practical-guides-and-modern-family-questions/how-to-find-a-temple-offering-pitru-paksha-services-near-you.html,no,merged,/Users/prashantdhingra/e/a3_output/makarsankranti.net/output/content/pitru-paksha-shraddh/diaspora-practical-guides-and-modern-family-questions/footer.fragment
pitru-paksha-shraddh/diaspora-practical-guides-and-modern-family-questions/pitru-paksha-in-canada-home-observance-and-timing-considerations.html,pitru-paksha-shraddh/diaspora-practical-guides-and-modern-family-questions/pitru-paksha-in-canada-home-observance-and-timing-considerations.html,no,merged,/Users/prashantdhingra/e/a3_output/makarsankranti.net/output/content/pitru-paksha-shraddh/diaspora-practical-guides-and-modern-family-questions/footer.fragment
pitru-paksha-shraddh/diaspora-practical-guides-and-modern-family-questions/pitru-paksha-in-australia-practical-family-guide.html,pitru-paksha-shraddh/diaspora-practical-guides-and-modern-family-questions/pitru-paksha-in-australia-practical-family-guide.html,no,merged,/Users/prashantdhingra/e/a3_output/makarsankranti.net/output/content/pitru-paksha-shraddh/diaspora-practical-guides-and-modern-family-questions/footer.fragment
pitru-paksha-shraddh/diaspora-practical-guides-and-modern-family-questions/can-shraddha-be-performed-online-or-with-remote-priest-guidance.html,pitru-paksha-shraddh/diaspora-practical-guides-and-modern-family-questions/can-shraddha-be-performed-online-or-with-remote-priest-guidance.html,no,merged,/Users/prashantdhingra/e/a3_output/makarsankranti.net/output/content/pitru-paksha-shraddh/diaspora-practical-guides-and-modern-family-questions/footer.fragment
pitru-paksha-shraddh/diaspora-practical-guides-and-modern-family-questions/pitru-paksha-for-interfaith-and-multicultural-families.html,pitru-paksha-shraddh/diaspora-practical-guides-and-modern-family-questions/pitru-paksha-for-interfaith-and-multicultural-families.html,no,merged,/Users/prashantdhingra/e/a3_output/makarsankranti.net/output/content/pitru-paksha-shraddh/diaspora-practical-guides-and-modern-family-questions/footer.fragment
pitru-paksha-shraddh/diaspora-practical-guides-and-modern-family-questions/can-women-perform-shraddha-or-tarpan-understanding-different-traditions.html,pitru-paksha-shraddh/diaspora-practical-guides-and-modern-family-questions/can-women-perform-shraddha-or-tarpan-understanding-different-traditions.html,no,merged,/Users/prashantdhingra/e/a3_output/makarsankranti.net/output/content/pitru-paksha-shraddh/diaspora-practical-guides-and-modern-family-questions/footer.fragment
pitru-paksha-shraddh/diaspora-practical-guides-and-modern-family-questions/how-to-observe-pitru-paksha-in-a-small-apartment.html,pitru-paksha-shraddh/diaspora-practical-guides-and-modern-family-questions/how-to-observe-pitru-paksha-in-a-small-apartment.html,no,merged,/Users/prashantdhingra/e/a3_output/makarsankranti.net/output/content/pitru-paksha-shraddh/diaspora-practical-guides-and-modern-family-questions/footer.fragment
pitru-paksha-shraddh/diaspora-practical-guides-and-modern-family-questions/pitru-paksha-in-dubai-and-the-uae-practical-observance-guide.html,pitru-paksha-shraddh/diaspora-practical-guides-and-modern-family-questions/pitru-paksha-in-dubai-and-the-uae-practical-observance-guide.html,no,merged,/Users/prashantdhingra/e/a3_output/makarsankranti.net/output/content/pitru-paksha-shraddh/diaspora-practical-guides-and-modern-family-questions/footer.fragment
pitru-paksha-shraddh/diaspora-practical-guides-and-modern-family-questions/can-a-family-perform-shraddha-without-a-priest.html,pitru-paksha-shraddh/diaspora-practical-guides-and-modern-family-questions/can-a-family-perform-shraddha-without-a-priest.html,no,merged,/Users/prashantdhingra/e/a3_output/makarsankranti.net/output/content/pitru-paksha-shraddh/diaspora-practical-guides-and-modern-family-questions/footer.fragment
pitru-paksha-shraddh/diaspora-practical-guides-and-modern-family-questions/how-to-find-a-hindu-priest-for-shraddha-outside-india.html,pitru-paksha-shraddh/diaspora-practical-guides-and-modern-family-questions/how-to-find-a-hindu-priest-for-shraddha-outside-india.html,no,merged,/Users/prashantdhingra/e/a3_output/makarsankranti.net/output/content/pitru-paksha-shraddh/diaspora-practical-guides-and-modern-family-questions/footer.fragment
pitru-paksha-shraddh/diaspora-practical-guides-and-modern-family-questions/how-to-observe-pitru-paksha-in-the-united-states.html,pitru-paksha-shraddh/diaspora-practical-guides-and-modern-family-questions/how-to-observe-pitru-paksha-in-the-united-states.html,no,merged,/Users/prashantdhingra/e/a3_output/makarsankranti.net/output/content/pitru-paksha-shraddh/diaspora-practical-guides-and-modern-family-questions/footer.fragment
pitru-paksha-shraddh/diaspora-practical-guides-and-modern-family-questions/how-to-explain-shraddha-traditions-to-children-raised-abroad.html,pitru-paksha-shraddh/diaspora-practical-guides-and-modern-family-questions/how-to-explain-shraddha-traditions-to-children-raised-abroad.html,no,merged,/Users/prashantdhingra/e/a3_output/makarsankranti.net/output/content/pitru-paksha-shraddh/diaspora-practical-guides-and-modern-family-questions/footer.fragment
pitru-paksha-shraddh/diaspora-practical-guides-and-modern-family-questions/how-to-perform-simple-tarpan-in-the-united-states.html,pitru-paksha-shraddh/diaspora-practical-guides-and-modern-family-questions/how-to-perform-simple-tarpan-in-the-united-states.html,no,merged,/Users/prashantdhingra/e/a3_output/makarsankranti.net/output/content/pitru-paksha-shraddh/diaspora-practical-guides-and-modern-family-questions/footer.fragment
pitru-paksha-shraddh/diaspora-practical-guides-and-modern-family-questions/how-to-perform-shraddha-when-family-members-live-in-different-countries.html,pitru-paksha-shraddh/diaspora-practical-guides-and-modern-family-questions/how-to-perform-shraddha-when-family-members-live-in-different-countries.html,no,merged,/Users/prashantdhingra/e/a3_output/makarsankranti.net/output/content/pitru-paksha-shraddh/diaspora-practical-guides-and-modern-family-questions/footer.fragment
pitru-paksha-shraddh/tarpan-pind-daan-shraddha-puja-and-rituals/what-is-brahmin-bhoj-in-shraddha-tradition.html,pitru-paksha-shraddh/tarpan-pind-daan-shraddha-puja-and-rituals/what-is-brahmin-bhoj-in-shraddha-tradition.html,no,merged,/Users/prashantdhingra/e/a3_output/makarsankranti.net/output/content/pitru-paksha-shraddh/tarpan-pind-daan-shraddha-puja-and-rituals/footer.fragment
pitru-paksha-shraddh/tarpan-pind-daan-shraddha-puja-and-rituals/how-water-tarpan-is-offered-to-ancestors.html,pitru-paksha-shraddh/tarpan-pind-daan-shraddha-puja-and-rituals/how-water-tarpan-is-offered-to-ancestors.html,no,merged,/Users/prashantdhingra/e/a3_output/makarsankranti.net/output/content/pitru-paksha-shraddh/tarpan-pind-daan-shraddha-puja-and-rituals/footer.fragment
pitru-paksha-shraddh/tarpan-pind-daan-shraddha-puja-and-rituals/index.html,pitru-paksha-shraddh/tarpan-pind-daan-shraddha-puja-and-rituals/index.html,no,merged,/Users/prashantdhingra/e/a3_output/makarsankranti.net/output/content/pitru-paksha-shraddh/tarpan-pind-daan-shraddha-puja-and-rituals/footer.fragment
pitru-paksha-shraddh/tarpan-pind-daan-shraddha-puja-and-rituals/til-tarpan-why-sesame-and-water-are-offered-together.html,pitru-paksha-shraddh/tarpan-pind-daan-shraddha-puja-and-rituals/til-tarpan-why-sesame-and-water-are-offered-together.html,no,merged,/Users/prashantdhingra/e/a3_output/makarsankranti.net/output/content/pitru-paksha-shraddh/tarpan-pind-daan-shraddha-puja-and-rituals/footer.fragment
pitru-paksha-shraddh/tarpan-pind-daan-shraddha-puja-and-rituals/can-shraddha-be-performed-without-knowing-gotra.html,pitru-paksha-shraddh/tarpan-pind-daan-shraddha-puja-and-rituals/can-shraddha-be-performed-without-knowing-gotra.html,no,merged,/Users/prashantdhingra/e/a3_output/makarsankranti.net/output/content/pitru-paksha-shraddh/tarpan-pind-daan-shraddha-puja-and-rituals/footer.fragment
pitru-paksha-shraddh/tarpan-pind-daan-shraddha-puja-and-rituals/can-a-priest-guide-shraddha-remotely-for-families-living-abroad.html,pitru-paksha-shraddh/tarpan-pind-daan-shraddha-puja-and-rituals/can-a-priest-guide-shraddha-remotely-for-families-living-abroad.html,no,merged,/Users/prashantdhingra/e/a3_output/makarsankranti.net/output/content/pitru-paksha-shraddh/tarpan-pind-daan-shraddha-puja-and-rituals/footer.fragment
pitru-paksha-shraddh/tarpan-pind-daan-shraddha-puja-and-rituals/what-is-sankalpa-in-a-shraddha-ritual.html,pitru-paksha-shraddh/tarpan-pind-daan-shraddha-puja-and-rituals/what-is-sankalpa-in-a-shraddha-ritual.html,no,merged,/Users/prashantdhingra/e/a3_output/makarsankranti.net/output/content/pitru-paksha-shraddh/tarpan-pind-daan-shraddha-puja-and-rituals/footer.fragment
pitru-paksha-shraddh/tarpan-pind-daan-shraddha-puja-and-rituals/shraddha-ritual-faq-tarpan-pind-daan-offerings-and-family-practice.html,pitru-paksha-shraddh/tarpan-pind-daan-shraddha-puja-and-rituals/shraddha-ritual-faq-tarpan-pind-daan-offerings-and-family-practice.html,no,merged,/Users/prashantdhingra/e/a3_output/makarsankranti.net/output/content/pitru-paksha-shraddh/tarpan-pind-daan-shraddha-puja-and-rituals/footer.fragment
pitru-paksha-shraddh/tarpan-pind-daan-shraddha-puja-and-rituals/how-to-perform-a-simple-tarpan-when-a-full-shraddha-is-not-possible.html,pitru-paksha-shraddh/tarpan-pind-daan-shraddha-puja-and-rituals/how-to-perform-a-simple-tarpan-when-a-full-shraddha-is-not-possible.html,no,merged,/Users/prashantdhingra/e/a3_output/makarsankranti.net/output/content/pitru-paksha-shraddh/tarpan-pind-daan-shraddha-puja-and-rituals/footer.fragment
pitru-paksha-shraddh/tarpan-pind-daan-shraddha-puja-and-rituals/why-is-the-ancestors-name-and-gotra-used-in-some-shraddha-rituals.html,pitru-paksha-shraddh/tarpan-pind-daan-shraddha-puja-and-rituals/why-is-the-ancestors-name-and-gotra-used-in-some-shraddha-rituals.html,no,merged,/Users/prashantdhingra/e/a3_output/makarsankranti.net/output/content/pitru-paksha-shraddh/tarpan-pind-daan-shraddha-puja-and-rituals/footer.fragment
pitru-paksha-shraddh/tarpan-pind-daan-shraddha-puja-and-rituals/shraddha-rituals-for-multiple-ancestors-general-planning-guide.html,pitru-paksha-shraddh/tarpan-pind-daan-shraddha-puja-and-rituals/shraddha-rituals-for-multiple-ancestors-general-planning-guide.html,no,merged,/Users/prashantdhingra/e/a3_output/makarsankranti.net/output/content/pitru-paksha-shraddh/tarpan-pind-daan-shraddha-puja-and-rituals/footer.fragment
pitru-paksha-shraddh/tarpan-pind-daan-shraddha-puja-and-rituals/shraddha-puja-samagri-list-common-items-and-their-purpose.html,pitru-paksha-shraddh/tarpan-pind-daan-shraddha-puja-and-rituals/shraddha-puja-samagri-list-common-items-and-their-purpose.html,no,merged,/Users/prashantdhingra/e/a3_output/makarsankranti.net/output/content/pitru-paksha-shraddh/tarpan-pind-daan-shraddha-puja-and-rituals/footer.fragment
pitru-paksha-shraddh/tarpan-pind-daan-shraddha-puja-and-rituals/pind-daan-at-home-vs-pilgrimage-site-traditional-differences.html,pitru-paksha-shraddh/tarpan-pind-daan-shraddha-puja-and-rituals/pind-daan-at-home-vs-pilgrimage-site-traditional-differences.html,no,merged,/Users/prashantdhingra/e/a3_output/makarsankranti.net/output/content/pitru-paksha-shraddh/tarpan-pind-daan-shraddha-puja-and-rituals/footer.fragment
pitru-paksha-shraddh/tarpan-pind-daan-shraddha-puja-and-rituals/what-to-do-before-during-and-after-a-shraddha-ritual.html,pitru-paksha-shraddh/tarpan-pind-daan-shraddha-puja-and-rituals/what-to-do-before-during-and-after-a-shraddha-ritual.html,no,merged,/Users/prashantdhingra/e/a3_output/makarsankranti.net/output/content/pitru-paksha-shraddh/tarpan-pind-daan-shraddha-puja-and-rituals/footer.fragment
pitru-paksha-shraddh/tarpan-pind-daan-shraddha-puja-and-rituals/why-is-charity-or-daan-associated-with-shraddha.html,pitru-paksha-shraddh/tarpan-pind-daan-shraddha-puja-and-rituals/why-is-charity-or-daan-associated-with-shraddha.html,no,merged,/Users/prashantdhingra/e/a3_output/makarsankranti.net/output/content/pitru-paksha-shraddh/tarpan-pind-daan-shraddha-puja-and-rituals/footer.fragment
pitru-paksha-shraddh/tarpan-pind-daan-shraddha-puja-and-rituals/how-to-perform-shraddha-at-home-a-general-step-by-step-overview.html,pitru-paksha-shraddh/tarpan-pind-daan-shraddha-puja-and-rituals/how-to-perform-shraddha-at-home-a-general-step-by-step-overview.html,no,merged,/Users/prashantdhingra/e/a3_output/makarsankranti.net/output/content/pitru-paksha-shraddh/tarpan-pind-daan-shraddha-puja-and-rituals/footer.fragment
pitru-paksha-shraddh/tarpan-pind-daan-shraddha-puja-and-rituals/what-foods-are-commonly-offered-during-shraddha.html,pitru-paksha-shraddh/tarpan-pind-daan-shraddha-puja-and-rituals/what-foods-are-commonly-offered-during-shraddha.html,no,merged,/Users/prashantdhingra/e/a3_output/makarsankranti.net/output/content/pitru-paksha-shraddh/tarpan-pind-daan-shraddha-puja-and-rituals/footer.fragment
pitru-paksha-shraddh/tarpan-pind-daan-shraddha-puja-and-rituals/pind-daan-meaning-symbolism-and-traditional-practice.html,pitru-paksha-shraddh/tarpan-pind-daan-shraddha-puja-and-rituals/pind-daan-meaning-symbolism-and-traditional-practice.html,no,merged,/Users/prashantdhingra/e/a3_output/makarsankranti.net/output/content/pitru-paksha-shraddh/tarpan-pind-daan-shraddha-puja-and-rituals/footer.fragment
pitru-paksha-shraddh/tarpan-pind-daan-shraddha-puja-and-rituals/tarpan-meaning-purpose-and-traditional-procedure.html,pitru-paksha-shraddh/tarpan-pind-daan-shraddha-puja-and-rituals/tarpan-meaning-purpose-and-traditional-procedure.html,no,merged,/Users/prashantdhingra/e/a3_output/makarsankranti.net/output/content/pitru-paksha-shraddh/tarpan-pind-daan-shraddha-puja-and-rituals/footer.fragment
pitru-paksha-shraddh/tarpan-pind-daan-shraddha-puja-and-rituals/how-to-prepare-a-simple-ancestor-remembrance-space-at-home.html,pitru-paksha-shraddh/tarpan-pind-daan-shraddha-puja-and-rituals/how-to-prepare-a-simple-ancestor-remembrance-space-at-home.html,no,merged,/Users/prashantdhingra/e/a3_output/makarsankranti.net/output/content/pitru-paksha-shraddh/tarpan-pind-daan-shraddha-puja-and-rituals/footer.fragment
pitru-paksha-shraddh/tarpan-pind-daan-shraddha-puja-and-rituals/why-are-cows-crows-dogs-and-other-beings-fed-in-some-shraddha-traditions.html,pitru-paksha-shraddh/tarpan-pind-daan-shraddha-puja-and-rituals/why-are-cows-crows-dogs-and-other-beings-fed-in-some-shraddha-traditions.html,no,merged,/Users/prashantdhingra/e/a3_output/makarsankranti.net/output/content/pitru-paksha-shraddh/tarpan-pind-daan-shraddha-puja-and-rituals/footer.fragment
pitru-paksha-shraddh/gaya-haridwar-varanasi-prayagraj-and-pilgrimage/why-is-gaya-important-for-pind-daan-and-ancestor-rituals.html,pitru-paksha-shraddh/gaya-haridwar-varanasi-prayagraj-and-pilgrimage/why-is-gaya-important-for-pind-daan-and-ancestor-rituals.html,no,merged,/Users/prashantdhingra/e/a3_output/makarsankranti.net/output/content/pitru-paksha-shraddh/gaya-haridwar-varanasi-prayagraj-and-pilgrimage/footer.fragment
pitru-paksha-shraddh/gaya-haridwar-varanasi-prayagraj-and-pilgrimage/index.html,pitru-paksha-shraddh/gaya-haridwar-varanasi-prayagraj-and-pilgrimage/index.html,no,merged,/Users/prashantdhingra/e/a3_output/makarsankranti.net/output/content/pitru-paksha-shraddh/gaya-haridwar-varanasi-prayagraj-and-pilgrimage/footer.fragment
pitru-paksha-shraddh/gaya-haridwar-varanasi-prayagraj-and-pilgrimage/har-ki-pauri-and-ancestor-remembrance-rituals-in-haridwar.html,pitru-paksha-shraddh/gaya-haridwar-varanasi-prayagraj-and-pilgrimage/har-ki-pauri-and-ancestor-remembrance-rituals-in-haridwar.html,no,merged,/Users/prashantdhingra/e/a3_output/makarsankranti.net/output/content/pitru-paksha-shraddh/gaya-haridwar-varanasi-prayagraj-and-pilgrimage/footer.fragment
pitru-paksha-shraddh/gaya-haridwar-varanasi-prayagraj-and-pilgrimage/trimbakeshwar-and-shraddha-traditions-general-pilgrimage-guide.html,pitru-paksha-shraddh/gaya-haridwar-varanasi-prayagraj-and-pilgrimage/trimbakeshwar-and-shraddha-traditions-general-pilgrimage-guide.html,no,merged,/Users/prashantdhingra/e/a3_output/makarsankranti.net/output/content/pitru-paksha-shraddh/gaya-haridwar-varanasi-prayagraj-and-pilgrimage/footer.fragment
pitru-paksha-shraddh/gaya-haridwar-varanasi-prayagraj-and-pilgrimage/haridwar-shraddha-and-tarpan-complete-pilgrimage-guide.html,pitru-paksha-shraddh/gaya-haridwar-varanasi-prayagraj-and-pilgrimage/haridwar-shraddha-and-tarpan-complete-pilgrimage-guide.html,no,merged,/Users/prashantdhingra/e/a3_output/makarsankranti.net/output/content/pitru-paksha-shraddh/gaya-haridwar-varanasi-prayagraj-and-pilgrimage/footer.fragment
pitru-paksha-shraddh/gaya-haridwar-varanasi-prayagraj-and-pilgrimage/phalgu-river-and-shraddha-traditions-in-gaya.html,pitru-paksha-shraddh/gaya-haridwar-varanasi-prayagraj-and-pilgrimage/phalgu-river-and-shraddha-traditions-in-gaya.html,no,merged,/Users/prashantdhingra/e/a3_output/makarsankranti.net/output/content/pitru-paksha-shraddh/gaya-haridwar-varanasi-prayagraj-and-pilgrimage/footer.fragment
pitru-paksha-shraddh/gaya-haridwar-varanasi-prayagraj-and-pilgrimage/varanasi-shraddha-and-pind-daan-visitor-and-ritual-guide.html,pitru-paksha-shraddh/gaya-haridwar-varanasi-prayagraj-and-pilgrimage/varanasi-shraddha-and-pind-daan-visitor-and-ritual-guide.html,no,merged,/Users/prashantdhingra/e/a3_output/makarsankranti.net/output/content/pitru-paksha-shraddh/gaya-haridwar-varanasi-prayagraj-and-pilgrimage/footer.fragment
pitru-paksha-shraddh/gaya-haridwar-varanasi-prayagraj-and-pilgrimage/gaya-vs-varanasi-for-shraddha-pilgrimage-traditions-compared.html,pitru-paksha-shraddh/gaya-haridwar-varanasi-prayagraj-and-pilgrimage/gaya-vs-varanasi-for-shraddha-pilgrimage-traditions-compared.html,no,merged,/Users/prashantdhingra/e/a3_output/makarsankranti.net/output/content/pitru-paksha-shraddh/gaya-haridwar-varanasi-prayagraj-and-pilgrimage/footer.fragment
pitru-paksha-shraddh/gaya-haridwar-varanasi-prayagraj-and-pilgrimage/gaya-shraddha-and-pind-daan-complete-pilgrimage-guide.html,pitru-paksha-shraddh/gaya-haridwar-varanasi-prayagraj-and-pilgrimage/gaya-shraddha-and-pind-daan-complete-pilgrimage-guide.html,no,merged,/Users/prashantdhingra/e/a3_output/makarsankranti.net/output/content/pitru-paksha-shraddh/gaya-haridwar-varanasi-prayagraj-and-pilgrimage/footer.fragment
pitru-paksha-shraddh/gaya-haridwar-varanasi-prayagraj-and-pilgrimage/ujjain-and-ancestral-ritual-traditions-general-visitor-guide.html,pitru-paksha-shraddh/gaya-haridwar-varanasi-prayagraj-and-pilgrimage/ujjain-and-ancestral-ritual-traditions-general-visitor-guide.html,no,merged,/Users/prashantdhingra/e/a3_output/makarsankranti.net/output/content/pitru-paksha-shraddh/gaya-haridwar-varanasi-prayagraj-and-pilgrimage/footer.fragment
pitru-paksha-shraddh/gaya-haridwar-varanasi-prayagraj-and-pilgrimage/how-to-choose-a-priest-or-panda-for-shraddha-at-a-pilgrimage-site.html,pitru-paksha-shraddh/gaya-haridwar-varanasi-prayagraj-and-pilgrimage/how-to-choose-a-priest-or-panda-for-shraddha-at-a-pilgrimage-site.html,no,merged,/Users/prashantdhingra/e/a3_output/makarsankranti.net/output/content/pitru-paksha-shraddh/gaya-haridwar-varanasi-prayagraj-and-pilgrimage/footer.fragment
pitru-paksha-shraddh/gaya-haridwar-varanasi-prayagraj-and-pilgrimage/brahma-kapal-in-badrinath-ancestor-ritual-tradition-and-visitor-guide.html,pitru-paksha-shraddh/gaya-haridwar-varanasi-prayagraj-and-pilgrimage/brahma-kapal-in-badrinath-ancestor-ritual-tradition-and-visitor-guide.html,no,merged,/Users/prashantdhingra/e/a3_output/makarsankranti.net/output/content/pitru-paksha-shraddh/gaya-haridwar-varanasi-prayagraj-and-pilgrimage/footer.fragment
pitru-paksha-shraddh/gaya-haridwar-varanasi-prayagraj-and-pilgrimage/rameswaram-and-ancestor-rituals-general-pilgrimage-guide.html,pitru-paksha-shraddh/gaya-haridwar-varanasi-prayagraj-and-pilgrimage/rameswaram-and-ancestor-rituals-general-pilgrimage-guide.html,no,merged,/Users/prashantdhingra/e/a3_output/makarsankranti.net/output/content/pitru-paksha-shraddh/gaya-haridwar-varanasi-prayagraj-and-pilgrimage/footer.fragment
pitru-paksha-shraddh/gaya-haridwar-varanasi-prayagraj-and-pilgrimage/how-to-plan-a-pind-daan-pilgrimage-for-pitru-paksha.html,pitru-paksha-shraddh/gaya-haridwar-varanasi-prayagraj-and-pilgrimage/how-to-plan-a-pind-daan-pilgrimage-for-pitru-paksha.html,no,merged,/Users/prashantdhingra/e/a3_output/makarsankranti.net/output/content/pitru-paksha-shraddh/gaya-haridwar-varanasi-prayagraj-and-pilgrimage/footer.fragment
pitru-paksha-shraddh/gaya-haridwar-varanasi-prayagraj-and-pilgrimage/vishnupad-temple-and-pind-daan-in-gaya-cultural-guide.html,pitru-paksha-shraddh/gaya-haridwar-varanasi-prayagraj-and-pilgrimage/vishnupad-temple-and-pind-daan-in-gaya-cultural-guide.html,no,merged,/Users/prashantdhingra/e/a3_output/makarsankranti.net/output/content/pitru-paksha-shraddh/gaya-haridwar-varanasi-prayagraj-and-pilgrimage/footer.fragment
pitru-paksha-shraddh/gaya-haridwar-varanasi-prayagraj-and-pilgrimage/akshay-vat-in-gaya-significance-in-ancestral-ritual-traditions.html,pitru-paksha-shraddh/gaya-haridwar-varanasi-prayagraj-and-pilgrimage/akshay-vat-in-gaya-significance-in-ancestral-ritual-traditions.html,no,merged,/Users/prashantdhingra/e/a3_output/makarsankranti.net/output/content/pitru-paksha-shraddh/gaya-haridwar-varanasi-prayagraj-and-pilgrimage/footer.fragment
pitru-paksha-shraddh/gaya-haridwar-varanasi-prayagraj-and-pilgrimage/prayagraj-shraddha-and-tarpan-sangam-traditions-explained.html,pitru-paksha-shraddh/gaya-haridwar-varanasi-prayagraj-and-pilgrimage/prayagraj-shraddha-and-tarpan-sangam-traditions-explained.html,no,merged,/Users/prashantdhingra/e/a3_output/makarsankranti.net/output/content/pitru-paksha-shraddh/gaya-haridwar-varanasi-prayagraj-and-pilgrimage/footer.fragment
pitru-paksha-shraddh/gaya-haridwar-varanasi-prayagraj-and-pilgrimage/travel-etiquette-during-pitru-paksha-and-shraddha-pilgrimages.html,pitru-paksha-shraddh/gaya-haridwar-varanasi-prayagraj-and-pilgrimage/travel-etiquette-during-pitru-paksha-and-shraddha-pilgrimages.html,no,merged,/Users/prashantdhingra/e/a3_output/makarsankranti.net/output/content/pitru-paksha-shraddh/gaya-haridwar-varanasi-prayagraj-and-pilgrimage/footer.fragment
pitru-paksha-shraddh/gaya-haridwar-varanasi-prayagraj-and-pilgrimage/gaya-vs-haridwar-for-pind-daan-traditional-differences-to-understand.html,pitru-paksha-shraddh/gaya-haridwar-varanasi-prayagraj-and-pilgrimage/gaya-vs-haridwar-for-pind-daan-traditional-differences-to-understand.html,no,merged,/Users/prashantdhingra/e/a3_output/makarsankranti.net/output/content/pitru-paksha-shraddh/gaya-haridwar-varanasi-prayagraj-and-pilgrimage/footer.fragment
pitru-paksha-shraddh/gaya-haridwar-varanasi-prayagraj-and-pilgrimage/ancestor-pilgrimage-faq-gaya-haridwar-varanasi-and-other-sacred-places.html,pitru-paksha-shraddh/gaya-haridwar-varanasi-prayagraj-and-pilgrimage/ancestor-pilgrimage-faq-gaya-haridwar-varanasi-and-other-sacred-places.html,no,merged,/Users/prashantdhingra/e/a3_output/makarsankranti.net/output/content/pitru-paksha-shraddh/gaya-haridwar-varanasi-prayagraj-and-pilgrimage/footer.fragment
pitru-paksha-shraddh/gaya-haridwar-varanasi-prayagraj-and-pilgrimage/what-to-carry-for-shraddha-and-pind-daan-at-a-pilgrimage-site.html,pitru-paksha-shraddh/gaya-haridwar-varanasi-prayagraj-and-pilgrimage/what-to-carry-for-shraddha-and-pind-daan-at-a-pilgrimage-site.html,no,merged,/Users/prashantdhingra/e/a3_output/makarsankranti.net/output/content/pitru-paksha-shraddh/gaya-haridwar-varanasi-prayagraj-and-pilgrimage/footer.fragment
pitru-paksha-shraddh/foundation-meaning-history-and-core-traditions/why-is-water-offered-to-ancestors-during-shraddha.html,pitru-paksha-shraddh/foundation-meaning-history-and-core-traditions/why-is-water-offered-to-ancestors-during-shraddha.html,no,merged,/Users/prashantdhingra/e/a3_output/makarsankranti.net/output/content/pitru-paksha-shraddh/foundation-meaning-history-and-core-traditions/footer.fragment
pitru-paksha-shraddh/foundation-meaning-history-and-core-traditions/why-is-pitru-paksha-observed-meaning-and-cultural-significance.html,pitru-paksha-shraddh/foundation-meaning-history-and-core-traditions/why-is-pitru-paksha-observed-meaning-and-cultural-significance.html,no,merged,/Users/prashantdhingra/e/a3_output/makarsankranti.net/output/content/pitru-paksha-shraddh/foundation-meaning-history-and-core-traditions/footer.fragment
pitru-paksha-shraddh/foundation-meaning-history-and-core-traditions/index.html,pitru-paksha-shraddh/foundation-meaning-history-and-core-traditions/index.html,no,merged,/Users/prashantdhingra/e/a3_output/makarsankranti.net/output/content/pitru-paksha-shraddh/foundation-meaning-history-and-core-traditions/footer.fragment
pitru-paksha-shraddh/foundation-meaning-history-and-core-traditions/why-are-sesame-seeds-used-in-shraddha-and-tarpan.html,pitru-paksha-shraddh/foundation-meaning-history-and-core-traditions/why-are-sesame-seeds-used-in-shraddha-and-tarpan.html,no,merged,/Users/prashantdhingra/e/a3_output/makarsankranti.net/output/content/pitru-paksha-shraddh/foundation-meaning-history-and-core-traditions/footer.fragment
pitru-paksha-shraddh/foundation-meaning-history-and-core-traditions/what-does-pitru-mean-in-hindu-tradition.html,pitru-paksha-shraddh/foundation-meaning-history-and-core-traditions/what-does-pitru-mean-in-hindu-tradition.html,no,merged,/Users/prashantdhingra/e/a3_output/makarsankranti.net/output/content/pitru-paksha-shraddh/foundation-meaning-history-and-core-traditions/footer.fragment
pitru-paksha-shraddh/foundation-meaning-history-and-core-traditions/the-spiritual-meaning-of-remembering-ancestors-during-pitru-paksha.html,pitru-paksha-shraddh/foundation-meaning-history-and-core-traditions/the-spiritual-meaning-of-remembering-ancestors-during-pitru-paksha.html,no,merged,/Users/prashantdhingra/e/a3_output/makarsankranti.net/output/content/pitru-paksha-shraddh/foundation-meaning-history-and-core-traditions/footer.fragment
pitru-paksha-shraddh/foundation-meaning-history-and-core-traditions/pitru-paksha-traditions-tarpan-pind-daan-food-offerings-and-remembrance.html,pitru-paksha-shraddh/foundation-meaning-history-and-core-traditions/pitru-paksha-traditions-tarpan-pind-daan-food-offerings-and-remembrance.html,no,merged,/Users/prashantdhingra/e/a3_output/makarsankranti.net/output/content/pitru-paksha-shraddh/foundation-meaning-history-and-core-traditions/footer.fragment
pitru-paksha-shraddh/foundation-meaning-history-and-core-traditions/why-is-food-offered-during-shraddha.html,pitru-paksha-shraddh/foundation-meaning-history-and-core-traditions/why-is-food-offered-during-shraddha.html,no,merged,/Users/prashantdhingra/e/a3_output/makarsankranti.net/output/content/pitru-paksha-shraddh/foundation-meaning-history-and-core-traditions/footer.fragment
pitru-paksha-shraddh/foundation-meaning-history-and-core-traditions/pitru-paksha-complete-guide-to-meaning-traditions-and-shraddha-rituals.html,pitru-paksha-shraddh/foundation-meaning-history-and-core-traditions/pitru-paksha-complete-guide-to-meaning-traditions-and-shraddha-rituals.html,no,merged,/Users/prashantdhingra/e/a3_output/makarsankranti.net/output/content/pitru-paksha-shraddh/foundation-meaning-history-and-core-traditions/footer.fragment
pitru-paksha-shraddh/foundation-meaning-history-and-core-traditions/shraddha-myths-vs-common-traditions.html,pitru-paksha-shraddh/foundation-meaning-history-and-core-traditions/shraddha-myths-vs-common-traditions.html,no,merged,/Users/prashantdhingra/e/a3_output/makarsankranti.net/output/content/pitru-paksha-shraddh/foundation-meaning-history-and-core-traditions/footer.fragment
pitru-paksha-shraddh/foundation-meaning-history-and-core-traditions/how-long-is-pitru-paksha-and-why-does-it-last-a-fortnight.html,pitru-paksha-shraddh/foundation-meaning-history-and-core-traditions/how-long-is-pitru-paksha-and-why-does-it-last-a-fortnight.html,no,merged,/Users/prashantdhingra/e/a3_output/makarsankranti.net/output/content/pitru-paksha-shraddh/foundation-meaning-history-and-core-traditions/footer.fragment
pitru-paksha-shraddh/foundation-meaning-history-and-core-traditions/pitru-paksha-for-beginners-customs-etiquette-and-common-questions.html,pitru-paksha-shraddh/foundation-meaning-history-and-core-traditions/pitru-paksha-for-beginners-customs-etiquette-and-common-questions.html,no,merged,/Users/prashantdhingra/e/a3_output/makarsankranti.net/output/content/pitru-paksha-shraddh/foundation-meaning-history-and-core-traditions/footer.fragment
pitru-paksha-shraddh/foundation-meaning-history-and-core-traditions/what-is-shraddha-meaning-purpose-and-hindu-ancestral-traditions.html,pitru-paksha-shraddh/foundation-meaning-history-and-core-traditions/what-is-shraddha-meaning-purpose-and-hindu-ancestral-traditions.html,no,merged,/Users/prashantdhingra/e/a3_output/makarsankranti.net/output/content/pitru-paksha-shraddh/foundation-meaning-history-and-core-traditions/footer.fragment
pitru-paksha-shraddh/foundation-meaning-history-and-core-traditions/who-can-perform-shraddha-traditional-practice-and-modern-family-contexts.html,pitru-paksha-shraddh/foundation-meaning-history-and-core-traditions/who-can-perform-shraddha-traditional-practice-and-modern-family-contexts.html,no,merged,/Users/prashantdhingra/e/a3_output/makarsankranti.net/output/content/pitru-paksha-shraddh/foundation-meaning-history-and-core-traditions/footer.fragment
pitru-paksha-shraddh/foundation-meaning-history-and-core-traditions/why-do-families-perform-shraddha-for-ancestors.html,pitru-paksha-shraddh/foundation-meaning-history-and-core-traditions/why-do-families-perform-shraddha-for-ancestors.html,no,merged,/Users/prashantdhingra/e/a3_output/makarsankranti.net/output/content/pitru-paksha-shraddh/foundation-meaning-history-and-core-traditions/footer.fragment
pitru-paksha-shraddh/foundation-meaning-history-and-core-traditions/can-shraddha-be-performed-at-home.html,pitru-paksha-shraddh/foundation-meaning-history-and-core-traditions/can-shraddha-be-performed-at-home.html,no,merged,/Users/prashantdhingra/e/a3_output/makarsankranti.net/output/content/pitru-paksha-shraddh/foundation-meaning-history-and-core-traditions/footer.fragment
pitru-paksha-shraddh/foundation-meaning-history-and-core-traditions/what-happens-during-pitru-paksha-a-beginners-guide.html,pitru-paksha-shraddh/foundation-meaning-history-and-core-traditions/what-happens-during-pitru-paksha-a-beginners-guide.html,no,merged,/Users/prashantdhingra/e/a3_output/makarsankranti.net/output/content/pitru-paksha-shraddh/foundation-meaning-history-and-core-traditions/footer.fragment
pitru-paksha-shraddh/foundation-meaning-history-and-core-traditions/why-is-kusha-grass-used-in-shraddha-rituals.html,pitru-paksha-shraddh/foundation-meaning-history-and-core-traditions/why-is-kusha-grass-used-in-shraddha-rituals.html,no,merged,/Users/prashantdhingra/e/a3_output/makarsankranti.net/output/content/pitru-paksha-shraddh/foundation-meaning-history-and-core-traditions/footer.fragment
pitru-paksha-shraddh/foundation-meaning-history-and-core-traditions/shraddha-vs-pitru-paksha-what-is-the-difference.html,pitru-paksha-shraddh/foundation-meaning-history-and-core-traditions/shraddha-vs-pitru-paksha-what-is-the-difference.html,no,merged,/Users/prashantdhingra/e/a3_output/makarsankranti.net/output/content/pitru-paksha-shraddh/foundation-meaning-history-and-core-traditions/footer.fragment
pitru-paksha-shraddh/foundation-meaning-history-and-core-traditions/50-frequently-asked-questions-about-shraddha-and-pitru-paksha.html,pitru-paksha-shraddh/foundation-meaning-history-and-core-traditions/50-frequently-asked-questions-about-shraddha-and-pitru-paksha.html,no,merged,/Users/prashantdhingra/e/a3_output/makarsankranti.net/output/content/pitru-paksha-shraddh/foundation-meaning-history-and-core-traditions/footer.fragment
pitru-paksha-shraddh/foundation-meaning-history-and-core-traditions/why-are-crows-associated-with-shraddha-offerings.html,pitru-paksha-shraddh/foundation-meaning-history-and-core-traditions/why-are-crows-associated-with-shraddha-offerings.html,no,merged,/Users/prashantdhingra/e/a3_output/makarsankranti.net/output/content/pitru-paksha-shraddh/foundation-meaning-history-and-core-traditions/footer.fragment
pitru-paksha-shraddh/pitru-paksha-2026-dates-tithis-calendar-and-timing/pitru-paksha-2026-calendar-day-by-day-shraddha-tithis.html,pitru-paksha-shraddh/pitru-paksha-2026-dates-tithis-calendar-and-timing/pitru-paksha-2026-calendar-day-by-day-shraddha-tithis.html,no,merged,/Users/prashantdhingra/e/a3_output/makarsankranti.net/output/content/pitru-paksha-shraddh/pitru-paksha-2026-dates-tithis-calendar-and-timing/footer.fragment
pitru-paksha-shraddh/pitru-paksha-2026-dates-tithis-calendar-and-timing/panchami-shraddha-2026-date-and-calendar-guide.html,pitru-paksha-shraddh/pitru-paksha-2026-dates-tithis-calendar-and-timing/panchami-shraddha-2026-date-and-calendar-guide.html,no,merged,/Users/prashantdhingra/e/a3_output/makarsankranti.net/output/content/pitru-paksha-shraddh/pitru-paksha-2026-dates-tithis-calendar-and-timing/footer.fragment
pitru-paksha-shraddh/pitru-paksha-2026-dates-tithis-calendar-and-timing/chaturthi-shraddha-2026-date-and-calendar-guide.html,pitru-paksha-shraddh/pitru-paksha-2026-dates-tithis-calendar-and-timing/chaturthi-shraddha-2026-date-and-calendar-guide.html,no,merged,/Users/prashantdhingra/e/a3_output/makarsankranti.net/output/content/pitru-paksha-shraddh/pitru-paksha-2026-dates-tithis-calendar-and-timing/footer.fragment
pitru-paksha-shraddh/pitru-paksha-2026-dates-tithis-calendar-and-timing/pitru-paksha-2026-in-the-united-states-date-and-timing-considerations.html,pitru-paksha-shraddh/pitru-paksha-2026-dates-tithis-calendar-and-timing/pitru-paksha-2026-in-the-united-states-date-and-timing-considerations.html,no,merged,/Users/prashantdhingra/e/a3_output/makarsankranti.net/output/content/pitru-paksha-shraddh/pitru-paksha-2026-dates-tithis-calendar-and-timing/footer.fragment
pitru-paksha-shraddh/pitru-paksha-2026-dates-tithis-calendar-and-timing/navami-shraddha-2026-matra-navami-date-guide.html,pitru-paksha-shraddh/pitru-paksha-2026-dates-tithis-calendar-and-timing/navami-shraddha-2026-matra-navami-date-guide.html,no,merged,/Users/prashantdhingra/e/a3_output/makarsankranti.net/output/content/pitru-paksha-shraddh/pitru-paksha-2026-dates-tithis-calendar-and-timing/footer.fragment
pitru-paksha-shraddh/pitru-paksha-2026-dates-tithis-calendar-and-timing/pitru-paksha-2026-tithi-timing-why-location-matters.html,pitru-paksha-shraddh/pitru-paksha-2026-dates-tithis-calendar-and-timing/pitru-paksha-2026-tithi-timing-why-location-matters.html,no,merged,/Users/prashantdhingra/e/a3_output/makarsankranti.net/output/content/pitru-paksha-shraddh/pitru-paksha-2026-dates-tithis-calendar-and-timing/footer.fragment
pitru-paksha-shraddh/pitru-paksha-2026-dates-tithis-calendar-and-timing/pitru-paksha-2026-in-the-united-kingdom-calendar-and-timing-guide.html,pitru-paksha-shraddh/pitru-paksha-2026-dates-tithis-calendar-and-timing/pitru-paksha-2026-in-the-united-kingdom-calendar-and-timing-guide.html,no,merged,/Users/prashantdhingra/e/a3_output/makarsankranti.net/output/content/pitru-paksha-shraddh/pitru-paksha-2026-dates-tithis-calendar-and-timing/footer.fragment
pitru-paksha-shraddh/pitru-paksha-2026-dates-tithis-calendar-and-timing/index.html,pitru-paksha-shraddh/pitru-paksha-2026-dates-tithis-calendar-and-timing/index.html,no,merged,/Users/prashantdhingra/e/a3_output/makarsankranti.net/output/content/pitru-paksha-shraddh/pitru-paksha-2026-dates-tithis-calendar-and-timing/footer.fragment
pitru-paksha-shraddh/pitru-paksha-2026-dates-tithis-calendar-and-timing/maha-bharani-2026-date-and-pitru-paksha-context.html,pitru-paksha-shraddh/pitru-paksha-2026-dates-tithis-calendar-and-timing/maha-bharani-2026-date-and-pitru-paksha-context.html,no,merged,/Users/prashantdhingra/e/a3_output/makarsankranti.net/output/content/pitru-paksha-shraddh/pitru-paksha-2026-dates-tithis-calendar-and-timing/footer.fragment
pitru-paksha-shraddh/pitru-paksha-2026-dates-tithis-calendar-and-timing/dwitiya-shraddha-2026-date-and-calendar-guide.html,pitru-paksha-shraddh/pitru-paksha-2026-dates-tithis-calendar-and-timing/dwitiya-shraddha-2026-date-and-calendar-guide.html,no,merged,/Users/prashantdhingra/e/a3_output/makarsankranti.net/output/content/pitru-paksha-shraddh/pitru-paksha-2026-dates-tithis-calendar-and-timing/footer.fragment
pitru-paksha-shraddh/pitru-paksha-2026-dates-tithis-calendar-and-timing/chaturdashi-shraddha-2026-date-and-special-considerations.html,pitru-paksha-shraddh/pitru-paksha-2026-dates-tithis-calendar-and-timing/chaturdashi-shraddha-2026-date-and-special-considerations.html,no,merged,/Users/prashantdhingra/e/a3_output/makarsankranti.net/output/content/pitru-paksha-shraddh/pitru-paksha-2026-dates-tithis-calendar-and-timing/footer.fragment
pitru-paksha-shraddh/pitru-paksha-2026-dates-tithis-calendar-and-timing/saptami-shraddha-2026-date-and-calendar-guide.html,pitru-paksha-shraddh/pitru-paksha-2026-dates-tithis-calendar-and-timing/saptami-shraddha-2026-date-and-calendar-guide.html,no,merged,/Users/prashantdhingra/e/a3_output/makarsankranti.net/output/content/pitru-paksha-shraddh/pitru-paksha-2026-dates-tithis-calendar-and-timing/footer.fragment
pitru-paksha-shraddh/pitru-paksha-2026-dates-tithis-calendar-and-timing/ashtami-shraddha-2026-date-and-calendar-guide.html,pitru-paksha-shraddh/pitru-paksha-2026-dates-tithis-calendar-and-timing/ashtami-shraddha-2026-date-and-calendar-guide.html,no,merged,/Users/prashantdhingra/e/a3_output/makarsankranti.net/output/content/pitru-paksha-shraddh/pitru-paksha-2026-dates-tithis-calendar-and-timing/footer.fragment
pitru-paksha-shraddh/pitru-paksha-2026-dates-tithis-calendar-and-timing/why-chaturthi-and-panchami-shraddha-share-september-30-2026.html,pitru-paksha-shraddh/pitru-paksha-2026-dates-tithis-calendar-and-timing/why-chaturthi-and-panchami-shraddha-share-september-30-2026.html,no,merged,/Users/prashantdhingra/e/a3_output/makarsankranti.net/output/content/pitru-paksha-shraddh/pitru-paksha-2026-dates-tithis-calendar-and-timing/footer.fragment
pitru-paksha-shraddh/pitru-paksha-2026-dates-tithis-calendar-and-timing/dashami-shraddha-2026-date-and-calendar-guide.html,pitru-paksha-shraddh/pitru-paksha-2026-dates-tithis-calendar-and-timing/dashami-shraddha-2026-date-and-calendar-guide.html,no,merged,/Users/prashantdhingra/e/a3_output/makarsankranti.net/output/content/pitru-paksha-shraddh/pitru-paksha-2026-dates-tithis-calendar-and-timing/footer.fragment
pitru-paksha-shraddh/pitru-paksha-2026-dates-tithis-calendar-and-timing/pitru-paksha-2026-in-india-calendar-and-observance-planning-guide.html,pitru-paksha-shraddh/pitru-paksha-2026-dates-tithis-calendar-and-timing/pitru-paksha-2026-in-india-calendar-and-observance-planning-guide.html,no,merged,/Users/prashantdhingra/e/a3_output/makarsankranti.net/output/content/pitru-paksha-shraddh/pitru-paksha-2026-dates-tithis-calendar-and-timing/footer.fragment
pitru-paksha-shraddh/pitru-paksha-2026-dates-tithis-calendar-and-timing/what-if-you-do-not-know-an-ancestors-death-tithi.html,pitru-paksha-shraddh/pitru-paksha-2026-dates-tithis-calendar-and-timing/what-if-you-do-not-know-an-ancestors-death-tithi.html,no,merged,/Users/prashantdhingra/e/a3_output/makarsankranti.net/output/content/pitru-paksha-shraddh/pitru-paksha-2026-dates-tithis-calendar-and-timing/footer.fragment
pitru-paksha-shraddh/pitru-paksha-2026-dates-tithis-calendar-and-timing/can-shraddha-be-performed-on-sarva-pitru-amavasya-for-all-ancestors.html,pitru-paksha-shraddh/pitru-paksha-2026-dates-tithis-calendar-and-timing/can-shraddha-be-performed-on-sarva-pitru-amavasya-for-all-ancestors.html,no,merged,/Users/prashantdhingra/e/a3_output/makarsankranti.net/output/content/pitru-paksha-shraddh/pitru-paksha-2026-dates-tithis-calendar-and-timing/footer.fragment
pitru-paksha-shraddh/pitru-paksha-2026-dates-tithis-calendar-and-timing/pitru-paksha-date-vs-shraddha-tithi-what-is-the-difference.html,pitru-paksha-shraddh/pitru-paksha-2026-dates-tithis-calendar-and-timing/pitru-paksha-date-vs-shraddha-tithi-what-is-the-difference.html,no,merged,/Users/prashantdhingra/e/a3_output/makarsankranti.net/output/content/pitru-paksha-shraddh/pitru-paksha-2026-dates-tithis-calendar-and-timing/footer.fragment
pitru-paksha-shraddh/pitru-paksha-2026-dates-tithis-calendar-and-timing/sarva-pitru-amavasya-2026-date-meaning-and-observance-guide.html,pitru-paksha-shraddh/pitru-paksha-2026-dates-tithis-calendar-and-timing/sarva-pitru-amavasya-2026-date-meaning-and-observance-guide.html,no,merged,/Users/prashantdhingra/e/a3_output/makarsankranti.net/output/content/pitru-paksha-shraddh/pitru-paksha-2026-dates-tithis-calendar-and-timing/footer.fragment
pitru-paksha-shraddh/pitru-paksha-2026-dates-tithis-calendar-and-timing/pitru-paksha-2026-in-dubai-and-the-uae-calendar-guide.html,pitru-paksha-shraddh/pitru-paksha-2026-dates-tithis-calendar-and-timing/pitru-paksha-2026-in-dubai-and-the-uae-calendar-guide.html,no,merged,/Users/prashantdhingra/e/a3_output/makarsankranti.net/output/content/pitru-paksha-shraddh/pitru-paksha-2026-dates-tithis-calendar-and-timing/footer.fragment
pitru-paksha-shraddh/pitru-paksha-2026-dates-tithis-calendar-and-timing/magha-shraddha-2026-date-and-pitru-paksha-context.html,pitru-paksha-shraddh/pitru-paksha-2026-dates-tithis-calendar-and-timing/magha-shraddha-2026-date-and-pitru-paksha-context.html,no,merged,/Users/prashantdhingra/e/a3_output/makarsankranti.net/output/content/pitru-paksha-shraddh/pitru-paksha-2026-dates-tithis-calendar-and-timing/footer.fragment
pitru-paksha-shraddh/pitru-paksha-2026-dates-tithis-calendar-and-timing/when-is-pitru-paksha-2026.html,pitru-paksha-shraddh/pitru-paksha-2026-dates-tithis-calendar-and-timing/when-is-pitru-paksha-2026.html,no,merged,/Users/prashantdhingra/e/a3_output/makarsankranti.net/output/content/pitru-paksha-shraddh/pitru-paksha-2026-dates-tithis-calendar-and-timing/footer.fragment
pitru-paksha-shraddh/pitru-paksha-2026-dates-tithis-calendar-and-timing/how-is-the-correct-shraddha-tithi-chosen-during-pitru-paksha.html,pitru-paksha-shraddh/pitru-paksha-2026-dates-tithis-calendar-and-timing/how-is-the-correct-shraddha-tithi-chosen-during-pitru-paksha.html,no,merged,/Users/prashantdhingra/e/a3_output/makarsankranti.net/output/content/pitru-paksha-shraddh/pitru-paksha-2026-dates-tithis-calendar-and-timing/footer.fragment
pitru-paksha-shraddh/pitru-paksha-2026-dates-tithis-calendar-and-timing/pitru-paksha-2026-in-canada-calendar-and-timing-considerations.html,pitru-paksha-shraddh/pitru-paksha-2026-dates-tithis-calendar-and-timing/pitru-paksha-2026-in-canada-calendar-and-timing-considerations.html,no,merged,/Users/prashantdhingra/e/a3_output/makarsankranti.net/output/content/pitru-paksha-shraddh/pitru-paksha-2026-dates-tithis-calendar-and-timing/footer.fragment
pitru-paksha-shraddh/pitru-paksha-2026-dates-tithis-calendar-and-timing/how-panchang-tithi-and-local-sunrise-affect-shraddha-timing.html,pitru-paksha-shraddh/pitru-paksha-2026-dates-tithis-calendar-and-timing/how-panchang-tithi-and-local-sunrise-affect-shraddha-timing.html,no,merged,/Users/prashantdhingra/e/a3_output/makarsankranti.net/output/content/pitru-paksha-shraddh/pitru-paksha-2026-dates-tithis-calendar-and-timing/footer.fragment
pitru-paksha-shraddh/pitru-paksha-2026-dates-tithis-calendar-and-timing/purnima-shraddha-2026-date-and-pitru-paksha-context.html,pitru-paksha-shraddh/pitru-paksha-2026-dates-tithis-calendar-and-timing/purnima-shraddha-2026-date-and-pitru-paksha-context.html,no,merged,/Users/prashantdhingra/e/a3_output/makarsankranti.net/output/content/pitru-paksha-shraddh/pitru-paksha-2026-dates-tithis-calendar-and-timing/footer.fragment
pitru-paksha-shraddh/pitru-paksha-2026-dates-tithis-calendar-and-timing/pitru-paksha-2026-key-dates-at-a-glance.html,pitru-paksha-shraddh/pitru-paksha-2026-dates-tithis-calendar-and-timing/pitru-paksha-2026-key-dates-at-a-glance.html,no,merged,/Users/prashantdhingra/e/a3_output/makarsankranti.net/output/content/pitru-paksha-shraddh/pitru-paksha-2026-dates-tithis-calendar-and-timing/footer.fragment
pitru-paksha-shraddh/pitru-paksha-2026-dates-tithis-calendar-and-timing/pitru-paksha-2026-reminder-checklist-for-families.html,pitru-paksha-shraddh/pitru-paksha-2026-dates-tithis-calendar-and-timing/pitru-paksha-2026-reminder-checklist-for-families.html,no,merged,/Users/prashantdhingra/e/a3_output/makarsankranti.net/output/content/pitru-paksha-shraddh/pitru-paksha-2026-dates-tithis-calendar-and-timing/footer.fragment
pitru-paksha-shraddh/pitru-paksha-2026-dates-tithis-calendar-and-timing/mahalaya-amavasya-2026-date-meaning-and-shraddha-traditions.html,pitru-paksha-shraddh/pitru-paksha-2026-dates-tithis-calendar-and-timing/mahalaya-amavasya-2026-date-meaning-and-shraddha-traditions.html,no,merged,/Users/prashantdhingra/e/a3_output/makarsankranti.net/output/content/pitru-paksha-shraddh/pitru-paksha-2026-dates-tithis-calendar-and-timing/footer.fragment
pitru-paksha-shraddh/pitru-paksha-2026-dates-tithis-calendar-and-timing/pitru-paksha-2026-in-australia-date-and-timing-considerations.html,pitru-paksha-shraddh/pitru-paksha-2026-dates-tithis-calendar-and-timing/pitru-paksha-2026-in-australia-date-and-timing-considerations.html,no,merged,/Users/prashantdhingra/e/a3_output/makarsankranti.net/output/content/pitru-paksha-shraddh/pitru-paksha-2026-dates-tithis-calendar-and-timing/footer.fragment
pitru-paksha-shraddh/pitru-paksha-2026-dates-tithis-calendar-and-timing/shashthi-shraddha-2026-date-and-calendar-guide.html,pitru-paksha-shraddh/pitru-paksha-2026-dates-tithis-calendar-and-timing/shashthi-shraddha-2026-date-and-calendar-guide.html,no,merged,/Users/prashantdhingra/e/a3_output/makarsankranti.net/output/content/pitru-paksha-shraddh/pitru-paksha-2026-dates-tithis-calendar-and-timing/footer.fragment
pitru-paksha-shraddh/pitru-paksha-2026-dates-tithis-calendar-and-timing/pratipada-shraddha-2026-date-and-calendar-guide.html,pitru-paksha-shraddh/pitru-paksha-2026-dates-tithis-calendar-and-timing/pratipada-shraddha-2026-date-and-calendar-guide.html,no,merged,/Users/prashantdhingra/e/a3_output/makarsankranti.net/output/content/pitru-paksha-shraddh/pitru-paksha-2026-dates-tithis-calendar-and-timing/footer.fragment
pitru-paksha-shraddh/pitru-paksha-2026-dates-tithis-calendar-and-timing/ekadashi-shraddha-2026-date-and-calendar-guide.html,pitru-paksha-shraddh/pitru-paksha-2026-dates-tithis-calendar-and-timing/ekadashi-shraddha-2026-date-and-calendar-guide.html,no,merged,/Users/prashantdhingra/e/a3_output/makarsankranti.net/output/content/pitru-paksha-shraddh/pitru-paksha-2026-dates-tithis-calendar-and-timing/footer.fragment
pitru-paksha-shraddh/pitru-paksha-2026-dates-tithis-calendar-and-timing/dwadashi-shraddha-2026-date-and-calendar-guide.html,pitru-paksha-shraddh/pitru-paksha-2026-dates-tithis-calendar-and-timing/dwadashi-shraddha-2026-date-and-calendar-guide.html,no,merged,/Users/prashantdhingra/e/a3_output/makarsankranti.net/output/content/pitru-paksha-shraddh/pitru-paksha-2026-dates-tithis-calendar-and-timing/footer.fragment
pitru-paksha-shraddh/pitru-paksha-2026-dates-tithis-calendar-and-timing/how-to-plan-family-shraddha-rituals-during-pitru-paksha-2026.html,pitru-paksha-shraddh/pitru-paksha-2026-dates-tithis-calendar-and-timing/how-to-plan-family-shraddha-rituals-during-pitru-paksha-2026.html,no,merged,/Users/prashantdhingra/e/a3_output/makarsankranti.net/output/content/pitru-paksha-shraddh/pitru-paksha-2026-dates-tithis-calendar-and-timing/footer.fragment
pitru-paksha-shraddh/pitru-paksha-2026-dates-tithis-calendar-and-timing/tritiya-shraddha-2026-date-and-calendar-guide.html,pitru-paksha-shraddh/pitru-paksha-2026-dates-tithis-calendar-and-timing/tritiya-shraddha-2026-date-and-calendar-guide.html,no,merged,/Users/prashantdhingra/e/a3_output/makarsankranti.net/output/content/pitru-paksha-shraddh/pitru-paksha-2026-dates-tithis-calendar-and-timing/footer.fragment
pitru-paksha-shraddh/pitru-paksha-2026-dates-tithis-calendar-and-timing/pitru-paksha-2026-faq-dates-tithis-timing-and-observance.html,pitru-paksha-shraddh/pitru-paksha-2026-dates-tithis-calendar-and-timing/pitru-paksha-2026-faq-dates-tithis-timing-and-observance.html,no,merged,/Users/prashantdhingra/e/a3_output/makarsankranti.net/output/content/pitru-paksha-shraddh/pitru-paksha-2026-dates-tithis-calendar-and-timing/footer.fragment
pitru-paksha-shraddh/pitru-paksha-2026-dates-tithis-calendar-and-timing/pitru-paksha-2026-dates-start-end-and-complete-tithi-guide.html,pitru-paksha-shraddh/pitru-paksha-2026-dates-tithis-calendar-and-timing/pitru-paksha-2026-dates-start-end-and-complete-tithi-guide.html,no,merged,/Users/prashantdhingra/e/a3_output/makarsankranti.net/output/content/pitru-paksha-shraddh/pitru-paksha-2026-dates-tithis-calendar-and-timing/footer.fragment
pitru-paksha-shraddh/pitru-paksha-2026-dates-tithis-calendar-and-timing/trayodashi-shraddha-2026-date-and-calendar-guide.html,pitru-paksha-shraddh/pitru-paksha-2026-dates-tithis-calendar-and-timing/trayodashi-shraddha-2026-date-and-calendar-guide.html,no,merged,/Users/prashantdhingra/e/a3_output/makarsankranti.net/output/content/pitru-paksha-shraddh/pitru-paksha-2026-dates-tithis-calendar-and-timing/footer.fragment
pitru-paksha-shraddh/scriptures-stories-symbolism-and-philosophy/garuda-purana-and-shraddha-what-is-commonly-associated-with-the-tradition.html,pitru-paksha-shraddh/scriptures-stories-symbolism-and-philosophy/garuda-purana-and-shraddha-what-is-commonly-associated-with-the-tradition.html,no,merged,/Users/prashantdhingra/e/a3_output/makarsankranti.net/output/content/pitru-paksha-shraddh/scriptures-stories-symbolism-and-philosophy/footer.fragment
pitru-paksha-shraddh/scriptures-stories-symbolism-and-philosophy/mahabharata-and-ancestor-offerings-stories-commonly-linked-to-pitru-paksha.html,pitru-paksha-shraddh/scriptures-stories-symbolism-and-philosophy/mahabharata-and-ancestor-offerings-stories-commonly-linked-to-pitru-paksha.html,no,merged,/Users/prashantdhingra/e/a3_output/makarsankranti.net/output/content/pitru-paksha-shraddh/scriptures-stories-symbolism-and-philosophy/footer.fragment
pitru-paksha-shraddh/scriptures-stories-symbolism-and-philosophy/index.html,pitru-paksha-shraddh/scriptures-stories-symbolism-and-philosophy/index.html,no,merged,/Users/prashantdhingra/e/a3_output/makarsankranti.net/output/content/pitru-paksha-shraddh/scriptures-stories-symbolism-and-philosophy/footer.fragment
pitru-paksha-shraddh/scriptures-stories-symbolism-and-philosophy/shraddha-in-hindu-textual-traditions-a-beginners-overview.html,pitru-paksha-shraddh/scriptures-stories-symbolism-and-philosophy/shraddha-in-hindu-textual-traditions-a-beginners-overview.html,no,merged,/Users/prashantdhingra/e/a3_output/makarsankranti.net/output/content/pitru-paksha-shraddh/scriptures-stories-symbolism-and-philosophy/footer.fragment
pitru-paksha-shraddh/scriptures-stories-symbolism-and-philosophy/the-symbolism-of-water-in-ancestor-rituals.html,pitru-paksha-shraddh/scriptures-stories-symbolism-and-philosophy/the-symbolism-of-water-in-ancestor-rituals.html,no,merged,/Users/prashantdhingra/e/a3_output/makarsankranti.net/output/content/pitru-paksha-shraddh/scriptures-stories-symbolism-and-philosophy/footer.fragment
pitru-paksha-shraddh/scriptures-stories-symbolism-and-philosophy/dharma-family-and-ancestral-responsibility-in-shraddha-traditions.html,pitru-paksha-shraddh/scriptures-stories-symbolism-and-philosophy/dharma-family-and-ancestral-responsibility-in-shraddha-traditions.html,no,merged,/Users/prashantdhingra/e/a3_output/makarsankranti.net/output/content/pitru-paksha-shraddh/scriptures-stories-symbolism-and-philosophy/footer.fragment
pitru-paksha-shraddh/scriptures-stories-symbolism-and-philosophy/the-role-of-memory-and-lineage-in-shraddha-tradition.html,pitru-paksha-shraddh/scriptures-stories-symbolism-and-philosophy/the-role-of-memory-and-lineage-in-shraddha-tradition.html,no,merged,/Users/prashantdhingra/e/a3_output/makarsankranti.net/output/content/pitru-paksha-shraddh/scriptures-stories-symbolism-and-philosophy/footer.fragment
pitru-paksha-shraddh/scriptures-stories-symbolism-and-philosophy/what-is-pitru-loka-traditional-concepts-explained.html,pitru-paksha-shraddh/scriptures-stories-symbolism-and-philosophy/what-is-pitru-loka-traditional-concepts-explained.html,no,merged,/Users/prashantdhingra/e/a3_output/makarsankranti.net/output/content/pitru-paksha-shraddh/scriptures-stories-symbolism-and-philosophy/footer.fragment
pitru-paksha-shraddh/scriptures-stories-symbolism-and-philosophy/shraddha-as-ritual-vs-shraddha-as-remembrance-understanding-both-dimensions.html,pitru-paksha-shraddh/scriptures-stories-symbolism-and-philosophy/shraddha-as-ritual-vs-shraddha-as-remembrance-understanding-both-dimensions.html,no,merged,/Users/prashantdhingra/e/a3_output/makarsankranti.net/output/content/pitru-paksha-shraddh/scriptures-stories-symbolism-and-philosophy/footer.fragment
pitru-paksha-shraddh/scriptures-stories-symbolism-and-philosophy/pitru-paksha-symbolism-for-beginners.html,pitru-paksha-shraddh/scriptures-stories-symbolism-and-philosophy/pitru-paksha-symbolism-for-beginners.html,no,merged,/Users/prashantdhingra/e/a3_output/makarsankranti.net/output/content/pitru-paksha-shraddh/scriptures-stories-symbolism-and-philosophy/footer.fragment
pitru-paksha-shraddh/scriptures-stories-symbolism-and-philosophy/why-charity-is-connected-with-ancestor-remembrance.html,pitru-paksha-shraddh/scriptures-stories-symbolism-and-philosophy/why-charity-is-connected-with-ancestor-remembrance.html,no,merged,/Users/prashantdhingra/e/a3_output/makarsankranti.net/output/content/pitru-paksha-shraddh/scriptures-stories-symbolism-and-philosophy/footer.fragment
pitru-paksha-shraddh/scriptures-stories-symbolism-and-philosophy/why-gratitude-to-ancestors-is-important-in-hindu-philosophy.html,pitru-paksha-shraddh/scriptures-stories-symbolism-and-philosophy/why-gratitude-to-ancestors-is-important-in-hindu-philosophy.html,no,merged,/Users/prashantdhingra/e/a3_output/makarsankranti.net/output/content/pitru-paksha-shraddh/scriptures-stories-symbolism-and-philosophy/footer.fragment
pitru-paksha-shraddh/scriptures-stories-symbolism-and-philosophy/pitru-rina-the-idea-of-a-debt-or-responsibility-to-ancestors.html,pitru-paksha-shraddh/scriptures-stories-symbolism-and-philosophy/pitru-rina-the-idea-of-a-debt-or-responsibility-to-ancestors.html,no,merged,/Users/prashantdhingra/e/a3_output/makarsankranti.net/output/content/pitru-paksha-shraddh/scriptures-stories-symbolism-and-philosophy/footer.fragment
pitru-paksha-shraddh/scriptures-stories-symbolism-and-philosophy/common-pitru-paksha-stories-and-how-to-present-them-responsibly.html,pitru-paksha-shraddh/scriptures-stories-symbolism-and-philosophy/common-pitru-paksha-stories-and-how-to-present-them-responsibly.html,no,merged,/Users/prashantdhingra/e/a3_output/makarsankranti.net/output/content/pitru-paksha-shraddh/scriptures-stories-symbolism-and-philosophy/footer.fragment
pitru-paksha-shraddh/scriptures-stories-symbolism-and-philosophy/how-regional-retellings-shape-pitru-paksha-stories.html,pitru-paksha-shraddh/scriptures-stories-symbolism-and-philosophy/how-regional-retellings-shape-pitru-paksha-stories.html,no,merged,/Users/prashantdhingra/e/a3_output/makarsankranti.net/output/content/pitru-paksha-shraddh/scriptures-stories-symbolism-and-philosophy/footer.fragment
pitru-paksha-shraddh/scriptures-stories-symbolism-and-philosophy/the-symbolism-of-sesame-seeds-in-shraddha.html,pitru-paksha-shraddh/scriptures-stories-symbolism-and-philosophy/the-symbolism-of-sesame-seeds-in-shraddha.html,no,merged,/Users/prashantdhingra/e/a3_output/makarsankranti.net/output/content/pitru-paksha-shraddh/scriptures-stories-symbolism-and-philosophy/footer.fragment
pitru-paksha-shraddh/scriptures-stories-symbolism-and-philosophy/the-symbolism-of-kusha-grass-in-ancestral-rituals.html,pitru-paksha-shraddh/scriptures-stories-symbolism-and-philosophy/the-symbolism-of-kusha-grass-in-ancestral-rituals.html,no,merged,/Users/prashantdhingra/e/a3_output/makarsankranti.net/output/content/pitru-paksha-shraddh/scriptures-stories-symbolism-and-philosophy/footer.fragment
pitru-paksha-shraddh/scriptures-stories-symbolism-and-philosophy/pitru-paksha-in-hindu-tradition-scriptural-and-cultural-context.html,pitru-paksha-shraddh/scriptures-stories-symbolism-and-philosophy/pitru-paksha-in-hindu-tradition-scriptural-and-cultural-context.html,no,merged,/Users/prashantdhingra/e/a3_output/makarsankranti.net/output/content/pitru-paksha-shraddh/scriptures-stories-symbolism-and-philosophy/footer.fragment
pitru-paksha-shraddh/scriptures-stories-symbolism-and-philosophy/scripture-and-tradition-faq-understanding-shraddha-without-oversimplifying-it.html,pitru-paksha-shraddh/scriptures-stories-symbolism-and-philosophy/scripture-and-tradition-faq-understanding-shraddha-without-oversimplifying-it.html,no,merged,/Users/prashantdhingra/e/a3_output/makarsankranti.net/output/content/pitru-paksha-shraddh/scriptures-stories-symbolism-and-philosophy/footer.fragment
pitru-paksha-shraddh/scriptures-stories-symbolism-and-philosophy/the-symbolism-of-pindas-in-pind-daan.html,pitru-paksha-shraddh/scriptures-stories-symbolism-and-philosophy/the-symbolism-of-pindas-in-pind-daan.html,no,merged,/Users/prashantdhingra/e/a3_output/makarsankranti.net/output/content/pitru-paksha-shraddh/scriptures-stories-symbolism-and-philosophy/footer.fragment
pitru-paksha-shraddh/scriptures-stories-symbolism-and-philosophy/the-story-of-karna-and-pitru-paksha-tradition-meaning-and-interpretation.html,pitru-paksha-shraddh/scriptures-stories-symbolism-and-philosophy/the-story-of-karna-and-pitru-paksha-tradition-meaning-and-interpretation.html,no,merged,/Users/prashantdhingra/e/a3_output/makarsankranti.net/output/content/pitru-paksha-shraddh/scriptures-stories-symbolism-and-philosophy/footer.fragment
pitru-paksha-shraddh/tithis-special-observances-and-family-circumstances/panchami-shraddha-general-meaning-and-observance-guide.html,pitru-paksha-shraddh/tithis-special-observances-and-family-circumstances/panchami-shraddha-general-meaning-and-observance-guide.html,no,merged,/Users/prashantdhingra/e/a3_output/makarsankranti.net/output/content/pitru-paksha-shraddh/tithis-special-observances-and-family-circumstances/footer.fragment
pitru-paksha-shraddh/tithis-special-observances-and-family-circumstances/index.html,pitru-paksha-shraddh/tithis-special-observances-and-family-circumstances/index.html,no,merged,/Users/prashantdhingra/e/a3_output/makarsankranti.net/output/content/pitru-paksha-shraddh/tithis-special-observances-and-family-circumstances/footer.fragment
pitru-paksha-shraddh/tithis-special-observances-and-family-circumstances/chaturthi-shraddha-general-meaning-and-observance-guide.html,pitru-paksha-shraddh/tithis-special-observances-and-family-circumstances/chaturthi-shraddha-general-meaning-and-observance-guide.html,no,merged,/Users/prashantdhingra/e/a3_output/makarsankranti.net/output/content/pitru-paksha-shraddh/tithis-special-observances-and-family-circumstances/footer.fragment
pitru-paksha-shraddh/tithis-special-observances-and-family-circumstances/trayodashi-shraddha-general-meaning-and-observance-guide.html,pitru-paksha-shraddh/tithis-special-observances-and-family-circumstances/trayodashi-shraddha-general-meaning-and-observance-guide.html,no,merged,/Users/prashantdhingra/e/a3_output/makarsankranti.net/output/content/pitru-paksha-shraddh/tithis-special-observances-and-family-circumstances/footer.fragment
pitru-paksha-shraddh/tithis-special-observances-and-family-circumstances/tritiya-shraddha-general-meaning-and-observance-guide.html,pitru-paksha-shraddh/tithis-special-observances-and-family-circumstances/tritiya-shraddha-general-meaning-and-observance-guide.html,no,merged,/Users/prashantdhingra/e/a3_output/makarsankranti.net/output/content/pitru-paksha-shraddh/tithis-special-observances-and-family-circumstances/footer.fragment
pitru-paksha-shraddh/tithis-special-observances-and-family-circumstances/dashami-shraddha-general-meaning-and-observance-guide.html,pitru-paksha-shraddh/tithis-special-observances-and-family-circumstances/dashami-shraddha-general-meaning-and-observance-guide.html,no,merged,/Users/prashantdhingra/e/a3_output/makarsankranti.net/output/content/pitru-paksha-shraddh/tithis-special-observances-and-family-circumstances/footer.fragment
pitru-paksha-shraddh/tithis-special-observances-and-family-circumstances/amavasya-shraddha-meaning-and-general-observance-guide.html,pitru-paksha-shraddh/tithis-special-observances-and-family-circumstances/amavasya-shraddha-meaning-and-general-observance-guide.html,no,merged,/Users/prashantdhingra/e/a3_output/makarsankranti.net/output/content/pitru-paksha-shraddh/tithis-special-observances-and-family-circumstances/footer.fragment
pitru-paksha-shraddh/tithis-special-observances-and-family-circumstances/shraddha-when-the-exact-death-date-is-unknown.html,pitru-paksha-shraddh/tithis-special-observances-and-family-circumstances/shraddha-when-the-exact-death-date-is-unknown.html,no,merged,/Users/prashantdhingra/e/a3_output/makarsankranti.net/output/content/pitru-paksha-shraddh/tithis-special-observances-and-family-circumstances/footer.fragment
pitru-paksha-shraddh/tithis-special-observances-and-family-circumstances/ashtami-shraddha-general-meaning-and-observance-guide.html,pitru-paksha-shraddh/tithis-special-observances-and-family-circumstances/ashtami-shraddha-general-meaning-and-observance-guide.html,no,merged,/Users/prashantdhingra/e/a3_output/makarsankranti.net/output/content/pitru-paksha-shraddh/tithis-special-observances-and-family-circumstances/footer.fragment
pitru-paksha-shraddh/tithis-special-observances-and-family-circumstances/dwitiya-shraddha-general-meaning-and-observance-guide.html,pitru-paksha-shraddh/tithis-special-observances-and-family-circumstances/dwitiya-shraddha-general-meaning-and-observance-guide.html,no,merged,/Users/prashantdhingra/e/a3_output/makarsankranti.net/output/content/pitru-paksha-shraddh/tithis-special-observances-and-family-circumstances/footer.fragment
pitru-paksha-shraddh/tithis-special-observances-and-family-circumstances/shraddha-for-mother-father-and-other-ancestors-how-family-practice-can-differ.html,pitru-paksha-shraddh/tithis-special-observances-and-family-circumstances/shraddha-for-mother-father-and-other-ancestors-how-family-practice-can-differ.html,no,merged,/Users/prashantdhingra/e/a3_output/makarsankranti.net/output/content/pitru-paksha-shraddh/tithis-special-observances-and-family-circumstances/footer.fragment
pitru-paksha-shraddh/tithis-special-observances-and-family-circumstances/chaturdashi-shraddha-general-meaning-and-observance-guide.html,pitru-paksha-shraddh/tithis-special-observances-and-family-circumstances/chaturdashi-shraddha-general-meaning-and-observance-guide.html,no,merged,/Users/prashantdhingra/e/a3_output/makarsankranti.net/output/content/pitru-paksha-shraddh/tithis-special-observances-and-family-circumstances/footer.fragment
pitru-paksha-shraddh/tithis-special-observances-and-family-circumstances/navami-shraddha-general-meaning-and-observance-guide.html,pitru-paksha-shraddh/tithis-special-observances-and-family-circumstances/navami-shraddha-general-meaning-and-observance-guide.html,no,merged,/Users/prashantdhingra/e/a3_output/makarsankranti.net/output/content/pitru-paksha-shraddh/tithis-special-observances-and-family-circumstances/footer.fragment
pitru-paksha-shraddh/tithis-special-observances-and-family-circumstances/ekadashi-shraddha-general-meaning-and-observance-guide.html,pitru-paksha-shraddh/tithis-special-observances-and-family-circumstances/ekadashi-shraddha-general-meaning-and-observance-guide.html,no,merged,/Users/prashantdhingra/e/a3_output/makarsankranti.net/output/content/pitru-paksha-shraddh/tithis-special-observances-and-family-circumstances/footer.fragment
pitru-paksha-shraddh/tithis-special-observances-and-family-circumstances/dwadashi-shraddha-general-meaning-and-observance-guide.html,pitru-paksha-shraddh/tithis-special-observances-and-family-circumstances/dwadashi-shraddha-general-meaning-and-observance-guide.html,no,merged,/Users/prashantdhingra/e/a3_output/makarsankranti.net/output/content/pitru-paksha-shraddh/tithis-special-observances-and-family-circumstances/footer.fragment
pitru-paksha-shraddh/tithis-special-observances-and-family-circumstances/saptami-shraddha-general-meaning-and-observance-guide.html,pitru-paksha-shraddh/tithis-special-observances-and-family-circumstances/saptami-shraddha-general-meaning-and-observance-guide.html,no,merged,/Users/prashantdhingra/e/a3_output/makarsankranti.net/output/content/pitru-paksha-shraddh/tithis-special-observances-and-family-circumstances/footer.fragment
pitru-paksha-shraddh/tithis-special-observances-and-family-circumstances/shraddha-tithi-faq-choosing-the-right-day-and-handling-special-cases.html,pitru-paksha-shraddh/tithis-special-observances-and-family-circumstances/shraddha-tithi-faq-choosing-the-right-day-and-handling-special-cases.html,no,merged,/Users/prashantdhingra/e/a3_output/makarsankranti.net/output/content/pitru-paksha-shraddh/tithis-special-observances-and-family-circumstances/footer.fragment
pitru-paksha-shraddh/tithis-special-observances-and-family-circumstances/sarva-pitru-amavasya-why-it-is-important-in-pitru-paksha.html,pitru-paksha-shraddh/tithis-special-observances-and-family-circumstances/sarva-pitru-amavasya-why-it-is-important-in-pitru-paksha.html,no,merged,/Users/prashantdhingra/e/a3_output/makarsankranti.net/output/content/pitru-paksha-shraddh/tithis-special-observances-and-family-circumstances/footer.fragment
pitru-paksha-shraddh/tithis-special-observances-and-family-circumstances/shraddha-by-tithi-how-families-match-the-ritual-to-an-ancestors-lunar-date.html,pitru-paksha-shraddh/tithis-special-observances-and-family-circumstances/shraddha-by-tithi-how-families-match-the-ritual-to-an-ancestors-lunar-date.html,no,merged,/Users/prashantdhingra/e/a3_output/makarsankranti.net/output/content/pitru-paksha-shraddh/tithis-special-observances-and-family-circumstances/footer.fragment
pitru-paksha-shraddh/tithis-special-observances-and-family-circumstances/shashthi-shraddha-general-meaning-and-observance-guide.html,pitru-paksha-shraddh/tithis-special-observances-and-family-circumstances/shashthi-shraddha-general-meaning-and-observance-guide.html,no,merged,/Users/prashantdhingra/e/a3_output/makarsankranti.net/output/content/pitru-paksha-shraddh/tithis-special-observances-and-family-circumstances/footer.fragment
pitru-paksha-shraddh/tithis-special-observances-and-family-circumstances/pratipada-shraddha-general-meaning-and-observance-guide.html,pitru-paksha-shraddh/tithis-special-observances-and-family-circumstances/pratipada-shraddha-general-meaning-and-observance-guide.html,no,merged,/Users/prashantdhingra/e/a3_output/makarsankranti.net/output/content/pitru-paksha-shraddh/tithis-special-observances-and-family-circumstances/footer.fragment
pitru-paksha-shraddh/food-offerings-recipes-and-dietary-customs/puri-and-seasonal-sabzi-for-shraddha-meal-general-guide.html,pitru-paksha-shraddh/food-offerings-recipes-and-dietary-customs/puri-and-seasonal-sabzi-for-shraddha-meal-general-guide.html,no,merged,/Users/prashantdhingra/e/a3_output/makarsankranti.net/output/content/pitru-paksha-shraddh/food-offerings-recipes-and-dietary-customs/footer.fragment
pitru-paksha-shraddh/food-offerings-recipes-and-dietary-customs/can-packaged-or-restaurant-food-be-used-for-shraddha.html,pitru-paksha-shraddh/food-offerings-recipes-and-dietary-customs/can-packaged-or-restaurant-food-be-used-for-shraddha.html,no,merged,/Users/prashantdhingra/e/a3_output/makarsankranti.net/output/content/pitru-paksha-shraddh/food-offerings-recipes-and-dietary-customs/footer.fragment
pitru-paksha-shraddh/food-offerings-recipes-and-dietary-customs/pitru-paksha-meal-ideas-for-families-living-abroad.html,pitru-paksha-shraddh/food-offerings-recipes-and-dietary-customs/pitru-paksha-meal-ideas-for-families-living-abroad.html,no,merged,/Users/prashantdhingra/e/a3_output/makarsankranti.net/output/content/pitru-paksha-shraddh/food-offerings-recipes-and-dietary-customs/footer.fragment
pitru-paksha-shraddh/food-offerings-recipes-and-dietary-customs/how-to-prepare-food-respectfully-for-a-shraddha-ritual.html,pitru-paksha-shraddh/food-offerings-recipes-and-dietary-customs/how-to-prepare-food-respectfully-for-a-shraddha-ritual.html,no,merged,/Users/prashantdhingra/e/a3_output/makarsankranti.net/output/content/pitru-paksha-shraddh/food-offerings-recipes-and-dietary-customs/footer.fragment
pitru-paksha-shraddh/food-offerings-recipes-and-dietary-customs/dal-and-rice-ideas-for-a-simple-shraddha-meal.html,pitru-paksha-shraddh/food-offerings-recipes-and-dietary-customs/dal-and-rice-ideas-for-a-simple-shraddha-meal.html,no,merged,/Users/prashantdhingra/e/a3_output/makarsankranti.net/output/content/pitru-paksha-shraddh/food-offerings-recipes-and-dietary-customs/footer.fragment
pitru-paksha-shraddh/food-offerings-recipes-and-dietary-customs/index.html,pitru-paksha-shraddh/food-offerings-recipes-and-dietary-customs/index.html,no,merged,/Users/prashantdhingra/e/a3_output/makarsankranti.net/output/content/pitru-paksha-shraddh/food-offerings-recipes-and-dietary-customs/footer.fragment
pitru-paksha-shraddh/food-offerings-recipes-and-dietary-customs/shraddha-meal-planning-for-a-larger-family-gathering.html,pitru-paksha-shraddh/food-offerings-recipes-and-dietary-customs/shraddha-meal-planning-for-a-larger-family-gathering.html,no,merged,/Users/prashantdhingra/e/a3_output/makarsankranti.net/output/content/pitru-paksha-shraddh/food-offerings-recipes-and-dietary-customs/footer.fragment
pitru-paksha-shraddh/food-offerings-recipes-and-dietary-customs/why-sesame-is-used-in-shraddha-food-and-ritual-offerings.html,pitru-paksha-shraddh/food-offerings-recipes-and-dietary-customs/why-sesame-is-used-in-shraddha-food-and-ritual-offerings.html,no,merged,/Users/prashantdhingra/e/a3_output/makarsankranti.net/output/content/pitru-paksha-shraddh/food-offerings-recipes-and-dietary-customs/footer.fragment
pitru-paksha-shraddh/food-offerings-recipes-and-dietary-customs/kheer-for-shraddha-traditional-context-and-simple-recipe.html,pitru-paksha-shraddh/food-offerings-recipes-and-dietary-customs/kheer-for-shraddha-traditional-context-and-simple-recipe.html,no,merged,/Users/prashantdhingra/e/a3_output/makarsankranti.net/output/content/pitru-paksha-shraddh/food-offerings-recipes-and-dietary-customs/footer.fragment
pitru-paksha-shraddh/food-offerings-recipes-and-dietary-customs/foods-commonly-avoided-during-pitru-paksha-in-some-traditions.html,pitru-paksha-shraddh/food-offerings-recipes-and-dietary-customs/foods-commonly-avoided-during-pitru-paksha-in-some-traditions.html,no,merged,/Users/prashantdhingra/e/a3_output/makarsankranti.net/output/content/pitru-paksha-shraddh/food-offerings-recipes-and-dietary-customs/footer.fragment
pitru-paksha-shraddh/food-offerings-recipes-and-dietary-customs/why-some-families-avoid-onion-and-garlic-during-shraddha.html,pitru-paksha-shraddh/food-offerings-recipes-and-dietary-customs/why-some-families-avoid-onion-and-garlic-during-shraddha.html,no,merged,/Users/prashantdhingra/e/a3_output/makarsankranti.net/output/content/pitru-paksha-shraddh/food-offerings-recipes-and-dietary-customs/footer.fragment
pitru-paksha-shraddh/food-offerings-recipes-and-dietary-customs/pitru-paksha-food-guide-common-offerings-and-family-customs.html,pitru-paksha-shraddh/food-offerings-recipes-and-dietary-customs/pitru-paksha-food-guide-common-offerings-and-family-customs.html,no,merged,/Users/prashantdhingra/e/a3_output/makarsankranti.net/output/content/pitru-paksha-shraddh/food-offerings-recipes-and-dietary-customs/footer.fragment
pitru-paksha-shraddh/food-offerings-recipes-and-dietary-customs/vegetarian-shraddha-food-ideas-using-easily-available-ingredients.html,pitru-paksha-shraddh/food-offerings-recipes-and-dietary-customs/vegetarian-shraddha-food-ideas-using-easily-available-ingredients.html,no,merged,/Users/prashantdhingra/e/a3_output/makarsankranti.net/output/content/pitru-paksha-shraddh/food-offerings-recipes-and-dietary-customs/footer.fragment
pitru-paksha-shraddh/food-offerings-recipes-and-dietary-customs/what-is-offered-to-crows-during-shraddha.html,pitru-paksha-shraddh/food-offerings-recipes-and-dietary-customs/what-is-offered-to-crows-during-shraddha.html,no,merged,/Users/prashantdhingra/e/a3_output/makarsankranti.net/output/content/pitru-paksha-shraddh/food-offerings-recipes-and-dietary-customs/footer.fragment
pitru-paksha-shraddh/food-offerings-recipes-and-dietary-customs/feeding-the-needy-during-pitru-paksha-charity-and-remembrance.html,pitru-paksha-shraddh/food-offerings-recipes-and-dietary-customs/feeding-the-needy-during-pitru-paksha-charity-and-remembrance.html,no,merged,/Users/prashantdhingra/e/a3_output/makarsankranti.net/output/content/pitru-paksha-shraddh/food-offerings-recipes-and-dietary-customs/footer.fragment
pitru-paksha-shraddh/food-offerings-recipes-and-dietary-customs/shraddha-food-faq-offerings-ingredients-customs-and-variations.html,pitru-paksha-shraddh/food-offerings-recipes-and-dietary-customs/shraddha-food-faq-offerings-ingredients-customs-and-variations.html,no,merged,/Users/prashantdhingra/e/a3_output/makarsankranti.net/output/content/pitru-paksha-shraddh/food-offerings-recipes-and-dietary-customs/footer.fragment
pitru-paksha-shraddh/food-offerings-recipes-and-dietary-customs/shraddha-food-traditions-what-is-commonly-prepared-and-why.html,pitru-paksha-shraddh/food-offerings-recipes-and-dietary-customs/shraddha-food-traditions-what-is-commonly-prepared-and-why.html,no,merged,/Users/prashantdhingra/e/a3_output/makarsankranti.net/output/content/pitru-paksha-shraddh/food-offerings-recipes-and-dietary-customs/footer.fragment
pitru-paksha-shraddh/food-offerings-recipes-and-dietary-customs/feeding-cows-during-shraddha-traditional-meaning-and-modern-practice.html,pitru-paksha-shraddh/food-offerings-recipes-and-dietary-customs/feeding-cows-during-shraddha-traditional-meaning-and-modern-practice.html,no,merged,/Users/prashantdhingra/e/a3_output/makarsankranti.net/output/content/pitru-paksha-shraddh/food-offerings-recipes-and-dietary-customs/footer.fragment
pitru-paksha-shraddh/food-offerings-recipes-and-dietary-customs/food-hygiene-and-safe-serving-during-family-shraddha-gatherings.html,pitru-paksha-shraddh/food-offerings-recipes-and-dietary-customs/food-hygiene-and-safe-serving-during-family-shraddha-gatherings.html,no,merged,/Users/prashantdhingra/e/a3_output/makarsankranti.net/output/content/pitru-paksha-shraddh/food-offerings-recipes-and-dietary-customs/footer.fragment
pitru-paksha-shraddh/food-offerings-recipes-and-dietary-customs/simple-satvik-meal-ideas-for-shraddha.html,pitru-paksha-shraddh/food-offerings-recipes-and-dietary-customs/simple-satvik-meal-ideas-for-shraddha.html,no,merged,/Users/prashantdhingra/e/a3_output/makarsankranti.net/output/content/pitru-paksha-shraddh/food-offerings-recipes-and-dietary-customs/footer.fragment
pitru-paksha-shraddh/food-offerings-recipes-and-dietary-customs/shraddha-meal-for-a-small-family-at-home.html,pitru-paksha-shraddh/food-offerings-recipes-and-dietary-customs/shraddha-meal-for-a-small-family-at-home.html,no,merged,/Users/prashantdhingra/e/a3_output/makarsankranti.net/output/content/pitru-paksha-shraddh/food-offerings-recipes-and-dietary-customs/footer.fragment
pitru-paksha-shraddh/comparisons-faqs-micro-topics-and-seo-long-tail/what-if-you-do-not-know-the-ancestors-tithi-or-gotra.html,pitru-paksha-shraddh/comparisons-faqs-micro-topics-and-seo-long-tail/what-if-you-do-not-know-the-ancestors-tithi-or-gotra.html,no,merged,/Users/prashantdhingra/e/a3_output/makarsankranti.net/output/content/pitru-paksha-shraddh/comparisons-faqs-micro-topics-and-seo-long-tail/footer.fragment
pitru-paksha-shraddh/comparisons-faqs-micro-topics-and-seo-long-tail/why-is-pitru-paksha-considered-a-period-for-remembrance-rather-than-celebration.html,pitru-paksha-shraddh/comparisons-faqs-micro-topics-and-seo-long-tail/why-is-pitru-paksha-considered-a-period-for-remembrance-rather-than-celebration.html,no,merged,/Users/prashantdhingra/e/a3_output/makarsankranti.net/output/content/pitru-paksha-shraddh/comparisons-faqs-micro-topics-and-seo-long-tail/footer.fragment
pitru-paksha-shraddh/comparisons-faqs-micro-topics-and-seo-long-tail/pitru-paksha-vs-amavasya-shraddha-how-are-they-related.html,pitru-paksha-shraddh/comparisons-faqs-micro-topics-and-seo-long-tail/pitru-paksha-vs-amavasya-shraddha-how-are-they-related.html,no,merged,/Users/prashantdhingra/e/a3_output/makarsankranti.net/output/content/pitru-paksha-shraddh/comparisons-faqs-micro-topics-and-seo-long-tail/footer.fragment
pitru-paksha-shraddh/comparisons-faqs-micro-topics-and-seo-long-tail/100-shraddha-and-pitru-paksha-questions-and-answers.html,pitru-paksha-shraddh/comparisons-faqs-micro-topics-and-seo-long-tail/100-shraddha-and-pitru-paksha-questions-and-answers.html,no,merged,/Users/prashantdhingra/e/a3_output/makarsankranti.net/output/content/pitru-paksha-shraddh/comparisons-faqs-micro-topics-and-seo-long-tail/footer.fragment
pitru-paksha-shraddh/comparisons-faqs-micro-topics-and-seo-long-tail/index.html,pitru-paksha-shraddh/comparisons-faqs-micro-topics-and-seo-long-tail/index.html,no,merged,/Users/prashantdhingra/e/a3_output/makarsankranti.net/output/content/pitru-paksha-shraddh/comparisons-faqs-micro-topics-and-seo-long-tail/footer.fragment
pitru-paksha-shraddh/comparisons-faqs-micro-topics-and-seo-long-tail/can-weddings-or-auspicious-ceremonies-be-planned-during-pitru-paksha.html,pitru-paksha-shraddh/comparisons-faqs-micro-topics-and-seo-long-tail/can-weddings-or-auspicious-ceremonies-be-planned-during-pitru-paksha.html,no,merged,/Users/prashantdhingra/e/a3_output/makarsankranti.net/output/content/pitru-paksha-shraddh/comparisons-faqs-micro-topics-and-seo-long-tail/footer.fragment
pitru-paksha-shraddh/comparisons-faqs-micro-topics-and-seo-long-tail/shraddha-vs-pind-daan-what-is-the-difference.html,pitru-paksha-shraddh/comparisons-faqs-micro-topics-and-seo-long-tail/shraddha-vs-pind-daan-what-is-the-difference.html,no,merged,/Users/prashantdhingra/e/a3_output/makarsankranti.net/output/content/pitru-paksha-shraddh/comparisons-faqs-micro-topics-and-seo-long-tail/footer.fragment
pitru-paksha-shraddh/comparisons-faqs-micro-topics-and-seo-long-tail/shraddha-and-pitru-paksha-glossary-50-ritual-terms-and-concepts-explained.html,pitru-paksha-shraddh/comparisons-faqs-micro-topics-and-seo-long-tail/shraddha-and-pitru-paksha-glossary-50-ritual-terms-and-concepts-explained.html,no,merged,/Users/prashantdhingra/e/a3_output/makarsankranti.net/output/content/pitru-paksha-shraddh/comparisons-faqs-micro-topics-and-seo-long-tail/footer.fragment
pitru-paksha-shraddh/comparisons-faqs-micro-topics-and-seo-long-tail/pind-daan-at-home-vs-gaya-what-is-the-difference.html,pitru-paksha-shraddh/comparisons-faqs-micro-topics-and-seo-long-tail/pind-daan-at-home-vs-gaya-what-is-the-difference.html,no,merged,/Users/prashantdhingra/e/a3_output/makarsankranti.net/output/content/pitru-paksha-shraddh/comparisons-faqs-micro-topics-and-seo-long-tail/footer.fragment
pitru-paksha-shraddh/comparisons-faqs-micro-topics-and-seo-long-tail/can-shraddha-be-performed-for-someone-who-died-recently.html,pitru-paksha-shraddh/comparisons-faqs-micro-topics-and-seo-long-tail/can-shraddha-be-performed-for-someone-who-died-recently.html,no,merged,/Users/prashantdhingra/e/a3_output/makarsankranti.net/output/content/pitru-paksha-shraddh/comparisons-faqs-micro-topics-and-seo-long-tail/footer.fragment
pitru-paksha-shraddh/comparisons-faqs-micro-topics-and-seo-long-tail/mahalaya-amavasya-vs-sarva-pitru-amavasya-are-they-the-same.html,pitru-paksha-shraddh/comparisons-faqs-micro-topics-and-seo-long-tail/mahalaya-amavasya-vs-sarva-pitru-amavasya-are-they-the-same.html,no,merged,/Users/prashantdhingra/e/a3_output/makarsankranti.net/output/content/pitru-paksha-shraddh/comparisons-faqs-micro-topics-and-seo-long-tail/footer.fragment
pitru-paksha-shraddh/comparisons-faqs-micro-topics-and-seo-long-tail/can-you-perform-shraddha-for-more-than-one-ancestor-on-the-same-day.html,pitru-paksha-shraddh/comparisons-faqs-micro-topics-and-seo-long-tail/can-you-perform-shraddha-for-more-than-one-ancestor-on-the-same-day.html,no,merged,/Users/prashantdhingra/e/a3_output/makarsankranti.net/output/content/pitru-paksha-shraddh/comparisons-faqs-micro-topics-and-seo-long-tail/footer.fragment
pitru-paksha-shraddh/comparisons-faqs-micro-topics-and-seo-long-tail/what-should-you-avoid-during-pitru-paksha.html,pitru-paksha-shraddh/comparisons-faqs-micro-topics-and-seo-long-tail/what-should-you-avoid-during-pitru-paksha.html,no,merged,/Users/prashantdhingra/e/a3_output/makarsankranti.net/output/content/pitru-paksha-shraddh/comparisons-faqs-micro-topics-and-seo-long-tail/footer.fragment
pitru-paksha-shraddh/comparisons-faqs-micro-topics-and-seo-long-tail/pitru-paksha-vs-mahalaya-what-is-the-difference.html,pitru-paksha-shraddh/comparisons-faqs-micro-topics-and-seo-long-tail/pitru-paksha-vs-mahalaya-what-is-the-difference.html,no,merged,/Users/prashantdhingra/e/a3_output/makarsankranti.net/output/content/pitru-paksha-shraddh/comparisons-faqs-micro-topics-and-seo-long-tail/footer.fragment
pitru-paksha-shraddh/comparisons-faqs-micro-topics-and-seo-long-tail/what-should-you-wear-during-shraddha.html,pitru-paksha-shraddh/comparisons-faqs-micro-topics-and-seo-long-tail/what-should-you-wear-during-shraddha.html,no,merged,/Users/prashantdhingra/e/a3_output/makarsankranti.net/output/content/pitru-paksha-shraddh/comparisons-faqs-micro-topics-and-seo-long-tail/footer.fragment
pitru-paksha-shraddh/comparisons-faqs-micro-topics-and-seo-long-tail/can-shraddha-be-performed-for-maternal-ancestors.html,pitru-paksha-shraddh/comparisons-faqs-micro-topics-and-seo-long-tail/can-shraddha-be-performed-for-maternal-ancestors.html,no,merged,/Users/prashantdhingra/e/a3_output/makarsankranti.net/output/content/pitru-paksha-shraddh/comparisons-faqs-micro-topics-and-seo-long-tail/footer.fragment
pitru-paksha-shraddh/comparisons-faqs-micro-topics-and-seo-long-tail/shraddha-vs-tarpan-what-is-the-difference.html,pitru-paksha-shraddh/comparisons-faqs-micro-topics-and-seo-long-tail/shraddha-vs-tarpan-what-is-the-difference.html,no,merged,/Users/prashantdhingra/e/a3_output/makarsankranti.net/output/content/pitru-paksha-shraddh/comparisons-faqs-micro-topics-and-seo-long-tail/footer.fragment
pitru-paksha-shraddh/comparisons-faqs-micro-topics-and-seo-long-tail/what-if-you-miss-pitru-paksha-shraddha.html,pitru-paksha-shraddh/comparisons-faqs-micro-topics-and-seo-long-tail/what-if-you-miss-pitru-paksha-shraddha.html,no,merged,/Users/prashantdhingra/e/a3_output/makarsankranti.net/output/content/pitru-paksha-shraddh/comparisons-faqs-micro-topics-and-seo-long-tail/footer.fragment
pitru-paksha-shraddh/comparisons-faqs-micro-topics-and-seo-long-tail/can-shraddha-be-performed-on-a-different-day-if-the-tithi-is-missed.html,pitru-paksha-shraddh/comparisons-faqs-micro-topics-and-seo-long-tail/can-shraddha-be-performed-on-a-different-day-if-the-tithi-is-missed.html,no,merged,/Users/prashantdhingra/e/a3_output/makarsankranti.net/output/content/pitru-paksha-shraddh/comparisons-faqs-micro-topics-and-seo-long-tail/footer.fragment
pitru-paksha-shraddh/comparisons-faqs-micro-topics-and-seo-long-tail/how-should-a-guest-behave-at-a-shraddha-meal-or-ritual.html,pitru-paksha-shraddh/comparisons-faqs-micro-topics-and-seo-long-tail/how-should-a-guest-behave-at-a-shraddha-meal-or-ritual.html,no,merged,/Users/prashantdhingra/e/a3_output/makarsankranti.net/output/content/pitru-paksha-shraddh/comparisons-faqs-micro-topics-and-seo-long-tail/footer.fragment
pitru-paksha-shraddh/comparisons-faqs-micro-topics-and-seo-long-tail/tarpan-at-home-vs-riverbank-traditional-context-and-practical-differences.html,pitru-paksha-shraddh/comparisons-faqs-micro-topics-and-seo-long-tail/tarpan-at-home-vs-riverbank-traditional-context-and-practical-differences.html,no,merged,/Users/prashantdhingra/e/a3_output/makarsankranti.net/output/content/pitru-paksha-shraddh/comparisons-faqs-micro-topics-and-seo-long-tail/footer.fragment
2026/festival-calendar-2026.html,2026/festival-calendar-2026.html,yes,merged,/Users/prashantdhingra/e/a3_output/makarsankranti.net/output/content/2026/footer.fragment
2026/pitru-paksha-2026.html,2026/pitru-paksha-2026.html,yes,merged,/Users/prashantdhingra/e/a3_output/makarsankranti.net/output/content/2026/footer.fragment
2026/2026-shradh.html,2026/2026-shradh.html,yes,merged,/Users/prashantdhingra/e/a3_output/makarsankranti.net/output/content/2026/footer.fragment
2026/hindu-festivals-2026-festive-theme.html,2026/index.html,yes,merged,/Users/prashantdhingra/e/a3_output/makarsankranti.net/output/content/2026/footer.fragment
hindu-festivals/index.html,hindu-festivals/index.html,no,merged,/Users/prashantdhingra/e/a3_output/makarsankranti.net/output/content/hindu-festivals/footer.fragment
hindu-festivals/festival-meaning.html,hindu-festivals/festival-meaning.html,no,merged,/Users/prashantdhingra/e/a3_output/makarsankranti.net/output/content/hindu-festivals/footer.fragment
hindu-festivals/festival-dates-similarlity-comparison.html,hindu-festivals/festival-dates-similarlity-comparison.html,no,merged,/Users/prashantdhingra/e/a3_output/makarsankranti.net/output/content/hindu-festivals/footer.fragment
hindu-festivals/rituals-guide.html,hindu-festivals/rituals-guide.html,no,merged,/Users/prashantdhingra/e/a3_output/makarsankranti.net/output/content/hindu-festivals/footer.fragment
hindu-festivals/ganesh-chaturthi/ganesh-chaturthi-at-home-idol-setup-daily-puja-aarti-and-visarjan.html,hindu-festivals/ganesh-chaturthi/ganesh-chaturthi-at-home-idol-setup-daily-puja-aarti-and-visarjan.html,no,merged,/Users/prashantdhingra/e/a3_output/makarsankranti.net/output/content/hindu-festivals/ganesh-chaturthi/footer.fragment
hindu-festivals/ganesh-chaturthi/ganesh-chaturthi-meaning-puja-modak-visarjan-and-festival-traditions.html,hindu-festivals/ganesh-chaturthi/ganesh-chaturthi-meaning-puja-modak-visarjan-and-festival-traditions.html,no,merged,/Users/prashantdhingra/e/a3_output/makarsankranti.net/output/content/hindu-festivals/ganesh-chaturthi/footer.fragment
hindu-festivals/seo-hub/100-hindu-festivals-and-observances-names-meanings-and-when-they-occur.html,hindu-festivals/seo-hub/100-hindu-festivals-and-observances-names-meanings-and-when-they-occur.html,no,merged,/Users/prashantdhingra/e/a3_output/makarsankranti.net/output/content/hindu-festivals/seo-hub/footer.fragment
hindu-festivals/karwa-chauth/index.html,hindu-festivals/karwa-chauth/index.html,no,merged,/Users/prashantdhingra/e/a3_output/makarsankranti.net/output/content/hindu-festivals/karwa-chauth/footer.fragment
hindu-festivals/karwa-chauth/karwa-chauth-puja-thali.html,hindu-festivals/karwa-chauth/karwa-chauth-puja-thali.html,yes,merged,/Users/prashantdhingra/e/a3_output/makarsankranti.net/output/content/hindu-festivals/karwa-chauth/footer.fragment
hindu-festivals/karwa-chauth/date-calendar-moonrise-and-puja-timing/what-time-can-the-karwa-chauth-fast-be-broken.html,hindu-festivals/karwa-chauth/date-calendar-moonrise-and-puja-timing/what-time-can-the-karwa-chauth-fast-be-broken.html,no,merged,/Users/prashantdhingra/e/a3_output/makarsankranti.net/output/content/hindu-festivals/karwa-chauth/date-calendar-moonrise-and-puja-timing/footer.fragment
hindu-festivals/karwa-chauth/date-calendar-moonrise-and-puja-timing/karwa-chauth-date-in-india-vs-united-states-why-it-may-differ.html,hindu-festivals/karwa-chauth/date-calendar-moonrise-and-puja-timing/karwa-chauth-date-in-india-vs-united-states-why-it-may-differ.html,no,merged,/Users/prashantdhingra/e/a3_output/makarsankranti.net/output/content/hindu-festivals/karwa-chauth/date-calendar-moonrise-and-puja-timing/footer.fragment
hindu-festivals/karwa-chauth/date-calendar-moonrise-and-puja-timing/index.html,hindu-festivals/karwa-chauth/date-calendar-moonrise-and-puja-timing/index.html,no,merged,/Users/prashantdhingra/e/a3_output/makarsankranti.net/output/content/hindu-festivals/karwa-chauth/date-calendar-moonrise-and-puja-timing/footer.fragment
hindu-festivals/karwa-chauth/date-calendar-moonrise-and-puja-timing/karwa-chauth-2026-timing-faq-date-puja-and-moonrise-questions.html,hindu-festivals/karwa-chauth/date-calendar-moonrise-and-puja-timing/karwa-chauth-2026-timing-faq-date-puja-and-moonrise-questions.html,no,merged,/Users/prashantdhingra/e/a3_output/makarsankranti.net/output/content/hindu-festivals/karwa-chauth/date-calendar-moonrise-and-puja-timing/footer.fragment
hindu-festivals/karwa-chauth/date-calendar-moonrise-and-puja-timing/karwa-chauth-panchang-terms-explained-tithi-muhurat-and-moonrise.html,hindu-festivals/karwa-chauth/date-calendar-moonrise-and-puja-timing/karwa-chauth-panchang-terms-explained-tithi-muhurat-and-moonrise.html,no,merged,/Users/prashantdhingra/e/a3_output/makarsankranti.net/output/content/hindu-festivals/karwa-chauth/date-calendar-moonrise-and-puja-timing/footer.fragment
hindu-festivals/karwa-chauth/date-calendar-moonrise-and-puja-timing/how-is-the-karwa-chauth-date-determined-each-year.html,hindu-festivals/karwa-chauth/date-calendar-moonrise-and-puja-timing/how-is-the-karwa-chauth-date-determined-each-year.html,no,merged,/Users/prashantdhingra/e/a3_output/makarsankranti.net/output/content/hindu-festivals/karwa-chauth/date-calendar-moonrise-and-puja-timing/footer.fragment
hindu-festivals/karwa-chauth/date-calendar-moonrise-and-puja-timing/karwa-chauth-puja-muhurat-what-it-means-and-how-to-use-it.html,hindu-festivals/karwa-chauth/date-calendar-moonrise-and-puja-timing/karwa-chauth-puja-muhurat-what-it-means-and-how-to-use-it.html,no,merged,/Users/prashantdhingra/e/a3_output/makarsankranti.net/output/content/hindu-festivals/karwa-chauth/date-calendar-moonrise-and-puja-timing/footer.fragment
hindu-festivals/karwa-chauth/date-calendar-moonrise-and-puja-timing/karwa-chauth-evening-timeline-puja-katha-moonrise-and-fast-breaking.html,hindu-festivals/karwa-chauth/date-calendar-moonrise-and-puja-timing/karwa-chauth-evening-timeline-puja-katha-moonrise-and-fast-breaking.html,no,merged,/Users/prashantdhingra/e/a3_output/makarsankranti.net/output/content/hindu-festivals/karwa-chauth/date-calendar-moonrise-and-puja-timing/footer.fragment
hindu-festivals/karwa-chauth/date-calendar-moonrise-and-puja-timing/what-time-does-karwa-chauth-fasting-begin.html,hindu-festivals/karwa-chauth/date-calendar-moonrise-and-puja-timing/what-time-does-karwa-chauth-fasting-begin.html,no,merged,/Users/prashantdhingra/e/a3_output/makarsankranti.net/output/content/hindu-festivals/karwa-chauth/date-calendar-moonrise-and-puja-timing/footer.fragment
hindu-festivals/karwa-chauth/date-calendar-moonrise-and-puja-timing/karwa-chauth-2026-planning-checklist-by-time-of-day.html,hindu-festivals/karwa-chauth/date-calendar-moonrise-and-puja-timing/karwa-chauth-2026-planning-checklist-by-time-of-day.html,no,merged,/Users/prashantdhingra/e/a3_output/makarsankranti.net/output/content/hindu-festivals/karwa-chauth/date-calendar-moonrise-and-puja-timing/footer.fragment
hindu-festivals/karwa-chauth/date-calendar-moonrise-and-puja-timing/how-weather-can-affect-moon-sighting-on-karwa-chauth.html,hindu-festivals/karwa-chauth/date-calendar-moonrise-and-puja-timing/how-weather-can-affect-moon-sighting-on-karwa-chauth.html,no,merged,/Users/prashantdhingra/e/a3_output/makarsankranti.net/output/content/hindu-festivals/karwa-chauth/date-calendar-moonrise-and-puja-timing/footer.fragment
hindu-festivals/karwa-chauth/date-calendar-moonrise-and-puja-timing/why-does-the-karwa-chauth-date-change-every-year.html,hindu-festivals/karwa-chauth/date-calendar-moonrise-and-puja-timing/why-does-the-karwa-chauth-date-change-every-year.html,no,merged,/Users/prashantdhingra/e/a3_output/makarsankranti.net/output/content/hindu-festivals/karwa-chauth/date-calendar-moonrise-and-puja-timing/footer.fragment
hindu-festivals/karwa-chauth/date-calendar-moonrise-and-puja-timing/karwa-chauth-sunrise-and-moonrise-complete-timing-guide.html,hindu-festivals/karwa-chauth/date-calendar-moonrise-and-puja-timing/karwa-chauth-sunrise-and-moonrise-complete-timing-guide.html,no,merged,/Users/prashantdhingra/e/a3_output/makarsankranti.net/output/content/hindu-festivals/karwa-chauth/date-calendar-moonrise-and-puja-timing/footer.fragment
hindu-festivals/karwa-chauth/date-calendar-moonrise-and-puja-timing/how-to-verify-karwa-chauth-date-and-timings-before-publishing-or-sharing.html,hindu-festivals/karwa-chauth/date-calendar-moonrise-and-puja-timing/how-to-verify-karwa-chauth-date-and-timings-before-publishing-or-sharing.html,no,merged,/Users/prashantdhingra/e/a3_output/makarsankranti.net/output/content/hindu-festivals/karwa-chauth/date-calendar-moonrise-and-puja-timing/footer.fragment
hindu-festivals/karwa-chauth/date-calendar-moonrise-and-puja-timing/karwa-chauth-2026-date-day-puja-timing-and-moonrise-guide.html,hindu-festivals/karwa-chauth/date-calendar-moonrise-and-puja-timing/karwa-chauth-2026-date-day-puja-timing-and-moonrise-guide.html,no,merged,/Users/prashantdhingra/e/a3_output/makarsankranti.net/output/content/hindu-festivals/karwa-chauth/date-calendar-moonrise-and-puja-timing/footer.fragment
hindu-festivals/karwa-chauth/date-calendar-moonrise-and-puja-timing/how-to-plan-karwa-chauth-around-work-and-commute.html,hindu-festivals/karwa-chauth/date-calendar-moonrise-and-puja-timing/how-to-plan-karwa-chauth-around-work-and-commute.html,no,merged,/Users/prashantdhingra/e/a3_output/makarsankranti.net/output/content/hindu-festivals/karwa-chauth/date-calendar-moonrise-and-puja-timing/footer.fragment
hindu-festivals/karwa-chauth/date-calendar-moonrise-and-puja-timing/how-to-check-karwa-chauth-moonrise-time-for-your-city.html,hindu-festivals/karwa-chauth/date-calendar-moonrise-and-puja-timing/how-to-check-karwa-chauth-moonrise-time-for-your-city.html,no,merged,/Users/prashantdhingra/e/a3_output/makarsankranti.net/output/content/hindu-festivals/karwa-chauth/date-calendar-moonrise-and-puja-timing/footer.fragment
hindu-festivals/karwa-chauth/date-calendar-moonrise-and-puja-timing/karwa-chauth-moonrise-time-why-it-differs-by-location.html,hindu-festivals/karwa-chauth/date-calendar-moonrise-and-puja-timing/karwa-chauth-moonrise-time-why-it-differs-by-location.html,no,merged,/Users/prashantdhingra/e/a3_output/makarsankranti.net/output/content/hindu-festivals/karwa-chauth/date-calendar-moonrise-and-puja-timing/footer.fragment
hindu-festivals/karwa-chauth/date-calendar-moonrise-and-puja-timing/what-if-the-moon-is-not-visible-on-karwa-chauth.html,hindu-festivals/karwa-chauth/date-calendar-moonrise-and-puja-timing/what-if-the-moon-is-not-visible-on-karwa-chauth.html,no,merged,/Users/prashantdhingra/e/a3_output/makarsankranti.net/output/content/hindu-festivals/karwa-chauth/date-calendar-moonrise-and-puja-timing/footer.fragment
hindu-festivals/karwa-chauth/date-calendar-moonrise-and-puja-timing/karwa-chauth-date-and-moonrise-for-families-living-abroad.html,hindu-festivals/karwa-chauth/date-calendar-moonrise-and-puja-timing/karwa-chauth-date-and-moonrise-for-families-living-abroad.html,no,merged,/Users/prashantdhingra/e/a3_output/makarsankranti.net/output/content/hindu-festivals/karwa-chauth/date-calendar-moonrise-and-puja-timing/footer.fragment
hindu-festivals/karwa-chauth/date-calendar-moonrise-and-puja-timing/karwa-chauth-calendar-from-sunrise-to-moonrise.html,hindu-festivals/karwa-chauth/date-calendar-moonrise-and-puja-timing/karwa-chauth-calendar-from-sunrise-to-moonrise.html,no,merged,/Users/prashantdhingra/e/a3_output/makarsankranti.net/output/content/hindu-festivals/karwa-chauth/date-calendar-moonrise-and-puja-timing/footer.fragment
hindu-festivals/karwa-chauth/sarees-lehengas-mehndi-jewelry-and-beauty/karwa-chauth-couple-outfit-coordination-ideas.html,hindu-festivals/karwa-chauth/sarees-lehengas-mehndi-jewelry-and-beauty/karwa-chauth-couple-outfit-coordination-ideas.html,no,merged,/Users/prashantdhingra/e/a3_output/makarsankranti.net/output/content/hindu-festivals/karwa-chauth/sarees-lehengas-mehndi-jewelry-and-beauty/footer.fragment
hindu-festivals/karwa-chauth/sarees-lehengas-mehndi-jewelry-and-beauty/karwa-chauth-mangalsutra-and-traditional-jewelry-styling.html,hindu-festivals/karwa-chauth/sarees-lehengas-mehndi-jewelry-and-beauty/karwa-chauth-mangalsutra-and-traditional-jewelry-styling.html,no,merged,/Users/prashantdhingra/e/a3_output/makarsankranti.net/output/content/hindu-festivals/karwa-chauth/sarees-lehengas-mehndi-jewelry-and-beauty/footer.fragment
hindu-festivals/karwa-chauth/sarees-lehengas-mehndi-jewelry-and-beauty/karwa-chauth-outfit-ideas-for-working-women.html,hindu-festivals/karwa-chauth/sarees-lehengas-mehndi-jewelry-and-beauty/karwa-chauth-outfit-ideas-for-working-women.html,no,merged,/Users/prashantdhingra/e/a3_output/makarsankranti.net/output/content/hindu-festivals/karwa-chauth/sarees-lehengas-mehndi-jewelry-and-beauty/footer.fragment
hindu-festivals/karwa-chauth/sarees-lehengas-mehndi-jewelry-and-beauty/what-to-wear-on-karwa-chauth-complete-festive-fashion-guide.html,hindu-festivals/karwa-chauth/sarees-lehengas-mehndi-jewelry-and-beauty/what-to-wear-on-karwa-chauth-complete-festive-fashion-guide.html,no,merged,/Users/prashantdhingra/e/a3_output/makarsankranti.net/output/content/hindu-festivals/karwa-chauth/sarees-lehengas-mehndi-jewelry-and-beauty/footer.fragment
hindu-festivals/karwa-chauth/sarees-lehengas-mehndi-jewelry-and-beauty/karwa-chauth-saree-ideas-for-a-traditional-look.html,hindu-festivals/karwa-chauth/sarees-lehengas-mehndi-jewelry-and-beauty/karwa-chauth-saree-ideas-for-a-traditional-look.html,no,merged,/Users/prashantdhingra/e/a3_output/makarsankranti.net/output/content/hindu-festivals/karwa-chauth/sarees-lehengas-mehndi-jewelry-and-beauty/footer.fragment
hindu-festivals/karwa-chauth/sarees-lehengas-mehndi-jewelry-and-beauty/index.html,hindu-festivals/karwa-chauth/sarees-lehengas-mehndi-jewelry-and-beauty/index.html,no,merged,/Users/prashantdhingra/e/a3_output/makarsankranti.net/output/content/hindu-festivals/karwa-chauth/sarees-lehengas-mehndi-jewelry-and-beauty/footer.fragment
hindu-festivals/karwa-chauth/sarees-lehengas-mehndi-jewelry-and-beauty/karwa-chauth-suit-and-anarkali-ideas.html,hindu-festivals/karwa-chauth/sarees-lehengas-mehndi-jewelry-and-beauty/karwa-chauth-suit-and-anarkali-ideas.html,no,merged,/Users/prashantdhingra/e/a3_output/makarsankranti.net/output/content/hindu-festivals/karwa-chauth/sarees-lehengas-mehndi-jewelry-and-beauty/footer.fragment
hindu-festivals/karwa-chauth/sarees-lehengas-mehndi-jewelry-and-beauty/red-karwa-chauth-outfit-ideas.html,hindu-festivals/karwa-chauth/sarees-lehengas-mehndi-jewelry-and-beauty/red-karwa-chauth-outfit-ideas.html,no,merged,/Users/prashantdhingra/e/a3_output/makarsankranti.net/output/content/hindu-festivals/karwa-chauth/sarees-lehengas-mehndi-jewelry-and-beauty/footer.fragment
hindu-festivals/karwa-chauth/sarees-lehengas-mehndi-jewelry-and-beauty/karwa-chauth-bindi-and-sindoor-styling-ideas.html,hindu-festivals/karwa-chauth/sarees-lehengas-mehndi-jewelry-and-beauty/karwa-chauth-bindi-and-sindoor-styling-ideas.html,no,merged,/Users/prashantdhingra/e/a3_output/makarsankranti.net/output/content/hindu-festivals/karwa-chauth/sarees-lehengas-mehndi-jewelry-and-beauty/footer.fragment
hindu-festivals/karwa-chauth/sarees-lehengas-mehndi-jewelry-and-beauty/karwa-chauth-hairstyle-ideas.html,hindu-festivals/karwa-chauth/sarees-lehengas-mehndi-jewelry-and-beauty/karwa-chauth-hairstyle-ideas.html,no,merged,/Users/prashantdhingra/e/a3_output/makarsankranti.net/output/content/hindu-festivals/karwa-chauth/sarees-lehengas-mehndi-jewelry-and-beauty/footer.fragment
hindu-festivals/karwa-chauth/sarees-lehengas-mehndi-jewelry-and-beauty/karwa-chauth-mehndi-designs-for-hands.html,hindu-festivals/karwa-chauth/sarees-lehengas-mehndi-jewelry-and-beauty/karwa-chauth-mehndi-designs-for-hands.html,no,merged,/Users/prashantdhingra/e/a3_output/makarsankranti.net/output/content/hindu-festivals/karwa-chauth/sarees-lehengas-mehndi-jewelry-and-beauty/footer.fragment
hindu-festivals/karwa-chauth/sarees-lehengas-mehndi-jewelry-and-beauty/karwa-chauth-outfit-ideas-for-first-time-brides.html,hindu-festivals/karwa-chauth/sarees-lehengas-mehndi-jewelry-and-beauty/karwa-chauth-outfit-ideas-for-first-time-brides.html,no,merged,/Users/prashantdhingra/e/a3_output/makarsankranti.net/output/content/hindu-festivals/karwa-chauth/sarees-lehengas-mehndi-jewelry-and-beauty/footer.fragment
hindu-festivals/karwa-chauth/sarees-lehengas-mehndi-jewelry-and-beauty/karwa-chauth-bangles-and-chooda-styling-ideas.html,hindu-festivals/karwa-chauth/sarees-lehengas-mehndi-jewelry-and-beauty/karwa-chauth-bangles-and-chooda-styling-ideas.html,no,merged,/Users/prashantdhingra/e/a3_output/makarsankranti.net/output/content/hindu-festivals/karwa-chauth/sarees-lehengas-mehndi-jewelry-and-beauty/footer.fragment
hindu-festivals/karwa-chauth/sarees-lehengas-mehndi-jewelry-and-beauty/karwa-chauth-bridal-mehndi-ideas.html,hindu-festivals/karwa-chauth/sarees-lehengas-mehndi-jewelry-and-beauty/karwa-chauth-bridal-mehndi-ideas.html,no,merged,/Users/prashantdhingra/e/a3_output/makarsankranti.net/output/content/hindu-festivals/karwa-chauth/sarees-lehengas-mehndi-jewelry-and-beauty/footer.fragment
hindu-festivals/karwa-chauth/sarees-lehengas-mehndi-jewelry-and-beauty/karwa-chauth-lehenga-ideas.html,hindu-festivals/karwa-chauth/sarees-lehengas-mehndi-jewelry-and-beauty/karwa-chauth-lehenga-ideas.html,no,merged,/Users/prashantdhingra/e/a3_output/makarsankranti.net/output/content/hindu-festivals/karwa-chauth/sarees-lehengas-mehndi-jewelry-and-beauty/footer.fragment
hindu-festivals/karwa-chauth/sarees-lehengas-mehndi-jewelry-and-beauty/karwa-chauth-outfit-ideas-beyond-red.html,hindu-festivals/karwa-chauth/sarees-lehengas-mehndi-jewelry-and-beauty/karwa-chauth-outfit-ideas-beyond-red.html,no,merged,/Users/prashantdhingra/e/a3_output/makarsankranti.net/output/content/hindu-festivals/karwa-chauth/sarees-lehengas-mehndi-jewelry-and-beauty/footer.fragment
hindu-festivals/karwa-chauth/sarees-lehengas-mehndi-jewelry-and-beauty/karwa-chauth-nail-art-ideas.html,hindu-festivals/karwa-chauth/sarees-lehengas-mehndi-jewelry-and-beauty/karwa-chauth-nail-art-ideas.html,no,merged,/Users/prashantdhingra/e/a3_output/makarsankranti.net/output/content/hindu-festivals/karwa-chauth/sarees-lehengas-mehndi-jewelry-and-beauty/footer.fragment
hindu-festivals/karwa-chauth/sarees-lehengas-mehndi-jewelry-and-beauty/how-to-build-a-karwa-chauth-festive-look-on-a-budget.html,hindu-festivals/karwa-chauth/sarees-lehengas-mehndi-jewelry-and-beauty/how-to-build-a-karwa-chauth-festive-look-on-a-budget.html,no,merged,/Users/prashantdhingra/e/a3_output/makarsankranti.net/output/content/hindu-festivals/karwa-chauth/sarees-lehengas-mehndi-jewelry-and-beauty/footer.fragment
hindu-festivals/karwa-chauth/sarees-lehengas-mehndi-jewelry-and-beauty/simple-karwa-chauth-mehndi-designs-for-beginners.html,hindu-festivals/karwa-chauth/sarees-lehengas-mehndi-jewelry-and-beauty/simple-karwa-chauth-mehndi-designs-for-beginners.html,no,merged,/Users/prashantdhingra/e/a3_output/makarsankranti.net/output/content/hindu-festivals/karwa-chauth/sarees-lehengas-mehndi-jewelry-and-beauty/footer.fragment
hindu-festivals/karwa-chauth/sarees-lehengas-mehndi-jewelry-and-beauty/karwa-chauth-makeup-ideas-for-day-to-night-wear.html,hindu-festivals/karwa-chauth/sarees-lehengas-mehndi-jewelry-and-beauty/karwa-chauth-makeup-ideas-for-day-to-night-wear.html,no,merged,/Users/prashantdhingra/e/a3_output/makarsankranti.net/output/content/hindu-festivals/karwa-chauth/sarees-lehengas-mehndi-jewelry-and-beauty/footer.fragment
hindu-festivals/karwa-chauth/sarees-lehengas-mehndi-jewelry-and-beauty/karwa-chauth-jewelry-ideas.html,hindu-festivals/karwa-chauth/sarees-lehengas-mehndi-jewelry-and-beauty/karwa-chauth-jewelry-ideas.html,no,merged,/Users/prashantdhingra/e/a3_output/makarsankranti.net/output/content/hindu-festivals/karwa-chauth/sarees-lehengas-mehndi-jewelry-and-beauty/footer.fragment
hindu-festivals/karwa-chauth/puja-thali-karwa-katha-and-rituals/karwa-chauth-puja-at-home-for-a-small-family.html,hindu-festivals/karwa-chauth/puja-thali-karwa-katha-and-rituals/karwa-chauth-puja-at-home-for-a-small-family.html,no,merged,/Users/prashantdhingra/e/a3_output/makarsankranti.net/output/content/hindu-festivals/karwa-chauth/puja-thali-karwa-katha-and-rituals/footer.fragment
hindu-festivals/karwa-chauth/puja-thali-karwa-katha-and-rituals/karwa-chauth-thali-decoration-ideas.html,hindu-festivals/karwa-chauth/puja-thali-karwa-katha-and-rituals/karwa-chauth-thali-decoration-ideas.html,no,merged,/Users/prashantdhingra/e/a3_output/makarsankranti.net/output/content/hindu-festivals/karwa-chauth/puja-thali-karwa-katha-and-rituals/footer.fragment
hindu-festivals/karwa-chauth/puja-thali-karwa-katha-and-rituals/karwa-chauth-baya-thali-ideas.html,hindu-festivals/karwa-chauth/puja-thali-karwa-katha-and-rituals/karwa-chauth-baya-thali-ideas.html,no,merged,/Users/prashantdhingra/e/a3_output/makarsankranti.net/output/content/hindu-festivals/karwa-chauth/puja-thali-karwa-katha-and-rituals/footer.fragment
hindu-festivals/karwa-chauth/puja-thali-karwa-katha-and-rituals/index.html,hindu-festivals/karwa-chauth/puja-thali-karwa-katha-and-rituals/index.html,no,merged,/Users/prashantdhingra/e/a3_output/makarsankranti.net/output/content/hindu-festivals/karwa-chauth/puja-thali-karwa-katha-and-rituals/footer.fragment
hindu-festivals/karwa-chauth/puja-thali-karwa-katha-and-rituals/what-is-baya-on-karwa-chauth-meaning-and-gift-traditions.html,hindu-festivals/karwa-chauth/puja-thali-karwa-katha-and-rituals/what-is-baya-on-karwa-chauth-meaning-and-gift-traditions.html,no,merged,/Users/prashantdhingra/e/a3_output/makarsankranti.net/output/content/hindu-festivals/karwa-chauth/puja-thali-karwa-katha-and-rituals/footer.fragment
hindu-festivals/karwa-chauth/puja-thali-karwa-katha-and-rituals/karwa-chauth-puja-songs-and-folk-traditions-cultural-overview.html,hindu-festivals/karwa-chauth/puja-thali-karwa-katha-and-rituals/karwa-chauth-puja-songs-and-folk-traditions-cultural-overview.html,no,merged,/Users/prashantdhingra/e/a3_output/makarsankranti.net/output/content/hindu-festivals/karwa-chauth/puja-thali-karwa-katha-and-rituals/footer.fragment
hindu-festivals/karwa-chauth/puja-thali-karwa-katha-and-rituals/karwa-chauth-katha-meaning-tradition-and-how-it-is-shared.html,hindu-festivals/karwa-chauth/puja-thali-karwa-katha-and-rituals/karwa-chauth-katha-meaning-tradition-and-how-it-is-shared.html,no,merged,/Users/prashantdhingra/e/a3_output/makarsankranti.net/output/content/hindu-festivals/karwa-chauth/puja-thali-karwa-katha-and-rituals/footer.fragment
hindu-festivals/karwa-chauth/puja-thali-karwa-katha-and-rituals/how-to-prepare-a-karwa-chauth-puja-thali.html,hindu-festivals/karwa-chauth/puja-thali-karwa-katha-and-rituals/how-to-prepare-a-karwa-chauth-puja-thali.html,no,merged,/Users/prashantdhingra/e/a3_output/makarsankranti.net/output/content/hindu-festivals/karwa-chauth/puja-thali-karwa-katha-and-rituals/footer.fragment
hindu-festivals/karwa-chauth/puja-thali-karwa-katha-and-rituals/why-is-the-karwa-chauth-katha-heard-during-puja.html,hindu-festivals/karwa-chauth/puja-thali-karwa-katha-and-rituals/why-is-the-karwa-chauth-katha-heard-during-puja.html,no,merged,/Users/prashantdhingra/e/a3_output/makarsankranti.net/output/content/hindu-festivals/karwa-chauth/puja-thali-karwa-katha-and-rituals/footer.fragment
hindu-festivals/karwa-chauth/puja-thali-karwa-katha-and-rituals/karwa-chauth-stories-and-regional-variations.html,hindu-festivals/karwa-chauth/puja-thali-karwa-katha-and-rituals/karwa-chauth-stories-and-regional-variations.html,no,merged,/Users/prashantdhingra/e/a3_output/makarsankranti.net/output/content/hindu-festivals/karwa-chauth/puja-thali-karwa-katha-and-rituals/footer.fragment
hindu-festivals/karwa-chauth/puja-thali-karwa-katha-and-rituals/karwa-chauth-puja-without-a-priest-family-tradition-guide.html,hindu-festivals/karwa-chauth/puja-thali-karwa-katha-and-rituals/karwa-chauth-puja-without-a-priest-family-tradition-guide.html,no,merged,/Users/prashantdhingra/e/a3_output/makarsankranti.net/output/content/hindu-festivals/karwa-chauth/puja-thali-karwa-katha-and-rituals/footer.fragment
hindu-festivals/karwa-chauth/puja-thali-karwa-katha-and-rituals/karwa-chauth-puja-in-an-apartment-simple-setup-ideas.html,hindu-festivals/karwa-chauth/puja-thali-karwa-katha-and-rituals/karwa-chauth-puja-in-an-apartment-simple-setup-ideas.html,no,merged,/Users/prashantdhingra/e/a3_output/makarsankranti.net/output/content/hindu-festivals/karwa-chauth/puja-thali-karwa-katha-and-rituals/footer.fragment
hindu-festivals/karwa-chauth/puja-thali-karwa-katha-and-rituals/karwa-chauth-puja-samagri-list-everything-you-need.html,hindu-festivals/karwa-chauth/puja-thali-karwa-katha-and-rituals/karwa-chauth-puja-samagri-list-everything-you-need.html,no,merged,/Users/prashantdhingra/e/a3_output/makarsankranti.net/output/content/hindu-festivals/karwa-chauth/puja-thali-karwa-katha-and-rituals/footer.fragment
hindu-festivals/karwa-chauth/puja-thali-karwa-katha-and-rituals/role-of-mothers-in-law-in-traditional-karwa-chauth-customs.html,hindu-festivals/karwa-chauth/puja-thali-karwa-katha-and-rituals/role-of-mothers-in-law-in-traditional-karwa-chauth-customs.html,no,merged,/Users/prashantdhingra/e/a3_output/makarsankranti.net/output/content/hindu-festivals/karwa-chauth/puja-thali-karwa-katha-and-rituals/footer.fragment
hindu-festivals/karwa-chauth/puja-thali-karwa-katha-and-rituals/how-to-decorate-a-karwa-for-karwa-chauth-puja.html,hindu-festivals/karwa-chauth/puja-thali-karwa-katha-and-rituals/how-to-decorate-a-karwa-for-karwa-chauth-puja.html,no,merged,/Users/prashantdhingra/e/a3_output/makarsankranti.net/output/content/hindu-festivals/karwa-chauth/puja-thali-karwa-katha-and-rituals/footer.fragment
hindu-festivals/karwa-chauth/puja-thali-karwa-katha-and-rituals/how-karwa-chauth-group-puja-is-performed.html,hindu-festivals/karwa-chauth/puja-thali-karwa-katha-and-rituals/how-karwa-chauth-group-puja-is-performed.html,no,merged,/Users/prashantdhingra/e/a3_output/makarsankranti.net/output/content/hindu-festivals/karwa-chauth/puja-thali-karwa-katha-and-rituals/footer.fragment
hindu-festivals/karwa-chauth/puja-thali-karwa-katha-and-rituals/karwa-chauth-puja-vidhi-step-by-step-home-guide.html,hindu-festivals/karwa-chauth/puja-thali-karwa-katha-and-rituals/karwa-chauth-puja-vidhi-step-by-step-home-guide.html,no,merged,/Users/prashantdhingra/e/a3_output/makarsankranti.net/output/content/hindu-festivals/karwa-chauth/puja-thali-karwa-katha-and-rituals/footer.fragment
hindu-festivals/karwa-chauth/puja-thali-karwa-katha-and-rituals/common-karwa-chauth-puja-mistakes-to-avoid.html,hindu-festivals/karwa-chauth/puja-thali-karwa-katha-and-rituals/common-karwa-chauth-puja-mistakes-to-avoid.html,no,merged,/Users/prashantdhingra/e/a3_output/makarsankranti.net/output/content/hindu-festivals/karwa-chauth/puja-thali-karwa-katha-and-rituals/footer.fragment
hindu-festivals/karwa-chauth/puja-thali-karwa-katha-and-rituals/karwa-chauth-puja-for-families-living-abroad.html,hindu-festivals/karwa-chauth/puja-thali-karwa-katha-and-rituals/karwa-chauth-puja-for-families-living-abroad.html,no,merged,/Users/prashantdhingra/e/a3_output/makarsankranti.net/output/content/hindu-festivals/karwa-chauth/puja-thali-karwa-katha-and-rituals/footer.fragment
hindu-festivals/karwa-chauth/puja-thali-karwa-katha-and-rituals/karwa-chauth-puja-faq-samagri-katha-thali-and-ritual-questions.html,hindu-festivals/karwa-chauth/puja-thali-karwa-katha-and-rituals/karwa-chauth-puja-faq-samagri-katha-thali-and-ritual-questions.html,no,merged,/Users/prashantdhingra/e/a3_output/makarsankranti.net/output/content/hindu-festivals/karwa-chauth/puja-thali-karwa-katha-and-rituals/footer.fragment
hindu-festivals/karwa-chauth/puja-thali-karwa-katha-and-rituals/the-story-of-veeravati-and-karwa-chauth-folklore-and-cultural-context.html,hindu-festivals/karwa-chauth/puja-thali-karwa-katha-and-rituals/the-story-of-veeravati-and-karwa-chauth-folklore-and-cultural-context.html,no,merged,/Users/prashantdhingra/e/a3_output/makarsankranti.net/output/content/hindu-festivals/karwa-chauth/puja-thali-karwa-katha-and-rituals/footer.fragment
hindu-festivals/karwa-chauth/foundation-history-meaning-and-core-traditions/50-frequently-asked-questions-about-karwa-chauth.html,hindu-festivals/karwa-chauth/foundation-history-meaning-and-core-traditions/50-frequently-asked-questions-about-karwa-chauth.html,no,merged,/Users/prashantdhingra/e/a3_output/makarsankranti.net/output/content/hindu-festivals/karwa-chauth/foundation-history-meaning-and-core-traditions/footer.fragment
hindu-festivals/karwa-chauth/foundation-history-meaning-and-core-traditions/karwa-chauth-etiquette-for-families-guests-and-newlyweds.html,hindu-festivals/karwa-chauth/foundation-history-meaning-and-core-traditions/karwa-chauth-etiquette-for-families-guests-and-newlyweds.html,no,merged,/Users/prashantdhingra/e/a3_output/makarsankranti.net/output/content/hindu-festivals/karwa-chauth/foundation-history-meaning-and-core-traditions/footer.fragment
hindu-festivals/karwa-chauth/foundation-history-meaning-and-core-traditions/what-is-karwa-chauth-and-who-observes-it.html,hindu-festivals/karwa-chauth/foundation-history-meaning-and-core-traditions/what-is-karwa-chauth-and-who-observes-it.html,no,merged,/Users/prashantdhingra/e/a3_output/makarsankranti.net/output/content/hindu-festivals/karwa-chauth/foundation-history-meaning-and-core-traditions/footer.fragment
hindu-festivals/karwa-chauth/foundation-history-meaning-and-core-traditions/karwa-chauth-in-uttar-pradesh-puja-katha-and-moonrise-traditions.html,hindu-festivals/karwa-chauth/foundation-history-meaning-and-core-traditions/karwa-chauth-in-uttar-pradesh-puja-katha-and-moonrise-traditions.html,no,merged,/Users/prashantdhingra/e/a3_output/makarsankranti.net/output/content/hindu-festivals/karwa-chauth/foundation-history-meaning-and-core-traditions/footer.fragment
hindu-festivals/karwa-chauth/foundation-history-meaning-and-core-traditions/karwa-chauth-traditions-sargi-fasting-puja-katha-and-moonrise.html,hindu-festivals/karwa-chauth/foundation-history-meaning-and-core-traditions/karwa-chauth-traditions-sargi-fasting-puja-katha-and-moonrise.html,no,merged,/Users/prashantdhingra/e/a3_output/makarsankranti.net/output/content/hindu-festivals/karwa-chauth/foundation-history-meaning-and-core-traditions/footer.fragment
hindu-festivals/karwa-chauth/foundation-history-meaning-and-core-traditions/karwa-chauth-complete-guide-to-history-meaning-traditions-and-celebration.html,hindu-festivals/karwa-chauth/foundation-history-meaning-and-core-traditions/karwa-chauth-complete-guide-to-history-meaning-traditions-and-celebration.html,no,merged,/Users/prashantdhingra/e/a3_output/makarsankranti.net/output/content/hindu-festivals/karwa-chauth/foundation-history-meaning-and-core-traditions/footer.fragment
hindu-festivals/karwa-chauth/foundation-history-meaning-and-core-traditions/index.html,hindu-festivals/karwa-chauth/foundation-history-meaning-and-core-traditions/index.html,no,merged,/Users/prashantdhingra/e/a3_output/makarsankranti.net/output/content/hindu-festivals/karwa-chauth/foundation-history-meaning-and-core-traditions/footer.fragment
hindu-festivals/karwa-chauth/foundation-history-meaning-and-core-traditions/karwa-chauth-myths-vs-facts.html,hindu-festivals/karwa-chauth/foundation-history-meaning-and-core-traditions/karwa-chauth-myths-vs-facts.html,no,merged,/Users/prashantdhingra/e/a3_output/makarsankranti.net/output/content/hindu-festivals/karwa-chauth/foundation-history-meaning-and-core-traditions/footer.fragment
hindu-festivals/karwa-chauth/foundation-history-meaning-and-core-traditions/why-is-karwa-chauth-celebrated-history-meaning-and-cultural-significance.html,hindu-festivals/karwa-chauth/foundation-history-meaning-and-core-traditions/why-is-karwa-chauth-celebrated-history-meaning-and-cultural-significance.html,no,merged,/Users/prashantdhingra/e/a3_output/makarsankranti.net/output/content/hindu-festivals/karwa-chauth/foundation-history-meaning-and-core-traditions/footer.fragment
hindu-festivals/karwa-chauth/foundation-history-meaning-and-core-traditions/karwa-chauth-across-north-india-regional-customs-and-variations.html,hindu-festivals/karwa-chauth/foundation-history-meaning-and-core-traditions/karwa-chauth-across-north-india-regional-customs-and-variations.html,no,merged,/Users/prashantdhingra/e/a3_output/makarsankranti.net/output/content/hindu-festivals/karwa-chauth/foundation-history-meaning-and-core-traditions/footer.fragment
hindu-festivals/karwa-chauth/foundation-history-meaning-and-core-traditions/why-is-karwa-chauth-celebrated-in-the-kartik-month.html,hindu-festivals/karwa-chauth/foundation-history-meaning-and-core-traditions/why-is-karwa-chauth-celebrated-in-the-kartik-month.html,no,merged,/Users/prashantdhingra/e/a3_output/makarsankranti.net/output/content/hindu-festivals/karwa-chauth/foundation-history-meaning-and-core-traditions/footer.fragment
hindu-festivals/karwa-chauth/foundation-history-meaning-and-core-traditions/why-is-the-moon-important-on-karwa-chauth.html,hindu-festivals/karwa-chauth/foundation-history-meaning-and-core-traditions/why-is-the-moon-important-on-karwa-chauth.html,no,merged,/Users/prashantdhingra/e/a3_output/makarsankranti.net/output/content/hindu-festivals/karwa-chauth/foundation-history-meaning-and-core-traditions/footer.fragment
hindu-festivals/karwa-chauth/foundation-history-meaning-and-core-traditions/karwa-chauth-in-punjab-sargi-baya-and-family-traditions.html,hindu-festivals/karwa-chauth/foundation-history-meaning-and-core-traditions/karwa-chauth-in-punjab-sargi-baya-and-family-traditions.html,no,merged,/Users/prashantdhingra/e/a3_output/makarsankranti.net/output/content/hindu-festivals/karwa-chauth/foundation-history-meaning-and-core-traditions/footer.fragment
hindu-festivals/karwa-chauth/foundation-history-meaning-and-core-traditions/karwa-chauth-in-rajasthan-traditional-dress-puja-and-family-customs.html,hindu-festivals/karwa-chauth/foundation-history-meaning-and-core-traditions/karwa-chauth-in-rajasthan-traditional-dress-puja-and-family-customs.html,no,merged,/Users/prashantdhingra/e/a3_output/makarsankranti.net/output/content/hindu-festivals/karwa-chauth/foundation-history-meaning-and-core-traditions/footer.fragment
hindu-festivals/karwa-chauth/foundation-history-meaning-and-core-traditions/how-karwa-chauth-has-changed-in-modern-families.html,hindu-festivals/karwa-chauth/foundation-history-meaning-and-core-traditions/how-karwa-chauth-has-changed-in-modern-families.html,no,merged,/Users/prashantdhingra/e/a3_output/makarsankranti.net/output/content/hindu-festivals/karwa-chauth/foundation-history-meaning-and-core-traditions/footer.fragment
hindu-festivals/karwa-chauth/foundation-history-meaning-and-core-traditions/karwa-chauth-symbols-and-their-meanings.html,hindu-festivals/karwa-chauth/foundation-history-meaning-and-core-traditions/karwa-chauth-symbols-and-their-meanings.html,no,merged,/Users/prashantdhingra/e/a3_output/makarsankranti.net/output/content/hindu-festivals/karwa-chauth/foundation-history-meaning-and-core-traditions/footer.fragment
hindu-festivals/karwa-chauth/foundation-history-meaning-and-core-traditions/why-do-married-women-traditionally-observe-karwa-chauth.html,hindu-festivals/karwa-chauth/foundation-history-meaning-and-core-traditions/why-do-married-women-traditionally-observe-karwa-chauth.html,no,merged,/Users/prashantdhingra/e/a3_output/makarsankranti.net/output/content/hindu-festivals/karwa-chauth/foundation-history-meaning-and-core-traditions/footer.fragment
hindu-festivals/karwa-chauth/foundation-history-meaning-and-core-traditions/what-does-the-karwa-or-earthen-pot-symbolize.html,hindu-festivals/karwa-chauth/foundation-history-meaning-and-core-traditions/what-does-the-karwa-or-earthen-pot-symbolize.html,no,merged,/Users/prashantdhingra/e/a3_output/makarsankranti.net/output/content/hindu-festivals/karwa-chauth/foundation-history-meaning-and-core-traditions/footer.fragment
hindu-festivals/karwa-chauth/foundation-history-meaning-and-core-traditions/karwa-chauth-for-beginners-everything-you-need-to-know.html,hindu-festivals/karwa-chauth/foundation-history-meaning-and-core-traditions/karwa-chauth-for-beginners-everything-you-need-to-know.html,no,merged,/Users/prashantdhingra/e/a3_output/makarsankranti.net/output/content/hindu-festivals/karwa-chauth/foundation-history-meaning-and-core-traditions/footer.fragment
hindu-festivals/karwa-chauth/foundation-history-meaning-and-core-traditions/karwa-chauth-in-haryana-customs-puja-and-community-traditions.html,hindu-festivals/karwa-chauth/foundation-history-meaning-and-core-traditions/karwa-chauth-in-haryana-customs-puja-and-community-traditions.html,no,merged,/Users/prashantdhingra/e/a3_output/makarsankranti.net/output/content/hindu-festivals/karwa-chauth/foundation-history-meaning-and-core-traditions/footer.fragment
hindu-festivals/karwa-chauth/foundation-history-meaning-and-core-traditions/how-did-karwa-chauth-begin-folklore-history-and-regional-traditions.html,hindu-festivals/karwa-chauth/foundation-history-meaning-and-core-traditions/how-did-karwa-chauth-begin-folklore-history-and-regional-traditions.html,no,merged,/Users/prashantdhingra/e/a3_output/makarsankranti.net/output/content/hindu-festivals/karwa-chauth/foundation-history-meaning-and-core-traditions/footer.fragment
hindu-festivals/karwa-chauth/diaspora-modern-practice-comparisons-faqs-and-micro-topics/what-should-you-gift-on-karwa-chauth.html,hindu-festivals/karwa-chauth/diaspora-modern-practice-comparisons-faqs-and-micro-topics/what-should-you-gift-on-karwa-chauth.html,no,merged,/Users/prashantdhingra/e/a3_output/makarsankranti.net/output/content/hindu-festivals/karwa-chauth/diaspora-modern-practice-comparisons-faqs-and-micro-topics/footer.fragment
hindu-festivals/karwa-chauth/diaspora-modern-practice-comparisons-faqs-and-micro-topics/how-karwa-chauth-is-celebrated-in-the-united-kingdom.html,hindu-festivals/karwa-chauth/diaspora-modern-practice-comparisons-faqs-and-micro-topics/how-karwa-chauth-is-celebrated-in-the-united-kingdom.html,no,merged,/Users/prashantdhingra/e/a3_output/makarsankranti.net/output/content/hindu-festivals/karwa-chauth/diaspora-modern-practice-comparisons-faqs-and-micro-topics/footer.fragment
hindu-festivals/karwa-chauth/diaspora-modern-practice-comparisons-faqs-and-micro-topics/karwa-chauth-vs-teej-what-is-the-difference.html,hindu-festivals/karwa-chauth/diaspora-modern-practice-comparisons-faqs-and-micro-topics/karwa-chauth-vs-teej-what-is-the-difference.html,no,merged,/Users/prashantdhingra/e/a3_output/makarsankranti.net/output/content/hindu-festivals/karwa-chauth/diaspora-modern-practice-comparisons-faqs-and-micro-topics/footer.fragment
hindu-festivals/karwa-chauth/diaspora-modern-practice-comparisons-faqs-and-micro-topics/what-should-you-wear-for-karwa-chauth-puja.html,hindu-festivals/karwa-chauth/diaspora-modern-practice-comparisons-faqs-and-micro-topics/what-should-you-wear-for-karwa-chauth-puja.html,no,merged,/Users/prashantdhingra/e/a3_output/makarsankranti.net/output/content/hindu-festivals/karwa-chauth/diaspora-modern-practice-comparisons-faqs-and-micro-topics/footer.fragment
hindu-festivals/karwa-chauth/diaspora-modern-practice-comparisons-faqs-and-micro-topics/index.html,hindu-festivals/karwa-chauth/diaspora-modern-practice-comparisons-faqs-and-micro-topics/index.html,no,merged,/Users/prashantdhingra/e/a3_output/makarsankranti.net/output/content/hindu-festivals/karwa-chauth/diaspora-modern-practice-comparisons-faqs-and-micro-topics/footer.fragment
hindu-festivals/karwa-chauth/diaspora-modern-practice-comparisons-faqs-and-micro-topics/how-karwa-chauth-is-celebrated-in-the-uae.html,hindu-festivals/karwa-chauth/diaspora-modern-practice-comparisons-faqs-and-micro-topics/how-karwa-chauth-is-celebrated-in-the-uae.html,no,merged,/Users/prashantdhingra/e/a3_output/makarsankranti.net/output/content/hindu-festivals/karwa-chauth/diaspora-modern-practice-comparisons-faqs-and-micro-topics/footer.fragment
hindu-festivals/karwa-chauth/diaspora-modern-practice-comparisons-faqs-and-micro-topics/can-unmarried-women-observe-karwa-chauth.html,hindu-festivals/karwa-chauth/diaspora-modern-practice-comparisons-faqs-and-micro-topics/can-unmarried-women-observe-karwa-chauth.html,no,merged,/Users/prashantdhingra/e/a3_output/makarsankranti.net/output/content/hindu-festivals/karwa-chauth/diaspora-modern-practice-comparisons-faqs-and-micro-topics/footer.fragment
hindu-festivals/karwa-chauth/diaspora-modern-practice-comparisons-faqs-and-micro-topics/can-karwa-chauth-be-celebrated-without-fasting.html,hindu-festivals/karwa-chauth/diaspora-modern-practice-comparisons-faqs-and-micro-topics/can-karwa-chauth-be-celebrated-without-fasting.html,no,merged,/Users/prashantdhingra/e/a3_output/makarsankranti.net/output/content/hindu-festivals/karwa-chauth/diaspora-modern-practice-comparisons-faqs-and-micro-topics/footer.fragment
hindu-festivals/karwa-chauth/diaspora-modern-practice-comparisons-faqs-and-micro-topics/karwa-chauth-glossary-50-rituals-foods-objects-and-traditions-explained.html,hindu-festivals/karwa-chauth/diaspora-modern-practice-comparisons-faqs-and-micro-topics/karwa-chauth-glossary-50-rituals-foods-objects-and-traditions-explained.html,no,merged,/Users/prashantdhingra/e/a3_output/makarsankranti.net/output/content/hindu-festivals/karwa-chauth/diaspora-modern-practice-comparisons-faqs-and-micro-topics/footer.fragment
hindu-festivals/karwa-chauth/diaspora-modern-practice-comparisons-faqs-and-micro-topics/how-karwa-chauth-is-celebrated-in-canada.html,hindu-festivals/karwa-chauth/diaspora-modern-practice-comparisons-faqs-and-micro-topics/how-karwa-chauth-is-celebrated-in-canada.html,no,merged,/Users/prashantdhingra/e/a3_output/makarsankranti.net/output/content/hindu-festivals/karwa-chauth/diaspora-modern-practice-comparisons-faqs-and-micro-topics/footer.fragment
hindu-festivals/karwa-chauth/diaspora-modern-practice-comparisons-faqs-and-micro-topics/karwa-chauth-community-puja-ideas-for-diaspora-groups.html,hindu-festivals/karwa-chauth/diaspora-modern-practice-comparisons-faqs-and-micro-topics/karwa-chauth-community-puja-ideas-for-diaspora-groups.html,no,merged,/Users/prashantdhingra/e/a3_output/makarsankranti.net/output/content/hindu-festivals/karwa-chauth/diaspora-modern-practice-comparisons-faqs-and-micro-topics/footer.fragment
hindu-festivals/karwa-chauth/diaspora-modern-practice-comparisons-faqs-and-micro-topics/100-karwa-chauth-questions-and-answers-complete-festival-faq.html,hindu-festivals/karwa-chauth/diaspora-modern-practice-comparisons-faqs-and-micro-topics/100-karwa-chauth-questions-and-answers-complete-festival-faq.html,no,merged,/Users/prashantdhingra/e/a3_output/makarsankranti.net/output/content/hindu-festivals/karwa-chauth/diaspora-modern-practice-comparisons-faqs-and-micro-topics/footer.fragment
hindu-festivals/karwa-chauth/diaspora-modern-practice-comparisons-faqs-and-micro-topics/what-should-you-put-in-a-karwa-chauth-puja-thali.html,hindu-festivals/karwa-chauth/diaspora-modern-practice-comparisons-faqs-and-micro-topics/what-should-you-put-in-a-karwa-chauth-puja-thali.html,no,merged,/Users/prashantdhingra/e/a3_output/makarsankranti.net/output/content/hindu-festivals/karwa-chauth/diaspora-modern-practice-comparisons-faqs-and-micro-topics/footer.fragment
hindu-festivals/karwa-chauth/diaspora-modern-practice-comparisons-faqs-and-micro-topics/karwa-chauth-for-indian-families-living-abroad.html,hindu-festivals/karwa-chauth/diaspora-modern-practice-comparisons-faqs-and-micro-topics/karwa-chauth-for-indian-families-living-abroad.html,no,merged,/Users/prashantdhingra/e/a3_output/makarsankranti.net/output/content/hindu-festivals/karwa-chauth/diaspora-modern-practice-comparisons-faqs-and-micro-topics/footer.fragment
hindu-festivals/karwa-chauth/diaspora-modern-practice-comparisons-faqs-and-micro-topics/can-couples-observe-karwa-chauth-together.html,hindu-festivals/karwa-chauth/diaspora-modern-practice-comparisons-faqs-and-micro-topics/can-couples-observe-karwa-chauth-together.html,no,merged,/Users/prashantdhingra/e/a3_output/makarsankranti.net/output/content/hindu-festivals/karwa-chauth/diaspora-modern-practice-comparisons-faqs-and-micro-topics/footer.fragment
hindu-festivals/karwa-chauth/diaspora-modern-practice-comparisons-faqs-and-micro-topics/karwa-chauth-vs-hartalika-teej-traditions-compared.html,hindu-festivals/karwa-chauth/diaspora-modern-practice-comparisons-faqs-and-micro-topics/karwa-chauth-vs-hartalika-teej-traditions-compared.html,no,merged,/Users/prashantdhingra/e/a3_output/makarsankranti.net/output/content/hindu-festivals/karwa-chauth/diaspora-modern-practice-comparisons-faqs-and-micro-topics/footer.fragment
hindu-festivals/karwa-chauth/diaspora-modern-practice-comparisons-faqs-and-micro-topics/can-karwa-chauth-puja-be-done-alone.html,hindu-festivals/karwa-chauth/diaspora-modern-practice-comparisons-faqs-and-micro-topics/can-karwa-chauth-puja-be-done-alone.html,no,merged,/Users/prashantdhingra/e/a3_output/makarsankranti.net/output/content/hindu-festivals/karwa-chauth/diaspora-modern-practice-comparisons-faqs-and-micro-topics/footer.fragment
hindu-festivals/karwa-chauth/diaspora-modern-practice-comparisons-faqs-and-micro-topics/karwa-chauth-vs-ahoi-ashtami-dates-purpose-and-traditions-compared.html,hindu-festivals/karwa-chauth/diaspora-modern-practice-comparisons-faqs-and-micro-topics/karwa-chauth-vs-ahoi-ashtami-dates-purpose-and-traditions-compared.html,no,merged,/Users/prashantdhingra/e/a3_output/makarsankranti.net/output/content/hindu-festivals/karwa-chauth/diaspora-modern-practice-comparisons-faqs-and-micro-topics/footer.fragment
hindu-festivals/karwa-chauth/diaspora-modern-practice-comparisons-faqs-and-micro-topics/can-husbands-fast-on-karwa-chauth.html,hindu-festivals/karwa-chauth/diaspora-modern-practice-comparisons-faqs-and-micro-topics/can-husbands-fast-on-karwa-chauth.html,no,merged,/Users/prashantdhingra/e/a3_output/makarsankranti.net/output/content/hindu-festivals/karwa-chauth/diaspora-modern-practice-comparisons-faqs-and-micro-topics/footer.fragment
hindu-festivals/karwa-chauth/diaspora-modern-practice-comparisons-faqs-and-micro-topics/karwa-chauth-vs-vat-savitri-what-is-the-difference.html,hindu-festivals/karwa-chauth/diaspora-modern-practice-comparisons-faqs-and-micro-topics/karwa-chauth-vs-vat-savitri-what-is-the-difference.html,no,merged,/Users/prashantdhingra/e/a3_output/makarsankranti.net/output/content/hindu-festivals/karwa-chauth/diaspora-modern-practice-comparisons-faqs-and-micro-topics/footer.fragment
hindu-festivals/karwa-chauth/diaspora-modern-practice-comparisons-faqs-and-micro-topics/how-karwa-chauth-is-celebrated-in-the-united-states.html,hindu-festivals/karwa-chauth/diaspora-modern-practice-comparisons-faqs-and-micro-topics/how-karwa-chauth-is-celebrated-in-the-united-states.html,no,merged,/Users/prashantdhingra/e/a3_output/makarsankranti.net/output/content/hindu-festivals/karwa-chauth/diaspora-modern-practice-comparisons-faqs-and-micro-topics/footer.fragment
hindu-festivals/karwa-chauth/sargi-recipes-sweets-snacks-and-post-fast-meals/karwa-chauth-sargi-vermicelli-or-seviyan-recipe-ideas.html,hindu-festivals/karwa-chauth/sargi-recipes-sweets-snacks-and-post-fast-meals/karwa-chauth-sargi-vermicelli-or-seviyan-recipe-ideas.html,no,merged,/Users/prashantdhingra/e/a3_output/makarsankranti.net/output/content/hindu-festivals/karwa-chauth/sargi-recipes-sweets-snacks-and-post-fast-meals/footer.fragment
hindu-festivals/karwa-chauth/sargi-recipes-sweets-snacks-and-post-fast-meals/healthy-sargi-breakfast-ideas-for-karwa-chauth.html,hindu-festivals/karwa-chauth/sargi-recipes-sweets-snacks-and-post-fast-meals/healthy-sargi-breakfast-ideas-for-karwa-chauth.html,no,merged,/Users/prashantdhingra/e/a3_output/makarsankranti.net/output/content/hindu-festivals/karwa-chauth/sargi-recipes-sweets-snacks-and-post-fast-meals/footer.fragment
hindu-festivals/karwa-chauth/sargi-recipes-sweets-snacks-and-post-fast-meals/karwa-chauth-halwa-recipe-ideas.html,hindu-festivals/karwa-chauth/sargi-recipes-sweets-snacks-and-post-fast-meals/karwa-chauth-halwa-recipe-ideas.html,no,merged,/Users/prashantdhingra/e/a3_output/makarsankranti.net/output/content/hindu-festivals/karwa-chauth/sargi-recipes-sweets-snacks-and-post-fast-meals/footer.fragment
hindu-festivals/karwa-chauth/sargi-recipes-sweets-snacks-and-post-fast-meals/index.html,hindu-festivals/karwa-chauth/sargi-recipes-sweets-snacks-and-post-fast-meals/index.html,no,merged,/Users/prashantdhingra/e/a3_output/makarsankranti.net/output/content/hindu-festivals/karwa-chauth/sargi-recipes-sweets-snacks-and-post-fast-meals/footer.fragment
hindu-festivals/karwa-chauth/sargi-recipes-sweets-snacks-and-post-fast-meals/karwa-chauth-post-fast-dinner-menu.html,hindu-festivals/karwa-chauth/sargi-recipes-sweets-snacks-and-post-fast-meals/karwa-chauth-post-fast-dinner-menu.html,no,merged,/Users/prashantdhingra/e/a3_output/makarsankranti.net/output/content/hindu-festivals/karwa-chauth/sargi-recipes-sweets-snacks-and-post-fast-meals/footer.fragment
hindu-festivals/karwa-chauth/sargi-recipes-sweets-snacks-and-post-fast-meals/karwa-chauth-vegetarian-dinner-ideas.html,hindu-festivals/karwa-chauth/sargi-recipes-sweets-snacks-and-post-fast-meals/karwa-chauth-vegetarian-dinner-ideas.html,no,merged,/Users/prashantdhingra/e/a3_output/makarsankranti.net/output/content/hindu-festivals/karwa-chauth/sargi-recipes-sweets-snacks-and-post-fast-meals/footer.fragment
hindu-festivals/karwa-chauth/sargi-recipes-sweets-snacks-and-post-fast-meals/karwa-chauth-sweet-ideas-for-puja-and-family-sharing.html,hindu-festivals/karwa-chauth/sargi-recipes-sweets-snacks-and-post-fast-meals/karwa-chauth-sweet-ideas-for-puja-and-family-sharing.html,no,merged,/Users/prashantdhingra/e/a3_output/makarsankranti.net/output/content/hindu-festivals/karwa-chauth/sargi-recipes-sweets-snacks-and-post-fast-meals/footer.fragment
hindu-festivals/karwa-chauth/sargi-recipes-sweets-snacks-and-post-fast-meals/karwa-chauth-mathri-recipe.html,hindu-festivals/karwa-chauth/sargi-recipes-sweets-snacks-and-post-fast-meals/karwa-chauth-mathri-recipe.html,no,merged,/Users/prashantdhingra/e/a3_output/makarsankranti.net/output/content/hindu-festivals/karwa-chauth/sargi-recipes-sweets-snacks-and-post-fast-meals/footer.fragment
hindu-festivals/karwa-chauth/sargi-recipes-sweets-snacks-and-post-fast-meals/karwa-chauth-puja-prasad-ideas.html,hindu-festivals/karwa-chauth/sargi-recipes-sweets-snacks-and-post-fast-meals/karwa-chauth-puja-prasad-ideas.html,no,merged,/Users/prashantdhingra/e/a3_output/makarsankranti.net/output/content/hindu-festivals/karwa-chauth/sargi-recipes-sweets-snacks-and-post-fast-meals/footer.fragment
hindu-festivals/karwa-chauth/sargi-recipes-sweets-snacks-and-post-fast-meals/karwa-chauth-sargi-fruit-and-dry-fruit-ideas.html,hindu-festivals/karwa-chauth/sargi-recipes-sweets-snacks-and-post-fast-meals/karwa-chauth-sargi-fruit-and-dry-fruit-ideas.html,no,merged,/Users/prashantdhingra/e/a3_output/makarsankranti.net/output/content/hindu-festivals/karwa-chauth/sargi-recipes-sweets-snacks-and-post-fast-meals/footer.fragment
hindu-festivals/karwa-chauth/sargi-recipes-sweets-snacks-and-post-fast-meals/karwa-chauth-dessert-ideas.html,hindu-festivals/karwa-chauth/sargi-recipes-sweets-snacks-and-post-fast-meals/karwa-chauth-dessert-ideas.html,no,merged,/Users/prashantdhingra/e/a3_output/makarsankranti.net/output/content/hindu-festivals/karwa-chauth/sargi-recipes-sweets-snacks-and-post-fast-meals/footer.fragment
hindu-festivals/karwa-chauth/sargi-recipes-sweets-snacks-and-post-fast-meals/karwa-chauth-family-dinner-menu-ideas.html,hindu-festivals/karwa-chauth/sargi-recipes-sweets-snacks-and-post-fast-meals/karwa-chauth-family-dinner-menu-ideas.html,no,merged,/Users/prashantdhingra/e/a3_output/makarsankranti.net/output/content/hindu-festivals/karwa-chauth/sargi-recipes-sweets-snacks-and-post-fast-meals/footer.fragment
hindu-festivals/karwa-chauth/sargi-recipes-sweets-snacks-and-post-fast-meals/karwa-chauth-recipe-planning-checklist.html,hindu-festivals/karwa-chauth/sargi-recipes-sweets-snacks-and-post-fast-meals/karwa-chauth-recipe-planning-checklist.html,no,merged,/Users/prashantdhingra/e/a3_output/makarsankranti.net/output/content/hindu-festivals/karwa-chauth/sargi-recipes-sweets-snacks-and-post-fast-meals/footer.fragment
hindu-festivals/karwa-chauth/sargi-recipes-sweets-snacks-and-post-fast-meals/karwa-chauth-food-gift-basket-ideas.html,hindu-festivals/karwa-chauth/sargi-recipes-sweets-snacks-and-post-fast-meals/karwa-chauth-food-gift-basket-ideas.html,no,merged,/Users/prashantdhingra/e/a3_output/makarsankranti.net/output/content/hindu-festivals/karwa-chauth/sargi-recipes-sweets-snacks-and-post-fast-meals/footer.fragment
hindu-festivals/karwa-chauth/sargi-recipes-sweets-snacks-and-post-fast-meals/karwa-chauth-kheer-recipe-ideas.html,hindu-festivals/karwa-chauth/sargi-recipes-sweets-snacks-and-post-fast-meals/karwa-chauth-kheer-recipe-ideas.html,no,merged,/Users/prashantdhingra/e/a3_output/makarsankranti.net/output/content/hindu-festivals/karwa-chauth/sargi-recipes-sweets-snacks-and-post-fast-meals/footer.fragment
hindu-festivals/karwa-chauth/sargi-recipes-sweets-snacks-and-post-fast-meals/karwa-chauth-sargi-menu-ideas.html,hindu-festivals/karwa-chauth/sargi-recipes-sweets-snacks-and-post-fast-meals/karwa-chauth-sargi-menu-ideas.html,no,merged,/Users/prashantdhingra/e/a3_output/makarsankranti.net/output/content/hindu-festivals/karwa-chauth/sargi-recipes-sweets-snacks-and-post-fast-meals/footer.fragment
hindu-festivals/karwa-chauth/sargi-recipes-sweets-snacks-and-post-fast-meals/karwa-chauth-feni-and-pheni-traditions-explained.html,hindu-festivals/karwa-chauth/sargi-recipes-sweets-snacks-and-post-fast-meals/karwa-chauth-feni-and-pheni-traditions-explained.html,no,merged,/Users/prashantdhingra/e/a3_output/makarsankranti.net/output/content/hindu-festivals/karwa-chauth/sargi-recipes-sweets-snacks-and-post-fast-meals/footer.fragment
hindu-festivals/karwa-chauth/sargi-recipes-sweets-snacks-and-post-fast-meals/karwa-chauth-ladoo-ideas.html,hindu-festivals/karwa-chauth/sargi-recipes-sweets-snacks-and-post-fast-meals/karwa-chauth-ladoo-ideas.html,no,merged,/Users/prashantdhingra/e/a3_output/makarsankranti.net/output/content/hindu-festivals/karwa-chauth/sargi-recipes-sweets-snacks-and-post-fast-meals/footer.fragment
hindu-festivals/karwa-chauth/sargi-recipes-sweets-snacks-and-post-fast-meals/karwa-chauth-light-dinner-ideas-after-moonrise.html,hindu-festivals/karwa-chauth/sargi-recipes-sweets-snacks-and-post-fast-meals/karwa-chauth-light-dinner-ideas-after-moonrise.html,no,merged,/Users/prashantdhingra/e/a3_output/makarsankranti.net/output/content/hindu-festivals/karwa-chauth/sargi-recipes-sweets-snacks-and-post-fast-meals/footer.fragment
hindu-festivals/karwa-chauth/sargi-recipes-sweets-snacks-and-post-fast-meals/20-karwa-chauth-recipes-from-sargi-to-dinner.html,hindu-festivals/karwa-chauth/sargi-recipes-sweets-snacks-and-post-fast-meals/20-karwa-chauth-recipes-from-sargi-to-dinner.html,no,merged,/Users/prashantdhingra/e/a3_output/makarsankranti.net/output/content/hindu-festivals/karwa-chauth/sargi-recipes-sweets-snacks-and-post-fast-meals/footer.fragment
hindu-festivals/karwa-chauth/sargi-recipes-sweets-snacks-and-post-fast-meals/karwa-chauth-sargi-paratha-ideas.html,hindu-festivals/karwa-chauth/sargi-recipes-sweets-snacks-and-post-fast-meals/karwa-chauth-sargi-paratha-ideas.html,no,merged,/Users/prashantdhingra/e/a3_output/makarsankranti.net/output/content/hindu-festivals/karwa-chauth/sargi-recipes-sweets-snacks-and-post-fast-meals/footer.fragment
hindu-festivals/karwa-chauth/moon-sighting-fast-breaking-and-evening-traditions/what-if-moonrise-is-very-late-on-karwa-chauth.html,hindu-festivals/karwa-chauth/moon-sighting-fast-breaking-and-evening-traditions/what-if-moonrise-is-very-late-on-karwa-chauth.html,no,merged,/Users/prashantdhingra/e/a3_output/makarsankranti.net/output/content/hindu-festivals/karwa-chauth/moon-sighting-fast-breaking-and-evening-traditions/footer.fragment
hindu-festivals/karwa-chauth/moon-sighting-fast-breaking-and-evening-traditions/what-to-keep-ready-before-moonrise-on-karwa-chauth.html,hindu-festivals/karwa-chauth/moon-sighting-fast-breaking-and-evening-traditions/what-to-keep-ready-before-moonrise-on-karwa-chauth.html,no,merged,/Users/prashantdhingra/e/a3_output/makarsankranti.net/output/content/hindu-festivals/karwa-chauth/moon-sighting-fast-breaking-and-evening-traditions/footer.fragment
hindu-festivals/karwa-chauth/moon-sighting-fast-breaking-and-evening-traditions/index.html,hindu-festivals/karwa-chauth/moon-sighting-fast-breaking-and-evening-traditions/index.html,no,merged,/Users/prashantdhingra/e/a3_output/makarsankranti.net/output/content/hindu-festivals/karwa-chauth/moon-sighting-fast-breaking-and-evening-traditions/footer.fragment
hindu-festivals/karwa-chauth/moon-sighting-fast-breaking-and-evening-traditions/karwa-chauth-moonrise-traditions-across-different-regions.html,hindu-festivals/karwa-chauth/moon-sighting-fast-breaking-and-evening-traditions/karwa-chauth-moonrise-traditions-across-different-regions.html,no,merged,/Users/prashantdhingra/e/a3_output/makarsankranti.net/output/content/hindu-festivals/karwa-chauth/moon-sighting-fast-breaking-and-evening-traditions/footer.fragment
hindu-festivals/karwa-chauth/moon-sighting-fast-breaking-and-evening-traditions/what-if-clouds-hide-the-moon-on-karwa-chauth.html,hindu-festivals/karwa-chauth/moon-sighting-fast-breaking-and-evening-traditions/what-if-clouds-hide-the-moon-on-karwa-chauth.html,no,merged,/Users/prashantdhingra/e/a3_output/makarsankranti.net/output/content/hindu-festivals/karwa-chauth/moon-sighting-fast-breaking-and-evening-traditions/footer.fragment
hindu-festivals/karwa-chauth/moon-sighting-fast-breaking-and-evening-traditions/why-is-the-moon-viewed-through-a-sieve-on-karwa-chauth.html,hindu-festivals/karwa-chauth/moon-sighting-fast-breaking-and-evening-traditions/why-is-the-moon-viewed-through-a-sieve-on-karwa-chauth.html,no,merged,/Users/prashantdhingra/e/a3_output/makarsankranti.net/output/content/hindu-festivals/karwa-chauth/moon-sighting-fast-breaking-and-evening-traditions/footer.fragment
hindu-festivals/karwa-chauth/moon-sighting-fast-breaking-and-evening-traditions/karwa-chauth-evening-celebration-ideas-at-home.html,hindu-festivals/karwa-chauth/moon-sighting-fast-breaking-and-evening-traditions/karwa-chauth-evening-celebration-ideas-at-home.html,no,merged,/Users/prashantdhingra/e/a3_output/makarsankranti.net/output/content/hindu-festivals/karwa-chauth/moon-sighting-fast-breaking-and-evening-traditions/footer.fragment
hindu-festivals/karwa-chauth/moon-sighting-fast-breaking-and-evening-traditions/why-is-water-offered-to-the-moon-on-karwa-chauth.html,hindu-festivals/karwa-chauth/moon-sighting-fast-breaking-and-evening-traditions/why-is-water-offered-to-the-moon-on-karwa-chauth.html,no,merged,/Users/prashantdhingra/e/a3_output/makarsankranti.net/output/content/hindu-festivals/karwa-chauth/moon-sighting-fast-breaking-and-evening-traditions/footer.fragment
hindu-festivals/karwa-chauth/moon-sighting-fast-breaking-and-evening-traditions/karwa-chauth-moon-sighting-for-families-living-abroad.html,hindu-festivals/karwa-chauth/moon-sighting-fast-breaking-and-evening-traditions/karwa-chauth-moon-sighting-for-families-living-abroad.html,no,merged,/Users/prashantdhingra/e/a3_output/makarsankranti.net/output/content/hindu-festivals/karwa-chauth/moon-sighting-fast-breaking-and-evening-traditions/footer.fragment
hindu-festivals/karwa-chauth/moon-sighting-fast-breaking-and-evening-traditions/karwa-chauth-moonrise-photography-ideas.html,hindu-festivals/karwa-chauth/moon-sighting-fast-breaking-and-evening-traditions/karwa-chauth-moonrise-photography-ideas.html,no,merged,/Users/prashantdhingra/e/a3_output/makarsankranti.net/output/content/hindu-festivals/karwa-chauth/moon-sighting-fast-breaking-and-evening-traditions/footer.fragment
hindu-festivals/karwa-chauth/moon-sighting-fast-breaking-and-evening-traditions/karwa-chauth-dinner-ideas-for-couples-and-families.html,hindu-festivals/karwa-chauth/moon-sighting-fast-breaking-and-evening-traditions/karwa-chauth-dinner-ideas-for-couples-and-families.html,no,merged,/Users/prashantdhingra/e/a3_output/makarsankranti.net/output/content/hindu-festivals/karwa-chauth/moon-sighting-fast-breaking-and-evening-traditions/footer.fragment
hindu-festivals/karwa-chauth/moon-sighting-fast-breaking-and-evening-traditions/light-post-fast-meal-ideas-for-karwa-chauth-evening.html,hindu-festivals/karwa-chauth/moon-sighting-fast-breaking-and-evening-traditions/light-post-fast-meal-ideas-for-karwa-chauth-evening.html,no,merged,/Users/prashantdhingra/e/a3_output/makarsankranti.net/output/content/hindu-festivals/karwa-chauth/moon-sighting-fast-breaking-and-evening-traditions/footer.fragment
hindu-festivals/karwa-chauth/moon-sighting-fast-breaking-and-evening-traditions/karwa-chauth-couple-photo-ideas-after-moonrise.html,hindu-festivals/karwa-chauth/moon-sighting-fast-breaking-and-evening-traditions/karwa-chauth-couple-photo-ideas-after-moonrise.html,no,merged,/Users/prashantdhingra/e/a3_output/makarsankranti.net/output/content/hindu-festivals/karwa-chauth/moon-sighting-fast-breaking-and-evening-traditions/footer.fragment
hindu-festivals/karwa-chauth/moon-sighting-fast-breaking-and-evening-traditions/karwa-chauth-moon-sighting-ritual-step-by-step-guide.html,hindu-festivals/karwa-chauth/moon-sighting-fast-breaking-and-evening-traditions/karwa-chauth-moon-sighting-ritual-step-by-step-guide.html,no,merged,/Users/prashantdhingra/e/a3_output/makarsankranti.net/output/content/hindu-festivals/karwa-chauth/moon-sighting-fast-breaking-and-evening-traditions/footer.fragment
hindu-festivals/karwa-chauth/moon-sighting-fast-breaking-and-evening-traditions/karwa-chauth-moonrise-faq-sighting-arghya-and-fast-breaking-questions.html,hindu-festivals/karwa-chauth/moon-sighting-fast-breaking-and-evening-traditions/karwa-chauth-moonrise-faq-sighting-arghya-and-fast-breaking-questions.html,no,merged,/Users/prashantdhingra/e/a3_output/makarsankranti.net/output/content/hindu-festivals/karwa-chauth/moon-sighting-fast-breaking-and-evening-traditions/footer.fragment
hindu-festivals/karwa-chauth/moon-sighting-fast-breaking-and-evening-traditions/karwa-chauth-arghya-to-the-moon-meaning-and-ritual.html,hindu-festivals/karwa-chauth/moon-sighting-fast-breaking-and-evening-traditions/karwa-chauth-arghya-to-the-moon-meaning-and-ritual.html,no,merged,/Users/prashantdhingra/e/a3_output/makarsankranti.net/output/content/hindu-festivals/karwa-chauth/moon-sighting-fast-breaking-and-evening-traditions/footer.fragment
hindu-festivals/karwa-chauth/moon-sighting-fast-breaking-and-evening-traditions/how-is-the-karwa-chauth-fast-traditionally-broken.html,hindu-festivals/karwa-chauth/moon-sighting-fast-breaking-and-evening-traditions/how-is-the-karwa-chauth-fast-traditionally-broken.html,no,merged,/Users/prashantdhingra/e/a3_output/makarsankranti.net/output/content/hindu-festivals/karwa-chauth/moon-sighting-fast-breaking-and-evening-traditions/footer.fragment
hindu-festivals/karwa-chauth/moon-sighting-fast-breaking-and-evening-traditions/how-to-track-moonrise-on-karwa-chauth-without-missing-puja.html,hindu-festivals/karwa-chauth/moon-sighting-fast-breaking-and-evening-traditions/how-to-track-moonrise-on-karwa-chauth-without-missing-puja.html,no,merged,/Users/prashantdhingra/e/a3_output/makarsankranti.net/output/content/hindu-festivals/karwa-chauth/moon-sighting-fast-breaking-and-evening-traditions/footer.fragment
hindu-festivals/karwa-chauth/moon-sighting-fast-breaking-and-evening-traditions/karwa-chauth-channi-or-sieve-tradition-meaning-and-symbolism.html,hindu-festivals/karwa-chauth/moon-sighting-fast-breaking-and-evening-traditions/karwa-chauth-channi-or-sieve-tradition-meaning-and-symbolism.html,no,merged,/Users/prashantdhingra/e/a3_output/makarsankranti.net/output/content/hindu-festivals/karwa-chauth/moon-sighting-fast-breaking-and-evening-traditions/footer.fragment
hindu-festivals/karwa-chauth/moon-sighting-fast-breaking-and-evening-traditions/karwa-chauth-fast-breaking-meal-ideas.html,hindu-festivals/karwa-chauth/moon-sighting-fast-breaking-and-evening-traditions/karwa-chauth-fast-breaking-meal-ideas.html,no,merged,/Users/prashantdhingra/e/a3_output/makarsankranti.net/output/content/hindu-festivals/karwa-chauth/moon-sighting-fast-breaking-and-evening-traditions/footer.fragment
hindu-festivals/karwa-chauth/moon-sighting-fast-breaking-and-evening-traditions/karwa-chauth-evening-puja-and-moonrise-routine.html,hindu-festivals/karwa-chauth/moon-sighting-fast-breaking-and-evening-traditions/karwa-chauth-evening-puja-and-moonrise-routine.html,no,merged,/Users/prashantdhingra/e/a3_output/makarsankranti.net/output/content/hindu-festivals/karwa-chauth/moon-sighting-fast-breaking-and-evening-traditions/footer.fragment
hindu-festivals/karwa-chauth/wishes-quotes-messages-captions-and-social-content/100-happy-karwa-chauth-wishes-for-husband-and-wife.html,hindu-festivals/karwa-chauth/wishes-quotes-messages-captions-and-social-content/100-happy-karwa-chauth-wishes-for-husband-and-wife.html,no,merged,/Users/prashantdhingra/e/a3_output/makarsankranti.net/output/content/hindu-festivals/karwa-chauth/wishes-quotes-messages-captions-and-social-content/footer.fragment
hindu-festivals/karwa-chauth/wishes-quotes-messages-captions-and-social-content/index.html,hindu-festivals/karwa-chauth/wishes-quotes-messages-captions-and-social-content/index.html,no,merged,/Users/prashantdhingra/e/a3_output/makarsankranti.net/output/content/hindu-festivals/karwa-chauth/wishes-quotes-messages-captions-and-social-content/footer.fragment
hindu-festivals/karwa-chauth/wishes-quotes-messages-captions-and-social-content/funny-karwa-chauth-messages-and-lighthearted-captions.html,hindu-festivals/karwa-chauth/wishes-quotes-messages-captions-and-social-content/funny-karwa-chauth-messages-and-lighthearted-captions.html,no,merged,/Users/prashantdhingra/e/a3_output/makarsankranti.net/output/content/hindu-festivals/karwa-chauth/wishes-quotes-messages-captions-and-social-content/footer.fragment
hindu-festivals/karwa-chauth/wishes-quotes-messages-captions-and-social-content/karwa-chauth-wishes-for-husband.html,hindu-festivals/karwa-chauth/wishes-quotes-messages-captions-and-social-content/karwa-chauth-wishes-for-husband.html,no,merged,/Users/prashantdhingra/e/a3_output/makarsankranti.net/output/content/hindu-festivals/karwa-chauth/wishes-quotes-messages-captions-and-social-content/footer.fragment
hindu-festivals/karwa-chauth/wishes-quotes-messages-captions-and-social-content/heartfelt-karwa-chauth-messages-for-couples.html,hindu-festivals/karwa-chauth/wishes-quotes-messages-captions-and-social-content/heartfelt-karwa-chauth-messages-for-couples.html,no,merged,/Users/prashantdhingra/e/a3_output/makarsankranti.net/output/content/hindu-festivals/karwa-chauth/wishes-quotes-messages-captions-and-social-content/footer.fragment
hindu-festivals/karwa-chauth/wishes-quotes-messages-captions-and-social-content/karwa-chauth-instagram-captions.html,hindu-festivals/karwa-chauth/wishes-quotes-messages-captions-and-social-content/karwa-chauth-instagram-captions.html,no,merged,/Users/prashantdhingra/e/a3_output/makarsankranti.net/output/content/hindu-festivals/karwa-chauth/wishes-quotes-messages-captions-and-social-content/footer.fragment
hindu-festivals/karwa-chauth/wishes-quotes-messages-captions-and-social-content/karwa-chauth-2026-wishes-quotes-messages-and-captions.html,hindu-festivals/karwa-chauth/wishes-quotes-messages-captions-and-social-content/karwa-chauth-2026-wishes-quotes-messages-and-captions.html,no,merged,/Users/prashantdhingra/e/a3_output/makarsankranti.net/output/content/hindu-festivals/karwa-chauth/wishes-quotes-messages-captions-and-social-content/footer.fragment
hindu-festivals/karwa-chauth/wishes-quotes-messages-captions-and-social-content/karwa-chauth-captions-for-couple-photos.html,hindu-festivals/karwa-chauth/wishes-quotes-messages-captions-and-social-content/karwa-chauth-captions-for-couple-photos.html,no,merged,/Users/prashantdhingra/e/a3_output/makarsankranti.net/output/content/hindu-festivals/karwa-chauth/wishes-quotes-messages-captions-and-social-content/footer.fragment
hindu-festivals/karwa-chauth/wishes-quotes-messages-captions-and-social-content/karwa-chauth-social-media-content-ideas-for-brands-and-communities.html,hindu-festivals/karwa-chauth/wishes-quotes-messages-captions-and-social-content/karwa-chauth-social-media-content-ideas-for-brands-and-communities.html,no,merged,/Users/prashantdhingra/e/a3_output/makarsankranti.net/output/content/hindu-festivals/karwa-chauth/wishes-quotes-messages-captions-and-social-content/footer.fragment
hindu-festivals/karwa-chauth/wishes-quotes-messages-captions-and-social-content/karwa-chauth-wishes-for-sister-and-sister-in-law.html,hindu-festivals/karwa-chauth/wishes-quotes-messages-captions-and-social-content/karwa-chauth-wishes-for-sister-and-sister-in-law.html,no,merged,/Users/prashantdhingra/e/a3_output/makarsankranti.net/output/content/hindu-festivals/karwa-chauth/wishes-quotes-messages-captions-and-social-content/footer.fragment
hindu-festivals/karwa-chauth/wishes-quotes-messages-captions-and-social-content/karwa-chauth-wishes-for-friends.html,hindu-festivals/karwa-chauth/wishes-quotes-messages-captions-and-social-content/karwa-chauth-wishes-for-friends.html,no,merged,/Users/prashantdhingra/e/a3_output/makarsankranti.net/output/content/hindu-festivals/karwa-chauth/wishes-quotes-messages-captions-and-social-content/footer.fragment
hindu-festivals/karwa-chauth/wishes-quotes-messages-captions-and-social-content/karwa-chauth-whatsapp-status-ideas.html,hindu-festivals/karwa-chauth/wishes-quotes-messages-captions-and-social-content/karwa-chauth-whatsapp-status-ideas.html,no,merged,/Users/prashantdhingra/e/a3_output/makarsankranti.net/output/content/hindu-festivals/karwa-chauth/wishes-quotes-messages-captions-and-social-content/footer.fragment
hindu-festivals/karwa-chauth/wishes-quotes-messages-captions-and-social-content/first-karwa-chauth-wishes-for-newlyweds.html,hindu-festivals/karwa-chauth/wishes-quotes-messages-captions-and-social-content/first-karwa-chauth-wishes-for-newlyweds.html,no,merged,/Users/prashantdhingra/e/a3_output/makarsankranti.net/output/content/hindu-festivals/karwa-chauth/wishes-quotes-messages-captions-and-social-content/footer.fragment
hindu-festivals/karwa-chauth/wishes-quotes-messages-captions-and-social-content/karwa-chauth-facebook-captions-and-social-posts.html,hindu-festivals/karwa-chauth/wishes-quotes-messages-captions-and-social-content/karwa-chauth-facebook-captions-and-social-posts.html,no,merged,/Users/prashantdhingra/e/a3_output/makarsankranti.net/output/content/hindu-festivals/karwa-chauth/wishes-quotes-messages-captions-and-social-content/footer.fragment
hindu-festivals/karwa-chauth/wishes-quotes-messages-captions-and-social-content/karwa-chauth-wishes-for-wife.html,hindu-festivals/karwa-chauth/wishes-quotes-messages-captions-and-social-content/karwa-chauth-wishes-for-wife.html,no,merged,/Users/prashantdhingra/e/a3_output/makarsankranti.net/output/content/hindu-festivals/karwa-chauth/wishes-quotes-messages-captions-and-social-content/footer.fragment
hindu-festivals/karwa-chauth/wishes-quotes-messages-captions-and-social-content/karwa-chauth-wishes-for-daughter-and-daughter-in-law.html,hindu-festivals/karwa-chauth/wishes-quotes-messages-captions-and-social-content/karwa-chauth-wishes-for-daughter-and-daughter-in-law.html,no,merged,/Users/prashantdhingra/e/a3_output/makarsankranti.net/output/content/hindu-festivals/karwa-chauth/wishes-quotes-messages-captions-and-social-content/footer.fragment
hindu-festivals/karwa-chauth/wishes-quotes-messages-captions-and-social-content/karwa-chauth-quotes-about-love-partnership-and-commitment.html,hindu-festivals/karwa-chauth/wishes-quotes-messages-captions-and-social-content/karwa-chauth-quotes-about-love-partnership-and-commitment.html,no,merged,/Users/prashantdhingra/e/a3_output/makarsankranti.net/output/content/hindu-festivals/karwa-chauth/wishes-quotes-messages-captions-and-social-content/footer.fragment
hindu-festivals/karwa-chauth/wishes-quotes-messages-captions-and-social-content/karwa-chauth-greeting-card-messages.html,hindu-festivals/karwa-chauth/wishes-quotes-messages-captions-and-social-content/karwa-chauth-greeting-card-messages.html,no,merged,/Users/prashantdhingra/e/a3_output/makarsankranti.net/output/content/hindu-festivals/karwa-chauth/wishes-quotes-messages-captions-and-social-content/footer.fragment
hindu-festivals/karwa-chauth/wishes-quotes-messages-captions-and-social-content/short-karwa-chauth-messages-for-whatsapp-and-sms.html,hindu-festivals/karwa-chauth/wishes-quotes-messages-captions-and-social-content/short-karwa-chauth-messages-for-whatsapp-and-sms.html,no,merged,/Users/prashantdhingra/e/a3_output/makarsankranti.net/output/content/hindu-festivals/karwa-chauth/wishes-quotes-messages-captions-and-social-content/footer.fragment
hindu-festivals/karwa-chauth/wishes-quotes-messages-captions-and-social-content/karwa-chauth-wishes-in-english.html,hindu-festivals/karwa-chauth/wishes-quotes-messages-captions-and-social-content/karwa-chauth-wishes-in-english.html,no,merged,/Users/prashantdhingra/e/a3_output/makarsankranti.net/output/content/hindu-festivals/karwa-chauth/wishes-quotes-messages-captions-and-social-content/footer.fragment
hindu-festivals/karwa-chauth/wishes-quotes-messages-captions-and-social-content/karwa-chauth-wishes-in-hindi.html,hindu-festivals/karwa-chauth/wishes-quotes-messages-captions-and-social-content/karwa-chauth-wishes-in-hindi.html,no,merged,/Users/prashantdhingra/e/a3_output/makarsankranti.net/output/content/hindu-festivals/karwa-chauth/wishes-quotes-messages-captions-and-social-content/footer.fragment
hindu-festivals/karwa-chauth/karwa-chauth-2026-city-moonrise-and-local-search/index.html,hindu-festivals/karwa-chauth/karwa-chauth-2026-city-moonrise-and-local-search/index.html,no,merged,/Users/prashantdhingra/e/a3_output/makarsankranti.net/output/content/hindu-festivals/karwa-chauth/karwa-chauth-2026-city-moonrise-and-local-search/footer.fragment
hindu-festivals/karwa-chauth/karwa-chauth-2026-city-moonrise-and-local-search/karwa-chauth-2026-in-amritsar-moonrise-puja-timing-and-local-guide.html,hindu-festivals/karwa-chauth/karwa-chauth-2026-city-moonrise-and-local-search/karwa-chauth-2026-in-amritsar-moonrise-puja-timing-and-local-guide.html,no,merged,/Users/prashantdhingra/e/a3_output/makarsankranti.net/output/content/hindu-festivals/karwa-chauth/karwa-chauth-2026-city-moonrise-and-local-search/footer.fragment
hindu-festivals/karwa-chauth/karwa-chauth-2026-city-moonrise-and-local-search/karwa-chauth-2026-in-gurugram-moonrise-puja-timing-and-local-guide.html,hindu-festivals/karwa-chauth/karwa-chauth-2026-city-moonrise-and-local-search/karwa-chauth-2026-in-gurugram-moonrise-puja-timing-and-local-guide.html,no,merged,/Users/prashantdhingra/e/a3_output/makarsankranti.net/output/content/hindu-festivals/karwa-chauth/karwa-chauth-2026-city-moonrise-and-local-search/footer.fragment
hindu-festivals/karwa-chauth/karwa-chauth-2026-city-moonrise-and-local-search/karwa-chauth-2026-near-me-how-to-find-puja-events-moonrise-times-and-community-celebrations.html,hindu-festivals/karwa-chauth/karwa-chauth-2026-city-moonrise-and-local-search/karwa-chauth-2026-near-me-how-to-find-puja-events-moonrise-times-and-community-celebrations.html,no,merged,/Users/prashantdhingra/e/a3_output/makarsankranti.net/output/content/hindu-festivals/karwa-chauth/karwa-chauth-2026-city-moonrise-and-local-search/footer.fragment
hindu-festivals/karwa-chauth/karwa-chauth-2026-city-moonrise-and-local-search/karwa-chauth-2026-in-toronto-moonrise-and-community-guide.html,hindu-festivals/karwa-chauth/karwa-chauth-2026-city-moonrise-and-local-search/karwa-chauth-2026-in-toronto-moonrise-and-community-guide.html,no,merged,/Users/prashantdhingra/e/a3_output/makarsankranti.net/output/content/hindu-festivals/karwa-chauth/karwa-chauth-2026-city-moonrise-and-local-search/footer.fragment
hindu-festivals/karwa-chauth/karwa-chauth-2026-city-moonrise-and-local-search/karwa-chauth-2026-in-delhi-moonrise-puja-timing-and-celebration-guide.html,hindu-festivals/karwa-chauth/karwa-chauth-2026-city-moonrise-and-local-search/karwa-chauth-2026-in-delhi-moonrise-puja-timing-and-celebration-guide.html,no,merged,/Users/prashantdhingra/e/a3_output/makarsankranti.net/output/content/hindu-festivals/karwa-chauth/karwa-chauth-2026-city-moonrise-and-local-search/footer.fragment
hindu-festivals/karwa-chauth/karwa-chauth-2026-city-moonrise-and-local-search/karwa-chauth-2026-in-mumbai-moonrise-puja-timing-and-celebration-guide.html,hindu-festivals/karwa-chauth/karwa-chauth-2026-city-moonrise-and-local-search/karwa-chauth-2026-in-mumbai-moonrise-puja-timing-and-celebration-guide.html,no,merged,/Users/prashantdhingra/e/a3_output/makarsankranti.net/output/content/hindu-festivals/karwa-chauth/karwa-chauth-2026-city-moonrise-and-local-search/footer.fragment
hindu-festivals/karwa-chauth/karwa-chauth-2026-city-moonrise-and-local-search/karwa-chauth-2026-in-bengaluru-moonrise-puja-timing-and-local-guide.html,hindu-festivals/karwa-chauth/karwa-chauth-2026-city-moonrise-and-local-search/karwa-chauth-2026-in-bengaluru-moonrise-puja-timing-and-local-guide.html,no,merged,/Users/prashantdhingra/e/a3_output/makarsankranti.net/output/content/hindu-festivals/karwa-chauth/karwa-chauth-2026-city-moonrise-and-local-search/footer.fragment
hindu-festivals/karwa-chauth/karwa-chauth-2026-city-moonrise-and-local-search/karwa-chauth-2026-in-london-moonrise-and-community-celebration-guide.html,hindu-festivals/karwa-chauth/karwa-chauth-2026-city-moonrise-and-local-search/karwa-chauth-2026-in-london-moonrise-and-community-celebration-guide.html,no,merged,/Users/prashantdhingra/e/a3_output/makarsankranti.net/output/content/hindu-festivals/karwa-chauth/karwa-chauth-2026-city-moonrise-and-local-search/footer.fragment
hindu-festivals/karwa-chauth/karwa-chauth-2026-city-moonrise-and-local-search/karwa-chauth-2026-in-ludhiana-moonrise-puja-timing-and-local-guide.html,hindu-festivals/karwa-chauth/karwa-chauth-2026-city-moonrise-and-local-search/karwa-chauth-2026-in-ludhiana-moonrise-puja-timing-and-local-guide.html,no,merged,/Users/prashantdhingra/e/a3_output/makarsankranti.net/output/content/hindu-festivals/karwa-chauth/karwa-chauth-2026-city-moonrise-and-local-search/footer.fragment
hindu-festivals/karwa-chauth/karwa-chauth-2026-city-moonrise-and-local-search/karwa-chauth-2026-in-jaipur-moonrise-puja-timing-and-local-guide.html,hindu-festivals/karwa-chauth/karwa-chauth-2026-city-moonrise-and-local-search/karwa-chauth-2026-in-jaipur-moonrise-puja-timing-and-local-guide.html,no,merged,/Users/prashantdhingra/e/a3_output/makarsankranti.net/output/content/hindu-festivals/karwa-chauth/karwa-chauth-2026-city-moonrise-and-local-search/footer.fragment
hindu-festivals/karwa-chauth/karwa-chauth-2026-city-moonrise-and-local-search/karwa-chauth-2026-in-dubai-moonrise-and-celebration-guide.html,hindu-festivals/karwa-chauth/karwa-chauth-2026-city-moonrise-and-local-search/karwa-chauth-2026-in-dubai-moonrise-and-celebration-guide.html,no,merged,/Users/prashantdhingra/e/a3_output/makarsankranti.net/output/content/hindu-festivals/karwa-chauth/karwa-chauth-2026-city-moonrise-and-local-search/footer.fragment
hindu-festivals/karwa-chauth/karwa-chauth-2026-city-moonrise-and-local-search/karwa-chauth-2026-in-hyderabad-moonrise-puja-timing-and-local-guide.html,hindu-festivals/karwa-chauth/karwa-chauth-2026-city-moonrise-and-local-search/karwa-chauth-2026-in-hyderabad-moonrise-puja-timing-and-local-guide.html,no,merged,/Users/prashantdhingra/e/a3_output/makarsankranti.net/output/content/hindu-festivals/karwa-chauth/karwa-chauth-2026-city-moonrise-and-local-search/footer.fragment
hindu-festivals/karwa-chauth/karwa-chauth-2026-city-moonrise-and-local-search/karwa-chauth-2026-in-lucknow-moonrise-puja-timing-and-local-guide.html,hindu-festivals/karwa-chauth/karwa-chauth-2026-city-moonrise-and-local-search/karwa-chauth-2026-in-lucknow-moonrise-puja-timing-and-local-guide.html,no,merged,/Users/prashantdhingra/e/a3_output/makarsankranti.net/output/content/hindu-festivals/karwa-chauth/karwa-chauth-2026-city-moonrise-and-local-search/footer.fragment
hindu-festivals/karwa-chauth/karwa-chauth-2026-city-moonrise-and-local-search/karwa-chauth-2026-in-new-york-city-moonrise-and-celebration-guide.html,hindu-festivals/karwa-chauth/karwa-chauth-2026-city-moonrise-and-local-search/karwa-chauth-2026-in-new-york-city-moonrise-and-celebration-guide.html,no,merged,/Users/prashantdhingra/e/a3_output/makarsankranti.net/output/content/hindu-festivals/karwa-chauth/karwa-chauth-2026-city-moonrise-and-local-search/footer.fragment
hindu-festivals/karwa-chauth/karwa-chauth-2026-city-moonrise-and-local-search/karwa-chauth-2026-in-faridabad-moonrise-puja-timing-and-local-guide.html,hindu-festivals/karwa-chauth/karwa-chauth-2026-city-moonrise-and-local-search/karwa-chauth-2026-in-faridabad-moonrise-puja-timing-and-local-guide.html,no,merged,/Users/prashantdhingra/e/a3_output/makarsankranti.net/output/content/hindu-festivals/karwa-chauth/karwa-chauth-2026-city-moonrise-and-local-search/footer.fragment
hindu-festivals/karwa-chauth/karwa-chauth-2026-city-moonrise-and-local-search/karwa-chauth-2026-in-chandigarh-moonrise-puja-timing-and-local-guide.html,hindu-festivals/karwa-chauth/karwa-chauth-2026-city-moonrise-and-local-search/karwa-chauth-2026-in-chandigarh-moonrise-puja-timing-and-local-guide.html,no,merged,/Users/prashantdhingra/e/a3_output/makarsankranti.net/output/content/hindu-festivals/karwa-chauth/karwa-chauth-2026-city-moonrise-and-local-search/footer.fragment
hindu-festivals/karwa-chauth/karwa-chauth-2026-city-moonrise-and-local-search/karwa-chauth-2026-in-ghaziabad-moonrise-puja-timing-and-local-guide.html,hindu-festivals/karwa-chauth/karwa-chauth-2026-city-moonrise-and-local-search/karwa-chauth-2026-in-ghaziabad-moonrise-puja-timing-and-local-guide.html,no,merged,/Users/prashantdhingra/e/a3_output/makarsankranti.net/output/content/hindu-festivals/karwa-chauth/karwa-chauth-2026-city-moonrise-and-local-search/footer.fragment
hindu-festivals/karwa-chauth/karwa-chauth-2026-city-moonrise-and-local-search/karwa-chauth-2026-in-new-jersey-moonrise-and-community-celebration-guide.html,hindu-festivals/karwa-chauth/karwa-chauth-2026-city-moonrise-and-local-search/karwa-chauth-2026-in-new-jersey-moonrise-and-community-celebration-guide.html,no,merged,/Users/prashantdhingra/e/a3_output/makarsankranti.net/output/content/hindu-festivals/karwa-chauth/karwa-chauth-2026-city-moonrise-and-local-search/footer.fragment
hindu-festivals/karwa-chauth/karwa-chauth-2026-city-moonrise-and-local-search/karwa-chauth-2026-in-noida-moonrise-puja-timing-and-local-guide.html,hindu-festivals/karwa-chauth/karwa-chauth-2026-city-moonrise-and-local-search/karwa-chauth-2026-in-noida-moonrise-puja-timing-and-local-guide.html,no,merged,/Users/prashantdhingra/e/a3_output/makarsankranti.net/output/content/hindu-festivals/karwa-chauth/karwa-chauth-2026-city-moonrise-and-local-search/footer.fragment
hindu-festivals/karwa-chauth/karwa-chauth-2026-city-moonrise-and-local-search/karwa-chauth-2026-in-pune-moonrise-puja-timing-and-local-guide.html,hindu-festivals/karwa-chauth/karwa-chauth-2026-city-moonrise-and-local-search/karwa-chauth-2026-in-pune-moonrise-puja-timing-and-local-guide.html,no,merged,/Users/prashantdhingra/e/a3_output/makarsankranti.net/output/content/hindu-festivals/karwa-chauth/karwa-chauth-2026-city-moonrise-and-local-search/footer.fragment
hindu-festivals/karwa-chauth/first-karwa-chauth-gifts-couples-and-family-relationships/karwa-chauth-gift-ideas-for-husband.html,hindu-festivals/karwa-chauth/first-karwa-chauth-gifts-couples-and-family-relationships/karwa-chauth-gift-ideas-for-husband.html,no,merged,/Users/prashantdhingra/e/a3_output/makarsankranti.net/output/content/hindu-festivals/karwa-chauth/first-karwa-chauth-gifts-couples-and-family-relationships/footer.fragment
hindu-festivals/karwa-chauth/first-karwa-chauth-gifts-couples-and-family-relationships/karwa-chauth-gift-ideas-for-wife.html,hindu-festivals/karwa-chauth/first-karwa-chauth-gifts-couples-and-family-relationships/karwa-chauth-gift-ideas-for-wife.html,no,merged,/Users/prashantdhingra/e/a3_output/makarsankranti.net/output/content/hindu-festivals/karwa-chauth/first-karwa-chauth-gifts-couples-and-family-relationships/footer.fragment
hindu-festivals/karwa-chauth/first-karwa-chauth-gifts-couples-and-family-relationships/index.html,hindu-festivals/karwa-chauth/first-karwa-chauth-gifts-couples-and-family-relationships/index.html,no,merged,/Users/prashantdhingra/e/a3_output/makarsankranti.net/output/content/hindu-festivals/karwa-chauth/first-karwa-chauth-gifts-couples-and-family-relationships/footer.fragment
hindu-festivals/karwa-chauth/first-karwa-chauth-gifts-couples-and-family-relationships/karwa-chauth-gift-and-relationship-faq.html,hindu-festivals/karwa-chauth/first-karwa-chauth-gifts-couples-and-family-relationships/karwa-chauth-gift-and-relationship-faq.html,no,merged,/Users/prashantdhingra/e/a3_output/makarsankranti.net/output/content/hindu-festivals/karwa-chauth/first-karwa-chauth-gifts-couples-and-family-relationships/footer.fragment
hindu-festivals/karwa-chauth/first-karwa-chauth-gifts-couples-and-family-relationships/karwa-chauth-at-home-romantic-celebration-ideas-for-couples.html,hindu-festivals/karwa-chauth/first-karwa-chauth-gifts-couples-and-family-relationships/karwa-chauth-at-home-romantic-celebration-ideas-for-couples.html,no,merged,/Users/prashantdhingra/e/a3_output/makarsankranti.net/output/content/hindu-festivals/karwa-chauth/first-karwa-chauth-gifts-couples-and-family-relationships/footer.fragment
hindu-festivals/karwa-chauth/first-karwa-chauth-gifts-couples-and-family-relationships/luxury-karwa-chauth-gift-ideas.html,hindu-festivals/karwa-chauth/first-karwa-chauth-gifts-couples-and-family-relationships/luxury-karwa-chauth-gift-ideas.html,no,merged,/Users/prashantdhingra/e/a3_output/makarsankranti.net/output/content/hindu-festivals/karwa-chauth/first-karwa-chauth-gifts-couples-and-family-relationships/footer.fragment
hindu-festivals/karwa-chauth/first-karwa-chauth-gifts-couples-and-family-relationships/karwa-chauth-date-night-ideas-after-moonrise.html,hindu-festivals/karwa-chauth/first-karwa-chauth-gifts-couples-and-family-relationships/karwa-chauth-date-night-ideas-after-moonrise.html,no,merged,/Users/prashantdhingra/e/a3_output/makarsankranti.net/output/content/hindu-festivals/karwa-chauth/first-karwa-chauth-gifts-couples-and-family-relationships/footer.fragment
hindu-festivals/karwa-chauth/first-karwa-chauth-gifts-couples-and-family-relationships/karwa-chauth-gifts-from-in-laws-and-family.html,hindu-festivals/karwa-chauth/first-karwa-chauth-gifts-couples-and-family-relationships/karwa-chauth-gifts-from-in-laws-and-family.html,no,merged,/Users/prashantdhingra/e/a3_output/makarsankranti.net/output/content/hindu-festivals/karwa-chauth/first-karwa-chauth-gifts-couples-and-family-relationships/footer.fragment
hindu-festivals/karwa-chauth/first-karwa-chauth-gifts-couples-and-family-relationships/last-minute-karwa-chauth-gift-ideas.html,hindu-festivals/karwa-chauth/first-karwa-chauth-gifts-couples-and-family-relationships/last-minute-karwa-chauth-gift-ideas.html,no,merged,/Users/prashantdhingra/e/a3_output/makarsankranti.net/output/content/hindu-festivals/karwa-chauth/first-karwa-chauth-gifts-couples-and-family-relationships/footer.fragment
hindu-festivals/karwa-chauth/first-karwa-chauth-gifts-couples-and-family-relationships/karwa-chauth-baya-gift-ideas.html,hindu-festivals/karwa-chauth/first-karwa-chauth-gifts-couples-and-family-relationships/karwa-chauth-baya-gift-ideas.html,no,merged,/Users/prashantdhingra/e/a3_output/makarsankranti.net/output/content/hindu-festivals/karwa-chauth/first-karwa-chauth-gifts-couples-and-family-relationships/footer.fragment
hindu-festivals/karwa-chauth/first-karwa-chauth-gifts-couples-and-family-relationships/first-karwa-chauth-complete-guide-for-newlyweds.html,hindu-festivals/karwa-chauth/first-karwa-chauth-gifts-couples-and-family-relationships/first-karwa-chauth-complete-guide-for-newlyweds.html,no,merged,/Users/prashantdhingra/e/a3_output/makarsankranti.net/output/content/hindu-festivals/karwa-chauth/first-karwa-chauth-gifts-couples-and-family-relationships/footer.fragment
hindu-festivals/karwa-chauth/first-karwa-chauth-gifts-couples-and-family-relationships/budget-friendly-karwa-chauth-gift-ideas.html,hindu-festivals/karwa-chauth/first-karwa-chauth-gifts-couples-and-family-relationships/budget-friendly-karwa-chauth-gift-ideas.html,no,merged,/Users/prashantdhingra/e/a3_output/makarsankranti.net/output/content/hindu-festivals/karwa-chauth/first-karwa-chauth-gifts-couples-and-family-relationships/footer.fragment
hindu-festivals/karwa-chauth/first-karwa-chauth-gifts-couples-and-family-relationships/first-karwa-chauth-gift-ideas-for-wife.html,hindu-festivals/karwa-chauth/first-karwa-chauth-gifts-couples-and-family-relationships/first-karwa-chauth-gift-ideas-for-wife.html,no,merged,/Users/prashantdhingra/e/a3_output/makarsankranti.net/output/content/hindu-festivals/karwa-chauth/first-karwa-chauth-gifts-couples-and-family-relationships/footer.fragment
hindu-festivals/karwa-chauth/first-karwa-chauth-gifts-couples-and-family-relationships/personalized-karwa-chauth-gift-ideas.html,hindu-festivals/karwa-chauth/first-karwa-chauth-gifts-couples-and-family-relationships/personalized-karwa-chauth-gift-ideas.html,no,merged,/Users/prashantdhingra/e/a3_output/makarsankranti.net/output/content/hindu-festivals/karwa-chauth/first-karwa-chauth-gifts-couples-and-family-relationships/footer.fragment
hindu-festivals/karwa-chauth/first-karwa-chauth-gifts-couples-and-family-relationships/mutual-karwa-chauth-how-couples-can-celebrate-together.html,hindu-festivals/karwa-chauth/first-karwa-chauth-gifts-couples-and-family-relationships/mutual-karwa-chauth-how-couples-can-celebrate-together.html,no,merged,/Users/prashantdhingra/e/a3_output/makarsankranti.net/output/content/hindu-festivals/karwa-chauth/first-karwa-chauth-gifts-couples-and-family-relationships/footer.fragment
hindu-festivals/karwa-chauth/first-karwa-chauth-gifts-couples-and-family-relationships/karwa-chauth-in-modern-marriages-tradition-choice-and-partnership.html,hindu-festivals/karwa-chauth/first-karwa-chauth-gifts-couples-and-family-relationships/karwa-chauth-in-modern-marriages-tradition-choice-and-partnership.html,no,merged,/Users/prashantdhingra/e/a3_output/makarsankranti.net/output/content/hindu-festivals/karwa-chauth/first-karwa-chauth-gifts-couples-and-family-relationships/footer.fragment
hindu-festivals/karwa-chauth/first-karwa-chauth-gifts-couples-and-family-relationships/first-karwa-chauth-celebration-ideas.html,hindu-festivals/karwa-chauth/first-karwa-chauth-gifts-couples-and-family-relationships/first-karwa-chauth-celebration-ideas.html,no,merged,/Users/prashantdhingra/e/a3_output/makarsankranti.net/output/content/hindu-festivals/karwa-chauth/first-karwa-chauth-gifts-couples-and-family-relationships/footer.fragment
hindu-festivals/karwa-chauth/first-karwa-chauth-gifts-couples-and-family-relationships/karwa-chauth-experience-gift-ideas-for-couples.html,hindu-festivals/karwa-chauth/first-karwa-chauth-gifts-couples-and-family-relationships/karwa-chauth-experience-gift-ideas-for-couples.html,no,merged,/Users/prashantdhingra/e/a3_output/makarsankranti.net/output/content/hindu-festivals/karwa-chauth/first-karwa-chauth-gifts-couples-and-family-relationships/footer.fragment
hindu-festivals/karwa-chauth/first-karwa-chauth-gifts-couples-and-family-relationships/how-families-can-support-someone-observing-karwa-chauth.html,hindu-festivals/karwa-chauth/first-karwa-chauth-gifts-couples-and-family-relationships/how-families-can-support-someone-observing-karwa-chauth.html,no,merged,/Users/prashantdhingra/e/a3_output/makarsankranti.net/output/content/hindu-festivals/karwa-chauth/first-karwa-chauth-gifts-couples-and-family-relationships/footer.fragment
hindu-festivals/karwa-chauth/first-karwa-chauth-gifts-couples-and-family-relationships/first-karwa-chauth-gift-ideas-for-husband.html,hindu-festivals/karwa-chauth/first-karwa-chauth-gifts-couples-and-family-relationships/first-karwa-chauth-gift-ideas-for-husband.html,no,merged,/Users/prashantdhingra/e/a3_output/makarsankranti.net/output/content/hindu-festivals/karwa-chauth/first-karwa-chauth-gifts-couples-and-family-relationships/footer.fragment
hindu-festivals/karwa-chauth/first-karwa-chauth-gifts-couples-and-family-relationships/karwa-chauth-for-long-distance-couples.html,hindu-festivals/karwa-chauth/first-karwa-chauth-gifts-couples-and-family-relationships/karwa-chauth-for-long-distance-couples.html,no,merged,/Users/prashantdhingra/e/a3_output/makarsankranti.net/output/content/hindu-festivals/karwa-chauth/first-karwa-chauth-gifts-couples-and-family-relationships/footer.fragment
hindu-festivals/karwa-chauth/sargi-fasting-rules-and-daytime-routine/karwa-chauth-sargi-thali-ideas.html,hindu-festivals/karwa-chauth/sargi-fasting-rules-and-daytime-routine/karwa-chauth-sargi-thali-ideas.html,no,merged,/Users/prashantdhingra/e/a3_output/makarsankranti.net/output/content/hindu-festivals/karwa-chauth/sargi-fasting-rules-and-daytime-routine/footer.fragment
hindu-festivals/karwa-chauth/sargi-fasting-rules-and-daytime-routine/index.html,hindu-festivals/karwa-chauth/sargi-fasting-rules-and-daytime-routine/index.html,no,merged,/Users/prashantdhingra/e/a3_output/makarsankranti.net/output/content/hindu-festivals/karwa-chauth/sargi-fasting-rules-and-daytime-routine/footer.fragment
hindu-festivals/karwa-chauth/sargi-fasting-rules-and-daytime-routine/who-gives-sargi-on-karwa-chauth.html,hindu-festivals/karwa-chauth/sargi-fasting-rules-and-daytime-routine/who-gives-sargi-on-karwa-chauth.html,no,merged,/Users/prashantdhingra/e/a3_output/makarsankranti.net/output/content/hindu-festivals/karwa-chauth/sargi-fasting-rules-and-daytime-routine/footer.fragment
hindu-festivals/karwa-chauth/sargi-fasting-rules-and-daytime-routine/karwa-chauth-morning-routine-from-sargi-to-sunrise.html,hindu-festivals/karwa-chauth/sargi-fasting-rules-and-daytime-routine/karwa-chauth-morning-routine-from-sargi-to-sunrise.html,no,merged,/Users/prashantdhingra/e/a3_output/makarsankranti.net/output/content/hindu-festivals/karwa-chauth/sargi-fasting-rules-and-daytime-routine/footer.fragment
hindu-festivals/karwa-chauth/sargi-fasting-rules-and-daytime-routine/karwa-chauth-fasting-traditions-across-different-families.html,hindu-festivals/karwa-chauth/sargi-fasting-rules-and-daytime-routine/karwa-chauth-fasting-traditions-across-different-families.html,no,merged,/Users/prashantdhingra/e/a3_output/makarsankranti.net/output/content/hindu-festivals/karwa-chauth/sargi-fasting-rules-and-daytime-routine/footer.fragment
hindu-festivals/karwa-chauth/sargi-fasting-rules-and-daytime-routine/sargi-for-karwa-chauth-meaning-tradition-and-complete-guide.html,hindu-festivals/karwa-chauth/sargi-fasting-rules-and-daytime-routine/sargi-for-karwa-chauth-meaning-tradition-and-complete-guide.html,no,merged,/Users/prashantdhingra/e/a3_output/makarsankranti.net/output/content/hindu-festivals/karwa-chauth/sargi-fasting-rules-and-daytime-routine/footer.fragment
hindu-festivals/karwa-chauth/sargi-fasting-rules-and-daytime-routine/what-time-should-sargi-be-eaten.html,hindu-festivals/karwa-chauth/sargi-fasting-rules-and-daytime-routine/what-time-should-sargi-be-eaten.html,no,merged,/Users/prashantdhingra/e/a3_output/makarsankranti.net/output/content/hindu-festivals/karwa-chauth/sargi-fasting-rules-and-daytime-routine/footer.fragment
hindu-festivals/karwa-chauth/sargi-fasting-rules-and-daytime-routine/mutual-fasting-on-karwa-chauth-how-some-modern-couples-celebrate.html,hindu-festivals/karwa-chauth/sargi-fasting-rules-and-daytime-routine/mutual-fasting-on-karwa-chauth-how-some-modern-couples-celebrate.html,no,merged,/Users/prashantdhingra/e/a3_output/makarsankranti.net/output/content/hindu-festivals/karwa-chauth/sargi-fasting-rules-and-daytime-routine/footer.fragment
hindu-festivals/karwa-chauth/sargi-fasting-rules-and-daytime-routine/karwa-chauth-fast-and-personal-well-being-practical-safety-considerations.html,hindu-festivals/karwa-chauth/sargi-fasting-rules-and-daytime-routine/karwa-chauth-fast-and-personal-well-being-practical-safety-considerations.html,no,merged,/Users/prashantdhingra/e/a3_output/makarsankranti.net/output/content/hindu-festivals/karwa-chauth/sargi-fasting-rules-and-daytime-routine/footer.fragment
hindu-festivals/karwa-chauth/sargi-fasting-rules-and-daytime-routine/what-should-be-included-in-a-karwa-chauth-sargi.html,hindu-festivals/karwa-chauth/sargi-fasting-rules-and-daytime-routine/what-should-be-included-in-a-karwa-chauth-sargi.html,no,merged,/Users/prashantdhingra/e/a3_output/makarsankranti.net/output/content/hindu-festivals/karwa-chauth/sargi-fasting-rules-and-daytime-routine/footer.fragment
hindu-festivals/karwa-chauth/sargi-fasting-rules-and-daytime-routine/karwa-chauth-fasting-for-first-time-observers.html,hindu-festivals/karwa-chauth/sargi-fasting-rules-and-daytime-routine/karwa-chauth-fasting-for-first-time-observers.html,no,merged,/Users/prashantdhingra/e/a3_output/makarsankranti.net/output/content/hindu-festivals/karwa-chauth/sargi-fasting-rules-and-daytime-routine/footer.fragment
hindu-festivals/karwa-chauth/sargi-fasting-rules-and-daytime-routine/karwa-chauth-daytime-routine-how-families-spend-the-day.html,hindu-festivals/karwa-chauth/sargi-fasting-rules-and-daytime-routine/karwa-chauth-daytime-routine-how-families-spend-the-day.html,no,merged,/Users/prashantdhingra/e/a3_output/makarsankranti.net/output/content/hindu-festivals/karwa-chauth/sargi-fasting-rules-and-daytime-routine/footer.fragment
hindu-festivals/karwa-chauth/sargi-fasting-rules-and-daytime-routine/karwa-chauth-fasting-while-working-practical-planning-ideas.html,hindu-festivals/karwa-chauth/sargi-fasting-rules-and-daytime-routine/karwa-chauth-fasting-while-working-practical-planning-ideas.html,no,merged,/Users/prashantdhingra/e/a3_output/makarsankranti.net/output/content/hindu-festivals/karwa-chauth/sargi-fasting-rules-and-daytime-routine/footer.fragment
hindu-festivals/karwa-chauth/sargi-fasting-rules-and-daytime-routine/karwa-chauth-fasting-faq-sargi-water-food-and-fast-breaking-traditions.html,hindu-festivals/karwa-chauth/sargi-fasting-rules-and-daytime-routine/karwa-chauth-fasting-faq-sargi-water-food-and-fast-breaking-traditions.html,no,merged,/Users/prashantdhingra/e/a3_output/makarsankranti.net/output/content/hindu-festivals/karwa-chauth/sargi-fasting-rules-and-daytime-routine/footer.fragment
hindu-festivals/karwa-chauth/sargi-fasting-rules-and-daytime-routine/can-karwa-chauth-be-observed-without-a-nirjala-fast.html,hindu-festivals/karwa-chauth/sargi-fasting-rules-and-daytime-routine/can-karwa-chauth-be-observed-without-a-nirjala-fast.html,no,merged,/Users/prashantdhingra/e/a3_output/makarsankranti.net/output/content/hindu-festivals/karwa-chauth/sargi-fasting-rules-and-daytime-routine/footer.fragment
hindu-festivals/karwa-chauth/sargi-fasting-rules-and-daytime-routine/what-to-do-if-you-cannot-complete-the-karwa-chauth-fast.html,hindu-festivals/karwa-chauth/sargi-fasting-rules-and-daytime-routine/what-to-do-if-you-cannot-complete-the-karwa-chauth-fast.html,no,merged,/Users/prashantdhingra/e/a3_output/makarsankranti.net/output/content/hindu-festivals/karwa-chauth/sargi-fasting-rules-and-daytime-routine/footer.fragment
hindu-festivals/karwa-chauth/sargi-fasting-rules-and-daytime-routine/karwa-chauth-for-older-adults-adapting-family-traditions-thoughtfully.html,hindu-festivals/karwa-chauth/sargi-fasting-rules-and-daytime-routine/karwa-chauth-for-older-adults-adapting-family-traditions-thoughtfully.html,no,merged,/Users/prashantdhingra/e/a3_output/makarsankranti.net/output/content/hindu-festivals/karwa-chauth/sargi-fasting-rules-and-daytime-routine/footer.fragment
hindu-festivals/karwa-chauth/sargi-fasting-rules-and-daytime-routine/nirjala-karwa-chauth-fast-meaning-and-traditional-practice.html,hindu-festivals/karwa-chauth/sargi-fasting-rules-and-daytime-routine/nirjala-karwa-chauth-fast-meaning-and-traditional-practice.html,no,merged,/Users/prashantdhingra/e/a3_output/makarsankranti.net/output/content/hindu-festivals/karwa-chauth/sargi-fasting-rules-and-daytime-routine/footer.fragment
hindu-festivals/karwa-chauth/sargi-fasting-rules-and-daytime-routine/karwa-chauth-fasting-rules-traditional-practices-explained.html,hindu-festivals/karwa-chauth/sargi-fasting-rules-and-daytime-routine/karwa-chauth-fasting-rules-traditional-practices-explained.html,no,merged,/Users/prashantdhingra/e/a3_output/makarsankranti.net/output/content/hindu-festivals/karwa-chauth/sargi-fasting-rules-and-daytime-routine/footer.fragment
hindu-festivals/karwa-chauth/sargi-fasting-rules-and-daytime-routine/karwa-chauth-for-pregnant-or-nursing-women-discussing-traditions-safely.html,hindu-festivals/karwa-chauth/sargi-fasting-rules-and-daytime-routine/karwa-chauth-for-pregnant-or-nursing-women-discussing-traditions-safely.html,no,merged,/Users/prashantdhingra/e/a3_output/makarsankranti.net/output/content/hindu-festivals/karwa-chauth/sargi-fasting-rules-and-daytime-routine/footer.fragment
hindu-festivals/karwa-chauth/sargi-fasting-rules-and-daytime-routine/what-can-be-done-during-the-karwa-chauth-fast.html,hindu-festivals/karwa-chauth/sargi-fasting-rules-and-daytime-routine/what-can-be-done-during-the-karwa-chauth-fast.html,no,merged,/Users/prashantdhingra/e/a3_output/makarsankranti.net/output/content/hindu-festivals/karwa-chauth/sargi-fasting-rules-and-daytime-routine/footer.fragment
hindu-festivals/govardhan-puja/index.html,hindu-festivals/govardhan-puja/index.html,no,merged,/Users/prashantdhingra/e/a3_output/makarsankranti.net/output/content/hindu-festivals/govardhan-puja/footer.fragment
hindu-festivals/govardhan-puja/govardhan-puja-and-annakut-story-rituals-food-offerings-and-meaning.html,hindu-festivals/govardhan-puja/govardhan-puja-and-annakut-story-rituals-food-offerings-and-meaning.html,no,merged,/Users/prashantdhingra/e/a3_output/makarsankranti.net/output/content/hindu-festivals/govardhan-puja/footer.fragment
hindu-festivals/govardhan-puja/annakut-at-home-how-to-create-a-simple-govardhan-puja-food-offering.html,hindu-festivals/govardhan-puja/annakut-at-home-how-to-create-a-simple-govardhan-puja-food-offering.html,no,merged,/Users/prashantdhingra/e/a3_output/makarsankranti.net/output/content/hindu-festivals/govardhan-puja/footer.fragment
hindu-festivals/govardhan-puja/gau-puja-nature-ecology-service/the-role-of-the-yamuna-river-in-the-govardhan-legends.html,hindu-festivals/govardhan-puja/gau-puja-nature-ecology-service/the-role-of-the-yamuna-river-in-the-govardhan-legends.html,no,merged,/Users/prashantdhingra/e/a3_output/makarsankranti.net/output/content/hindu-festivals/govardhan-puja/gau-puja-nature-ecology-service/footer.fragment
hindu-festivals/govardhan-puja/gau-puja-nature-ecology-service/index.html,hindu-festivals/govardhan-puja/gau-puja-nature-ecology-service/index.html,no,merged,/Users/prashantdhingra/e/a3_output/makarsankranti.net/output/content/hindu-festivals/govardhan-puja/gau-puja-nature-ecology-service/footer.fragment
hindu-festivals/govardhan-puja/gau-puja-nature-ecology-service/gau-puja-the-tradition-of-worshipping-cows-on-govardhan-puja.html,hindu-festivals/govardhan-puja/gau-puja-nature-ecology-service/gau-puja-the-tradition-of-worshipping-cows-on-govardhan-puja.html,no,merged,/Users/prashantdhingra/e/a3_output/makarsankranti.net/output/content/hindu-festivals/govardhan-puja/gau-puja-nature-ecology-service/footer.fragment
hindu-festivals/govardhan-puja/gau-puja-nature-ecology-service/how-to-perform-gau-puja-if-you-dont-live-near-a-cow-shelter.html,hindu-festivals/govardhan-puja/gau-puja-nature-ecology-service/how-to-perform-gau-puja-if-you-dont-live-near-a-cow-shelter.html,no,merged,/Users/prashantdhingra/e/a3_output/makarsankranti.net/output/content/hindu-festivals/govardhan-puja/gau-puja-nature-ecology-service/footer.fragment
hindu-festivals/govardhan-puja/gau-puja-nature-ecology-service/connecting-with-nature-outdoor-activities-for-govardhan-puja.html,hindu-festivals/govardhan-puja/gau-puja-nature-ecology-service/connecting-with-nature-outdoor-activities-for-govardhan-puja.html,no,merged,/Users/prashantdhingra/e/a3_output/makarsankranti.net/output/content/hindu-festivals/govardhan-puja/gau-puja-nature-ecology-service/footer.fragment
hindu-festivals/govardhan-puja/gau-puja-nature-ecology-service/modern-lessons-on-humility-and-ego-from-the-story-of-indra.html,hindu-festivals/govardhan-puja/gau-puja-nature-ecology-service/modern-lessons-on-humility-and-ego-from-the-story-of-indra.html,no,merged,/Users/prashantdhingra/e/a3_output/makarsankranti.net/output/content/hindu-festivals/govardhan-puja/gau-puja-nature-ecology-service/footer.fragment
hindu-festivals/govardhan-puja/gau-puja-nature-ecology-service/giving-back-donating-to-animal-shelters-for-govardhan-puja.html,hindu-festivals/govardhan-puja/gau-puja-nature-ecology-service/giving-back-donating-to-animal-shelters-for-govardhan-puja.html,no,merged,/Users/prashantdhingra/e/a3_output/makarsankranti.net/output/content/hindu-festivals/govardhan-puja/gau-puja-nature-ecology-service/footer.fragment
hindu-festivals/govardhan-puja/gau-puja-nature-ecology-service/the-significance-of-cow-dung-gobar-in-hindu-rituals.html,hindu-festivals/govardhan-puja/gau-puja-nature-ecology-service/the-significance-of-cow-dung-gobar-in-hindu-rituals.html,no,merged,/Users/prashantdhingra/e/a3_output/makarsankranti.net/output/content/hindu-festivals/govardhan-puja/gau-puja-nature-ecology-service/footer.fragment
hindu-festivals/govardhan-puja/gau-puja-nature-ecology-service/why-lord-krishna-is-called-gopala-the-protector-of-cows.html,hindu-festivals/govardhan-puja/gau-puja-nature-ecology-service/why-lord-krishna-is-called-gopala-the-protector-of-cows.html,no,merged,/Users/prashantdhingra/e/a3_output/makarsankranti.net/output/content/hindu-festivals/govardhan-puja/gau-puja-nature-ecology-service/footer.fragment
hindu-festivals/govardhan-puja/gau-puja-nature-ecology-service/the-ecological-message-of-govardhan-puja-protecting-nature.html,hindu-festivals/govardhan-puja/gau-puja-nature-ecology-service/the-ecological-message-of-govardhan-puja-protecting-nature.html,no,merged,/Users/prashantdhingra/e/a3_output/makarsankranti.net/output/content/hindu-festivals/govardhan-puja/gau-puja-nature-ecology-service/footer.fragment
hindu-festivals/govardhan-puja/gau-puja-nature-ecology-service/sustainable-practices-to-adopt-this-govardhan-puja.html,hindu-festivals/govardhan-puja/gau-puja-nature-ecology-service/sustainable-practices-to-adopt-this-govardhan-puja.html,no,merged,/Users/prashantdhingra/e/a3_output/makarsankranti.net/output/content/hindu-festivals/govardhan-puja/gau-puja-nature-ecology-service/footer.fragment
hindu-festivals/govardhan-puja/meaning-story-puja-traditions/why-is-govardhan-puja-celebrated-the-day-after-diwali.html,hindu-festivals/govardhan-puja/meaning-story-puja-traditions/why-is-govardhan-puja-celebrated-the-day-after-diwali.html,no,merged,/Users/prashantdhingra/e/a3_output/makarsankranti.net/output/content/hindu-festivals/govardhan-puja/meaning-story-puja-traditions/footer.fragment
hindu-festivals/govardhan-puja/meaning-story-puja-traditions/index.html,hindu-festivals/govardhan-puja/meaning-story-puja-traditions/index.html,no,merged,/Users/prashantdhingra/e/a3_output/makarsankranti.net/output/content/hindu-festivals/govardhan-puja/meaning-story-puja-traditions/footer.fragment
hindu-festivals/govardhan-puja/meaning-story-puja-traditions/essential-items-for-your-govardhan-puja-thali.html,hindu-festivals/govardhan-puja/meaning-story-puja-traditions/essential-items-for-your-govardhan-puja-thali.html,no,merged,/Users/prashantdhingra/e/a3_output/makarsankranti.net/output/content/hindu-festivals/govardhan-puja/meaning-story-puja-traditions/footer.fragment
hindu-festivals/govardhan-puja/meaning-story-puja-traditions/the-astrological-and-shubh-muhurat-significance-of-govardhan-puja.html,hindu-festivals/govardhan-puja/meaning-story-puja-traditions/the-astrological-and-shubh-muhurat-significance-of-govardhan-puja.html,no,merged,/Users/prashantdhingra/e/a3_output/makarsankranti.net/output/content/hindu-festivals/govardhan-puja/meaning-story-puja-traditions/footer.fragment
hindu-festivals/govardhan-puja/meaning-story-puja-traditions/bali-pratipada-vs-govardhan-puja-dual-celebrations.html,hindu-festivals/govardhan-puja/meaning-story-puja-traditions/bali-pratipada-vs-govardhan-puja-dual-celebrations.html,no,merged,/Users/prashantdhingra/e/a3_output/makarsankranti.net/output/content/hindu-festivals/govardhan-puja/meaning-story-puja-traditions/footer.fragment
hindu-festivals/govardhan-puja/meaning-story-puja-traditions/govardhan-puja-meaning-date-and-significance.html,hindu-festivals/govardhan-puja/meaning-story-puja-traditions/govardhan-puja-meaning-date-and-significance.html,no,merged,/Users/prashantdhingra/e/a3_output/makarsankranti.net/output/content/hindu-festivals/govardhan-puja/meaning-story-puja-traditions/footer.fragment
hindu-festivals/govardhan-puja/meaning-story-puja-traditions/the-legend-of-govardhan-parvat-how-krishna-defeated-lord-indra.html,hindu-festivals/govardhan-puja/meaning-story-puja-traditions/the-legend-of-govardhan-parvat-how-krishna-defeated-lord-indra.html,no,merged,/Users/prashantdhingra/e/a3_output/makarsankranti.net/output/content/hindu-festivals/govardhan-puja/meaning-story-puja-traditions/footer.fragment
hindu-festivals/govardhan-puja/meaning-story-puja-traditions/understanding-the-symbolism-of-mount-govardhan.html,hindu-festivals/govardhan-puja/meaning-story-puja-traditions/understanding-the-symbolism-of-mount-govardhan.html,no,merged,/Users/prashantdhingra/e/a3_output/makarsankranti.net/output/content/hindu-festivals/govardhan-puja/meaning-story-puja-traditions/footer.fragment
hindu-festivals/govardhan-puja/meaning-story-puja-traditions/making-the-symbolic-govardhan-hill-traditions-and-alternatives.html,hindu-festivals/govardhan-puja/meaning-story-puja-traditions/making-the-symbolic-govardhan-hill-traditions-and-alternatives.html,no,merged,/Users/prashantdhingra/e/a3_output/makarsankranti.net/output/content/hindu-festivals/govardhan-puja/meaning-story-puja-traditions/footer.fragment
hindu-festivals/govardhan-puja/meaning-story-puja-traditions/step-by-step-guide-how-to-perform-govardhan-puja-at-home.html,hindu-festivals/govardhan-puja/meaning-story-puja-traditions/step-by-step-guide-how-to-perform-govardhan-puja-at-home.html,no,merged,/Users/prashantdhingra/e/a3_output/makarsankranti.net/output/content/hindu-festivals/govardhan-puja/meaning-story-puja-traditions/footer.fragment
hindu-festivals/govardhan-puja/meaning-story-puja-traditions/govardhan-puja-mantras-and-aarti-pronunciation-and-meaning.html,hindu-festivals/govardhan-puja/meaning-story-puja-traditions/govardhan-puja-mantras-and-aarti-pronunciation-and-meaning.html,no,merged,/Users/prashantdhingra/e/a3_output/makarsankranti.net/output/content/hindu-festivals/govardhan-puja/meaning-story-puja-traditions/footer.fragment
hindu-festivals/govardhan-puja/family-kids-decor-gifts-social/transitioning-from-diwali-to-dev-uthani-ekadashi-the-next-steps.html,hindu-festivals/govardhan-puja/family-kids-decor-gifts-social/transitioning-from-diwali-to-dev-uthani-ekadashi-the-next-steps.html,no,merged,/Users/prashantdhingra/e/a3_output/makarsankranti.net/output/content/hindu-festivals/govardhan-puja/family-kids-decor-gifts-social/footer.fragment
hindu-festivals/govardhan-puja/family-kids-decor-gifts-social/index.html,hindu-festivals/govardhan-puja/family-kids-decor-gifts-social/index.html,no,merged,/Users/prashantdhingra/e/a3_output/makarsankranti.net/output/content/hindu-festivals/govardhan-puja/family-kids-decor-gifts-social/footer.fragment
hindu-festivals/govardhan-puja/family-kids-decor-gifts-social/outfit-ideas-for-govardhan-puja-traditional-winter-festive-wear.html,hindu-festivals/govardhan-puja/family-kids-decor-gifts-social/outfit-ideas-for-govardhan-puja-traditional-winter-festive-wear.html,no,merged,/Users/prashantdhingra/e/a3_output/makarsankranti.net/output/content/hindu-festivals/govardhan-puja/family-kids-decor-gifts-social/footer.fragment
hindu-festivals/govardhan-puja/family-kids-decor-gifts-social/diy-crafts-for-kids-making-a-miniature-mount-govardhan.html,hindu-festivals/govardhan-puja/family-kids-decor-gifts-social/diy-crafts-for-kids-making-a-miniature-mount-govardhan.html,no,merged,/Users/prashantdhingra/e/a3_output/makarsankranti.net/output/content/hindu-festivals/govardhan-puja/family-kids-decor-gifts-social/footer.fragment
hindu-festivals/govardhan-puja/family-kids-decor-gifts-social/creative-ways-to-build-a-govardhan-hill-without-cow-dung.html,hindu-festivals/govardhan-puja/family-kids-decor-gifts-social/creative-ways-to-build-a-govardhan-hill-without-cow-dung.html,no,merged,/Users/prashantdhingra/e/a3_output/makarsankranti.net/output/content/hindu-festivals/govardhan-puja/family-kids-decor-gifts-social/footer.fragment
hindu-festivals/govardhan-puja/family-kids-decor-gifts-social/how-to-explain-the-story-of-govardhan-to-children.html,hindu-festivals/govardhan-puja/family-kids-decor-gifts-social/how-to-explain-the-story-of-govardhan-to-children.html,no,merged,/Users/prashantdhingra/e/a3_output/makarsankranti.net/output/content/hindu-festivals/govardhan-puja/family-kids-decor-gifts-social/footer.fragment
hindu-festivals/govardhan-puja/family-kids-decor-gifts-social/capturing-the-annakut-photography-tips-for-food-displays.html,hindu-festivals/govardhan-puja/family-kids-decor-gifts-social/capturing-the-annakut-photography-tips-for-food-displays.html,no,merged,/Users/prashantdhingra/e/a3_output/makarsankranti.net/output/content/hindu-festivals/govardhan-puja/family-kids-decor-gifts-social/footer.fragment
hindu-festivals/govardhan-puja/family-kids-decor-gifts-social/hosting-a-govardhan-puja-and-annakut-gathering-at-home.html,hindu-festivals/govardhan-puja/family-kids-decor-gifts-social/hosting-a-govardhan-puja-and-annakut-gathering-at-home.html,no,merged,/Users/prashantdhingra/e/a3_output/makarsankranti.net/output/content/hindu-festivals/govardhan-puja/family-kids-decor-gifts-social/footer.fragment
hindu-festivals/govardhan-puja/family-kids-decor-gifts-social/meaningful-gifts-to-exchange-on-govardhan-puja-and-padwa.html,hindu-festivals/govardhan-puja/family-kids-decor-gifts-social/meaningful-gifts-to-exchange-on-govardhan-puja-and-padwa.html,no,merged,/Users/prashantdhingra/e/a3_output/makarsankranti.net/output/content/hindu-festivals/govardhan-puja/family-kids-decor-gifts-social/footer.fragment
hindu-festivals/govardhan-puja/family-kids-decor-gifts-social/social-media-captions-and-whatsapp-wishes-for-govardhan-puja.html,hindu-festivals/govardhan-puja/family-kids-decor-gifts-social/social-media-captions-and-whatsapp-wishes-for-govardhan-puja.html,no,merged,/Users/prashantdhingra/e/a3_output/makarsankranti.net/output/content/hindu-festivals/govardhan-puja/family-kids-decor-gifts-social/footer.fragment
hindu-festivals/govardhan-puja/family-kids-decor-gifts-social/govardhan-puja-rangoli-designs-patterns-and-inspiration.html,hindu-festivals/govardhan-puja/family-kids-decor-gifts-social/govardhan-puja-rangoli-designs-patterns-and-inspiration.html,no,merged,/Users/prashantdhingra/e/a3_output/makarsankranti.net/output/content/hindu-festivals/govardhan-puja/family-kids-decor-gifts-social/footer.fragment
hindu-festivals/govardhan-puja/annakut-chappan-bhog-prasad-recipes/vegan-and-gluten-free-options-for-a-modern-chappan-bhog.html,hindu-festivals/govardhan-puja/annakut-chappan-bhog-prasad-recipes/vegan-and-gluten-free-options-for-a-modern-chappan-bhog.html,no,merged,/Users/prashantdhingra/e/a3_output/makarsankranti.net/output/content/hindu-festivals/govardhan-puja/annakut-chappan-bhog-prasad-recipes/footer.fragment
hindu-festivals/govardhan-puja/annakut-chappan-bhog-prasad-recipes/sweets-for-krishna-easy-kheer-and-halwa-recipes-for-annakut.html,hindu-festivals/govardhan-puja/annakut-chappan-bhog-prasad-recipes/sweets-for-krishna-easy-kheer-and-halwa-recipes-for-annakut.html,no,merged,/Users/prashantdhingra/e/a3_output/makarsankranti.net/output/content/hindu-festivals/govardhan-puja/annakut-chappan-bhog-prasad-recipes/footer.fragment
hindu-festivals/govardhan-puja/annakut-chappan-bhog-prasad-recipes/index.html,hindu-festivals/govardhan-puja/annakut-chappan-bhog-prasad-recipes/index.html,no,merged,/Users/prashantdhingra/e/a3_output/makarsankranti.net/output/content/hindu-festivals/govardhan-puja/annakut-chappan-bhog-prasad-recipes/footer.fragment
hindu-festivals/govardhan-puja/annakut-chappan-bhog-prasad-recipes/what-is-chappan-bhog-the-56-items-offered-to-lord-krishna.html,hindu-festivals/govardhan-puja/annakut-chappan-bhog-prasad-recipes/what-is-chappan-bhog-the-56-items-offered-to-lord-krishna.html,no,merged,/Users/prashantdhingra/e/a3_output/makarsankranti.net/output/content/hindu-festivals/govardhan-puja/annakut-chappan-bhog-prasad-recipes/footer.fragment
hindu-festivals/govardhan-puja/annakut-chappan-bhog-prasad-recipes/traditional-kadhi-and-bajra-the-staples-of-govardhan-puja.html,hindu-festivals/govardhan-puja/annakut-chappan-bhog-prasad-recipes/traditional-kadhi-and-bajra-the-staples-of-govardhan-puja.html,no,merged,/Users/prashantdhingra/e/a3_output/makarsankranti.net/output/content/hindu-festivals/govardhan-puja/annakut-chappan-bhog-prasad-recipes/footer.fragment
hindu-festivals/govardhan-puja/annakut-chappan-bhog-prasad-recipes/how-to-prepare-a-simplified-annakut-prasad-at-home.html,hindu-festivals/govardhan-puja/annakut-chappan-bhog-prasad-recipes/how-to-prepare-a-simplified-annakut-prasad-at-home.html,no,merged,/Users/prashantdhingra/e/a3_output/makarsankranti.net/output/content/hindu-festivals/govardhan-puja/annakut-chappan-bhog-prasad-recipes/footer.fragment
hindu-festivals/govardhan-puja/annakut-chappan-bhog-prasad-recipes/the-spiritual-significance-of-offering-and-eating-prasad.html,hindu-festivals/govardhan-puja/annakut-chappan-bhog-prasad-recipes/the-spiritual-significance-of-offering-and-eating-prasad.html,no,merged,/Users/prashantdhingra/e/a3_output/makarsankranti.net/output/content/hindu-festivals/govardhan-puja/annakut-chappan-bhog-prasad-recipes/footer.fragment
hindu-festivals/govardhan-puja/annakut-chappan-bhog-prasad-recipes/how-to-organize-a-community-annakut-feast.html,hindu-festivals/govardhan-puja/annakut-chappan-bhog-prasad-recipes/how-to-organize-a-community-annakut-feast.html,no,merged,/Users/prashantdhingra/e/a3_output/makarsankranti.net/output/content/hindu-festivals/govardhan-puja/annakut-chappan-bhog-prasad-recipes/footer.fragment
hindu-festivals/govardhan-puja/annakut-chappan-bhog-prasad-recipes/annakut-festival-the-tradition-of-the-mountain-of-food.html,hindu-festivals/govardhan-puja/annakut-chappan-bhog-prasad-recipes/annakut-festival-the-tradition-of-the-mountain-of-food.html,no,merged,/Users/prashantdhingra/e/a3_output/makarsankranti.net/output/content/hindu-festivals/govardhan-puja/annakut-chappan-bhog-prasad-recipes/footer.fragment
hindu-festivals/govardhan-puja/annakut-chappan-bhog-prasad-recipes/mixed-vegetable-sabzi-annakut-sabzi-a-classic-recipe.html,hindu-festivals/govardhan-puja/annakut-chappan-bhog-prasad-recipes/mixed-vegetable-sabzi-annakut-sabzi-a-classic-recipe.html,no,merged,/Users/prashantdhingra/e/a3_output/makarsankranti.net/output/content/hindu-festivals/govardhan-puja/annakut-chappan-bhog-prasad-recipes/footer.fragment
hindu-festivals/govardhan-puja/annakut-chappan-bhog-prasad-recipes/vrat-and-fasting-rules-for-govardhan-puja.html,hindu-festivals/govardhan-puja/annakut-chappan-bhog-prasad-recipes/vrat-and-fasting-rules-for-govardhan-puja.html,no,merged,/Users/prashantdhingra/e/a3_output/makarsankranti.net/output/content/hindu-festivals/govardhan-puja/annakut-chappan-bhog-prasad-recipes/footer.fragment
hindu-festivals/govardhan-puja/regional-temple-pilgrimage-diaspora/index.html,hindu-festivals/govardhan-puja/regional-temple-pilgrimage-diaspora/index.html,no,merged,/Users/prashantdhingra/e/a3_output/makarsankranti.net/output/content/hindu-festivals/govardhan-puja/regional-temple-pilgrimage-diaspora/footer.fragment
hindu-festivals/govardhan-puja/regional-temple-pilgrimage-diaspora/exploring-the-similarities-between-pongal-and-govardhan-puja.html,hindu-festivals/govardhan-puja/regional-temple-pilgrimage-diaspora/exploring-the-similarities-between-pongal-and-govardhan-puja.html,no,merged,/Users/prashantdhingra/e/a3_output/makarsankranti.net/output/content/hindu-festivals/govardhan-puja/regional-temple-pilgrimage-diaspora/footer.fragment
hindu-festivals/govardhan-puja/regional-temple-pilgrimage-diaspora/how-the-diaspora-celebrates-govardhan-puja-abroad.html,hindu-festivals/govardhan-puja/regional-temple-pilgrimage-diaspora/how-the-diaspora-celebrates-govardhan-puja-abroad.html,no,merged,/Users/prashantdhingra/e/a3_output/makarsankranti.net/output/content/hindu-festivals/govardhan-puja/regional-temple-pilgrimage-diaspora/footer.fragment
hindu-festivals/govardhan-puja/regional-temple-pilgrimage-diaspora/the-21-kilometer-govardhan-parikrama-a-pilgrims-guide.html,hindu-festivals/govardhan-puja/regional-temple-pilgrimage-diaspora/the-21-kilometer-govardhan-parikrama-a-pilgrims-guide.html,no,merged,/Users/prashantdhingra/e/a3_output/makarsankranti.net/output/content/hindu-festivals/govardhan-puja/regional-temple-pilgrimage-diaspora/footer.fragment
hindu-festivals/govardhan-puja/regional-temple-pilgrimage-diaspora/annakut-displays-in-baps-swaminarayan-mandirs.html,hindu-festivals/govardhan-puja/regional-temple-pilgrimage-diaspora/annakut-displays-in-baps-swaminarayan-mandirs.html,no,merged,/Users/prashantdhingra/e/a3_output/makarsankranti.net/output/content/hindu-festivals/govardhan-puja/regional-temple-pilgrimage-diaspora/footer.fragment
hindu-festivals/govardhan-puja/regional-temple-pilgrimage-diaspora/celebrating-padwa-and-govardhan-puja-in-maharashtra.html,hindu-festivals/govardhan-puja/regional-temple-pilgrimage-diaspora/celebrating-padwa-and-govardhan-puja-in-maharashtra.html,no,merged,/Users/prashantdhingra/e/a3_output/makarsankranti.net/output/content/hindu-festivals/govardhan-puja/regional-temple-pilgrimage-diaspora/footer.fragment
hindu-festivals/govardhan-puja/regional-temple-pilgrimage-diaspora/how-iskcon-temples-worldwide-celebrate-annakut.html,hindu-festivals/govardhan-puja/regional-temple-pilgrimage-diaspora/how-iskcon-temples-worldwide-celebrate-annakut.html,no,merged,/Users/prashantdhingra/e/a3_output/makarsankranti.net/output/content/hindu-festivals/govardhan-puja/regional-temple-pilgrimage-diaspora/footer.fragment
hindu-festivals/govardhan-puja/regional-temple-pilgrimage-diaspora/gujarati-new-year-bestu-varas-and-its-connection-to-govardhan-puja.html,hindu-festivals/govardhan-puja/regional-temple-pilgrimage-diaspora/gujarati-new-year-bestu-varas-and-its-connection-to-govardhan-puja.html,no,merged,/Users/prashantdhingra/e/a3_output/makarsankranti.net/output/content/hindu-festivals/govardhan-puja/regional-temple-pilgrimage-diaspora/footer.fragment
hindu-festivals/govardhan-puja/regional-temple-pilgrimage-diaspora/the-tradition-of-worshipping-lord-vishwakarma-on-govardhan-puja.html,hindu-festivals/govardhan-puja/regional-temple-pilgrimage-diaspora/the-tradition-of-worshipping-lord-vishwakarma-on-govardhan-puja.html,no,merged,/Users/prashantdhingra/e/a3_output/makarsankranti.net/output/content/hindu-festivals/govardhan-puja/regional-temple-pilgrimage-diaspora/footer.fragment
hindu-festivals/govardhan-puja/regional-temple-pilgrimage-diaspora/famous-temples-to-visit-for-govardhan-puja-in-india.html,hindu-festivals/govardhan-puja/regional-temple-pilgrimage-diaspora/famous-temples-to-visit-for-govardhan-puja-in-india.html,no,merged,/Users/prashantdhingra/e/a3_output/makarsankranti.net/output/content/hindu-festivals/govardhan-puja/regional-temple-pilgrimage-diaspora/footer.fragment
hindu-festivals/govardhan-puja/regional-temple-pilgrimage-diaspora/govardhan-puja-in-mathura-and-vrindavan-the-heart-of-the-celebration.html,hindu-festivals/govardhan-puja/regional-temple-pilgrimage-diaspora/govardhan-puja-in-mathura-and-vrindavan-the-heart-of-the-celebration.html,no,merged,/Users/prashantdhingra/e/a3_output/makarsankranti.net/output/content/hindu-festivals/govardhan-puja/regional-temple-pilgrimage-diaspora/footer.fragment
hindu-festivals/pilgrimage-festivals/best-hindu-festival-pilgrimages-in-india-varanasi-puri-mathura-ujjain-haridwar-and-more.html,hindu-festivals/pilgrimage-festivals/best-hindu-festival-pilgrimages-in-india-varanasi-puri-mathura-ujjain-haridwar-and-more.html,no,merged,/Users/prashantdhingra/e/a3_output/makarsankranti.net/output/content/hindu-festivals/pilgrimage-festivals/footer.fragment
hindu-festivals/janmashtami/janmashtami-fasting-food-guide-what-to-eat-what-to-avoid-and-sample-meals.html,hindu-festivals/janmashtami/janmashtami-fasting-food-guide-what-to-eat-what-to-avoid-and-sample-meals.html,no,merged,/Users/prashantdhingra/e/a3_output/makarsankranti.net/output/content/hindu-festivals/janmashtami/footer.fragment
hindu-festivals/janmashtami/krishna-janmashtami-story-puja-fasting-and-midnight-celebration-guide.html,hindu-festivals/janmashtami/krishna-janmashtami-story-puja-fasting-and-midnight-celebration-guide.html,no,merged,/Users/prashantdhingra/e/a3_output/makarsankranti.net/output/content/hindu-festivals/janmashtami/footer.fragment
hindu-festivals/durga-festivals/navratri-durga-puja-and-kali-puja-how-the-festivals-are-related-and-different.html,hindu-festivals/durga-festivals/navratri-durga-puja-and-kali-puja-how-the-festivals-are-related-and-different.html,no,merged,/Users/prashantdhingra/e/a3_output/makarsankranti.net/output/content/hindu-festivals/durga-festivals/footer.fragment
hindu-festivals/karva-chauth/karva-chauth-story-fasting-sargi-puja-and-moonrise-traditions.html,hindu-festivals/karva-chauth/karva-chauth-story-fasting-sargi-puja-and-moonrise-traditions.html,no,merged,/Users/prashantdhingra/e/a3_output/makarsankranti.net/output/content/hindu-festivals/karva-chauth/footer.fragment
hindu-festivals/karva-chauth/karva-chauth-sargi-ideas-balanced-pre-dawn-meal-hydration-and-practical-tips.html,hindu-festivals/karva-chauth/karva-chauth-sargi-ideas-balanced-pre-dawn-meal-hydration-and-practical-tips.html,no,merged,/Users/prashantdhingra/e/a3_output/makarsankranti.net/output/content/hindu-festivals/karva-chauth/footer.fragment
hindu-festivals/chaitra-shukla-pratipada/hindu-new-year-traditions-gudi-padwa-ugadi-and-regional-new-year-celebrations.html,hindu-festivals/chaitra-shukla-pratipada/hindu-new-year-traditions-gudi-padwa-ugadi-and-regional-new-year-celebrations.html,no,merged,/Users/prashantdhingra/e/a3_output/makarsankranti.net/output/content/hindu-festivals/chaitra-shukla-pratipada/footer.fragment
hindu-festivals/janmashtami-and-ram-navami/janmashtami-vs-ram-navami-birth-festivals-of-krishna-and-rama-compared.html,hindu-festivals/janmashtami-and-ram-navami/janmashtami-vs-ram-navami-birth-festivals-of-krishna-and-rama-compared.html,no,merged,/Users/prashantdhingra/e/a3_output/makarsankranti.net/output/content/hindu-festivals/janmashtami-and-ram-navami/footer.fragment
hindu-festivals/maha-shivratri-and-shravan/maha-shivratri-vs-shravan-mondays-shiva-worship-traditions-explained.html,hindu-festivals/maha-shivratri-and-shravan/maha-shivratri-vs-shravan-mondays-shiva-worship-traditions-explained.html,no,merged,/Users/prashantdhingra/e/a3_output/makarsankranti.net/output/content/hindu-festivals/maha-shivratri-and-shravan/footer.fragment
hindu-festivals/ram-navami/ram-navami-meaning-ramayana-connection-puja-and-celebration-guide.html,hindu-festivals/ram-navami/ram-navami-meaning-ramayana-connection-puja-and-celebration-guide.html,no,merged,/Users/prashantdhingra/e/a3_output/makarsankranti.net/output/content/hindu-festivals/ram-navami/footer.fragment
hindu-festivals/ram-navami/ram-navami-at-home-simple-puja-ramayana-reading-bhajans-and-prasad.html,hindu-festivals/ram-navami/ram-navami-at-home-simple-puja-ramayana-reading-bhajans-and-prasad.html,no,merged,/Users/prashantdhingra/e/a3_output/makarsankranti.net/output/content/hindu-festivals/ram-navami/footer.fragment
hindu-festivals/dhanteras/dhanteras-meaning-dhanvantari-lakshmi-puja-and-what-people-buy.html,hindu-festivals/dhanteras/dhanteras-meaning-dhanvantari-lakshmi-puja-and-what-people-buy.html,no,merged,/Users/prashantdhingra/e/a3_output/makarsankranti.net/output/content/hindu-festivals/dhanteras/footer.fragment
hindu-festivals/dhanteras/dhanteras-shopping-guide-gold-silver-utensils-diyas-and-meaningful-alternatives.html,hindu-festivals/dhanteras/dhanteras-shopping-guide-gold-silver-utensils-diyas-and-meaningful-alternatives.html,no,merged,/Users/prashantdhingra/e/a3_output/makarsankranti.net/output/content/hindu-festivals/dhanteras/footer.fragment
hindu-festivals/bhai-dooj/bhai-dooj-tilak-ceremony-at-home-puja-thali-gifts-and-long-distance-ideas.html,hindu-festivals/bhai-dooj/bhai-dooj-tilak-ceremony-at-home-puja-thali-gifts-and-long-distance-ideas.html,no,merged,/Users/prashantdhingra/e/a3_output/makarsankranti.net/output/content/hindu-festivals/bhai-dooj/footer.fragment
hindu-festivals/bhai-dooj/bhai-dooj-meaning-tilak-ritual-story-and-sibling-traditions.html,hindu-festivals/bhai-dooj/bhai-dooj-meaning-tilak-ritual-story-and-sibling-traditions.html,no,merged,/Users/prashantdhingra/e/a3_output/makarsankranti.net/output/content/hindu-festivals/bhai-dooj/footer.fragment
hindu-festivals/vasant-panchami/vasant-panchami-and-saraswati-puja-meaning-traditions-and-celebration-guide.html,hindu-festivals/vasant-panchami/vasant-panchami-and-saraswati-puja-meaning-traditions-and-celebration-guide.html,no,merged,/Users/prashantdhingra/e/a3_output/makarsankranti.net/output/content/hindu-festivals/vasant-panchami/footer.fragment
hindu-festivals/vasant-panchami/saraswati-puja-at-home-books-music-study-space-and-simple-ritual-guide.html,hindu-festivals/vasant-panchami/saraswati-puja-at-home-books-music-study-space-and-simple-ritual-guide.html,no,merged,/Users/prashantdhingra/e/a3_output/makarsankranti.net/output/content/hindu-festivals/vasant-panchami/footer.fragment
hindu-festivals/nag-panchami/nag-panchami-meaning-snake-worship-rituals-and-regional-traditions.html,hindu-festivals/nag-panchami/nag-panchami-meaning-snake-worship-rituals-and-regional-traditions.html,no,merged,/Users/prashantdhingra/e/a3_output/makarsankranti.net/output/content/hindu-festivals/nag-panchami/footer.fragment
hindu-festivals/nag-panchami/nag-panchami-at-home-safe-ritual-alternatives-without-handling-live-snakes.html,hindu-festivals/nag-panchami/nag-panchami-at-home-safe-ritual-alternatives-without-handling-live-snakes.html,no,merged,/Users/prashantdhingra/e/a3_output/makarsankranti.net/output/content/hindu-festivals/nag-panchami/footer.fragment
hindu-festivals/navratri/index.html,hindu-festivals/navratri/index.html,no,merged,/Users/prashantdhingra/e/a3_output/makarsankranti.net/output/content/hindu-festivals/navratri/footer.fragment
hindu-festivals/navratri/garba-dandiya-community-celebration/how-to-choose-and-decorate-your-dandiya-sticks.html,hindu-festivals/navratri/garba-dandiya-community-celebration/how-to-choose-and-decorate-your-dandiya-sticks.html,no,merged,/Users/prashantdhingra/e/a3_output/makarsankranti.net/output/content/hindu-festivals/navratri/garba-dandiya-community-celebration/footer.fragment
hindu-festivals/navratri/garba-dandiya-community-celebration/a-beginners-guide-to-basic-garba-steps.html,hindu-festivals/navratri/garba-dandiya-community-celebration/a-beginners-guide-to-basic-garba-steps.html,no,merged,/Users/prashantdhingra/e/a3_output/makarsankranti.net/output/content/hindu-festivals/navratri/garba-dandiya-community-celebration/footer.fragment
hindu-festivals/navratri/garba-dandiya-community-celebration/how-to-organize-a-neighborhood-garba-event.html,hindu-festivals/navratri/garba-dandiya-community-celebration/how-to-organize-a-neighborhood-garba-event.html,no,merged,/Users/prashantdhingra/e/a3_output/makarsankranti.net/output/content/hindu-festivals/navratri/garba-dandiya-community-celebration/footer.fragment
hindu-festivals/navratri/garba-dandiya-community-celebration/index.html,hindu-festivals/navratri/garba-dandiya-community-celebration/index.html,no,merged,/Users/prashantdhingra/e/a3_output/makarsankranti.net/output/content/hindu-festivals/navratri/garba-dandiya-community-celebration/footer.fragment
hindu-festivals/navratri/garba-dandiya-community-celebration/garba-vs-dandiya-understanding-the-differences.html,hindu-festivals/navratri/garba-dandiya-community-celebration/garba-vs-dandiya-understanding-the-differences.html,no,merged,/Users/prashantdhingra/e/a3_output/makarsankranti.net/output/content/hindu-festivals/navratri/garba-dandiya-community-celebration/footer.fragment
hindu-festivals/navratri/garba-dandiya-community-celebration/etiquette-for-navratri-garba-nights.html,hindu-festivals/navratri/garba-dandiya-community-celebration/etiquette-for-navratri-garba-nights.html,no,merged,/Users/prashantdhingra/e/a3_output/makarsankranti.net/output/content/hindu-festivals/navratri/garba-dandiya-community-celebration/footer.fragment
hindu-festivals/navratri/garba-dandiya-community-celebration/the-history-and-meaning-of-garba-and-dandiya.html,hindu-festivals/navratri/garba-dandiya-community-celebration/the-history-and-meaning-of-garba-and-dandiya.html,no,merged,/Users/prashantdhingra/e/a3_output/makarsankranti.net/output/content/hindu-festivals/navratri/garba-dandiya-community-celebration/footer.fragment
hindu-festivals/navratri/garba-dandiya-community-celebration/the-role-of-the-dhol-and-live-music-in-garba.html,hindu-festivals/navratri/garba-dandiya-community-celebration/the-role-of-the-dhol-and-live-music-in-garba.html,no,merged,/Users/prashantdhingra/e/a3_output/makarsankranti.net/output/content/hindu-festivals/navratri/garba-dandiya-community-celebration/footer.fragment
hindu-festivals/navratri/garba-dandiya-community-celebration/the-evolution-of-garba-from-village-squares-to-global-arenas.html,hindu-festivals/navratri/garba-dandiya-community-celebration/the-evolution-of-garba-from-village-squares-to-global-arenas.html,no,merged,/Users/prashantdhingra/e/a3_output/makarsankranti.net/output/content/hindu-festivals/navratri/garba-dandiya-community-celebration/footer.fragment
hindu-festivals/navratri/garba-dandiya-community-celebration/preparing-for-a-garba-marathon-stamina-and-footwear.html,hindu-festivals/navratri/garba-dandiya-community-celebration/preparing-for-a-garba-marathon-stamina-and-footwear.html,no,merged,/Users/prashantdhingra/e/a3_output/makarsankranti.net/output/content/hindu-festivals/navratri/garba-dandiya-community-celebration/footer.fragment
hindu-festivals/navratri/garba-dandiya-community-celebration/the-best-traditional-navratri-songs-and-modern-mashups.html,hindu-festivals/navratri/garba-dandiya-community-celebration/the-best-traditional-navratri-songs-and-modern-mashups.html,no,merged,/Users/prashantdhingra/e/a3_output/makarsankranti.net/output/content/hindu-festivals/navratri/garba-dandiya-community-celebration/footer.fragment
hindu-festivals/navratri/kids-family-schools-activities/volunteer-ideas-giving-back-to-the-community-during-navratri.html,hindu-festivals/navratri/kids-family-schools-activities/volunteer-ideas-giving-back-to-the-community-during-navratri.html,no,merged,/Users/prashantdhingra/e/a3_output/makarsankranti.net/output/content/hindu-festivals/navratri/kids-family-schools-activities/footer.fragment
hindu-festivals/navratri/kids-family-schools-activities/explaining-navratri-to-kids-stories-crafts-and-activities.html,hindu-festivals/navratri/kids-family-schools-activities/explaining-navratri-to-kids-stories-crafts-and-activities.html,no,merged,/Users/prashantdhingra/e/a3_output/makarsankranti.net/output/content/hindu-festivals/navratri/kids-family-schools-activities/footer.fragment
hindu-festivals/navratri/kids-family-schools-activities/teaching-children-garba-simple-steps-and-games.html,hindu-festivals/navratri/kids-family-schools-activities/teaching-children-garba-simple-steps-and-games.html,no,merged,/Users/prashantdhingra/e/a3_output/makarsankranti.net/output/content/hindu-festivals/navratri/kids-family-schools-activities/footer.fragment
hindu-festivals/navratri/kids-family-schools-activities/index.html,hindu-festivals/navratri/kids-family-schools-activities/index.html,no,merged,/Users/prashantdhingra/e/a3_output/makarsankranti.net/output/content/hindu-festivals/navratri/kids-family-schools-activities/footer.fragment
hindu-festivals/navratri/kids-family-schools-activities/a-9-day-navratri-family-challenge-daily-activities.html,hindu-festivals/navratri/kids-family-schools-activities/a-9-day-navratri-family-challenge-daily-activities.html,no,merged,/Users/prashantdhingra/e/a3_output/makarsankranti.net/output/content/hindu-festivals/navratri/kids-family-schools-activities/footer.fragment
hindu-festivals/navratri/kids-family-schools-activities/navratri-printables-word-searches-coloring-pages-and-bingo.html,hindu-festivals/navratri/kids-family-schools-activities/navratri-printables-word-searches-coloring-pages-and-bingo.html,no,merged,/Users/prashantdhingra/e/a3_output/makarsankranti.net/output/content/hindu-festivals/navratri/kids-family-schools-activities/footer.fragment
hindu-festivals/navratri/kids-family-schools-activities/hosting-a-navratri-kanya-pujan-at-home.html,hindu-festivals/navratri/kids-family-schools-activities/hosting-a-navratri-kanya-pujan-at-home.html,no,merged,/Users/prashantdhingra/e/a3_output/makarsankranti.net/output/content/hindu-festivals/navratri/kids-family-schools-activities/footer.fragment
hindu-festivals/navratri/kids-family-schools-activities/how-to-create-a-navratri-scrapbook-of-family-memories.html,hindu-festivals/navratri/kids-family-schools-activities/how-to-create-a-navratri-scrapbook-of-family-memories.html,no,merged,/Users/prashantdhingra/e/a3_output/makarsankranti.net/output/content/hindu-festivals/navratri/kids-family-schools-activities/footer.fragment
hindu-festivals/navratri/kids-family-schools-activities/creating-a-navratri-family-altar-together.html,hindu-festivals/navratri/kids-family-schools-activities/creating-a-navratri-family-altar-together.html,no,merged,/Users/prashantdhingra/e/a3_output/makarsankranti.net/output/content/hindu-festivals/navratri/kids-family-schools-activities/footer.fragment
hindu-festivals/navratri/kids-family-schools-activities/diy-garba-pot-garbi-decoration-ideas-for-the-family.html,hindu-festivals/navratri/kids-family-schools-activities/diy-garba-pot-garbi-decoration-ideas-for-the-family.html,no,merged,/Users/prashantdhingra/e/a3_output/makarsankranti.net/output/content/hindu-festivals/navratri/kids-family-schools-activities/footer.fragment
hindu-festivals/navratri/kids-family-schools-activities/navratri-storytelling-ideas-for-classrooms-and-assemblies.html,hindu-festivals/navratri/kids-family-schools-activities/navratri-storytelling-ideas-for-classrooms-and-assemblies.html,no,merged,/Users/prashantdhingra/e/a3_output/makarsankranti.net/output/content/hindu-festivals/navratri/kids-family-schools-activities/footer.fragment
hindu-festivals/navratri/foundation-meaning-getting-started/the-spiritual-significance-of-the-nine-nights.html,hindu-festivals/navratri/foundation-meaning-getting-started/the-spiritual-significance-of-the-nine-nights.html,no,merged,/Users/prashantdhingra/e/a3_output/makarsankranti.net/output/content/hindu-festivals/navratri/foundation-meaning-getting-started/footer.fragment
hindu-festivals/navratri/foundation-meaning-getting-started/chaitra-vs-sharad-navratri-understanding-the-differences.html,hindu-festivals/navratri/foundation-meaning-getting-started/chaitra-vs-sharad-navratri-understanding-the-differences.html,no,merged,/Users/prashantdhingra/e/a3_output/makarsankranti.net/output/content/hindu-festivals/navratri/foundation-meaning-getting-started/footer.fragment
hindu-festivals/navratri/foundation-meaning-getting-started/a-first-timers-guide-to-attending-navratri-events.html,hindu-festivals/navratri/foundation-meaning-getting-started/a-first-timers-guide-to-attending-navratri-events.html,no,merged,/Users/prashantdhingra/e/a3_output/makarsankranti.net/output/content/hindu-festivals/navratri/foundation-meaning-getting-started/footer.fragment
hindu-festivals/navratri/foundation-meaning-getting-started/index.html,hindu-festivals/navratri/foundation-meaning-getting-started/index.html,no,merged,/Users/prashantdhingra/e/a3_output/makarsankranti.net/output/content/hindu-festivals/navratri/foundation-meaning-getting-started/footer.fragment
hindu-festivals/navratri/foundation-meaning-getting-started/navratri-festival-meaning-dates-and-how-it-is-celebrated.html,hindu-festivals/navratri/foundation-meaning-getting-started/navratri-festival-meaning-dates-and-how-it-is-celebrated.html,no,merged,/Users/prashantdhingra/e/a3_output/makarsankranti.net/output/content/hindu-festivals/navratri/foundation-meaning-getting-started/footer.fragment
hindu-festivals/navratri/foundation-meaning-getting-started/how-to-prepare-your-home-for-navratri.html,hindu-festivals/navratri/foundation-meaning-getting-started/how-to-prepare-your-home-for-navratri.html,no,merged,/Users/prashantdhingra/e/a3_output/makarsankranti.net/output/content/hindu-festivals/navratri/foundation-meaning-getting-started/footer.fragment
hindu-festivals/navratri/foundation-meaning-getting-started/navratri-myths-and-facts.html,hindu-festivals/navratri/foundation-meaning-getting-started/navratri-myths-and-facts.html,no,merged,/Users/prashantdhingra/e/a3_output/makarsankranti.net/output/content/hindu-festivals/navratri/foundation-meaning-getting-started/footer.fragment
hindu-festivals/navratri/foundation-meaning-getting-started/the-science-behind-navratri-fasting.html,hindu-festivals/navratri/foundation-meaning-getting-started/the-science-behind-navratri-fasting.html,no,merged,/Users/prashantdhingra/e/a3_output/makarsankranti.net/output/content/hindu-festivals/navratri/foundation-meaning-getting-started/footer.fragment
hindu-festivals/navratri/foundation-meaning-getting-started/the-story-of-mahishasura-mardini-the-legend-behind-navratri.html,hindu-festivals/navratri/foundation-meaning-getting-started/the-story-of-mahishasura-mardini-the-legend-behind-navratri.html,no,merged,/Users/prashantdhingra/e/a3_output/makarsankranti.net/output/content/hindu-festivals/navratri/foundation-meaning-getting-started/footer.fragment
hindu-festivals/navratri/foundation-meaning-getting-started/the-role-of-colors-in-navratri-what-each-day-represents.html,hindu-festivals/navratri/foundation-meaning-getting-started/the-role-of-colors-in-navratri-what-each-day-represents.html,no,merged,/Users/prashantdhingra/e/a3_output/makarsankranti.net/output/content/hindu-festivals/navratri/foundation-meaning-getting-started/footer.fragment
hindu-festivals/navratri/foundation-meaning-getting-started/essential-navratri-vocabulary-a-guide-for-beginners.html,hindu-festivals/navratri/foundation-meaning-getting-started/essential-navratri-vocabulary-a-guide-for-beginners.html,no,merged,/Users/prashantdhingra/e/a3_output/makarsankranti.net/output/content/hindu-festivals/navratri/foundation-meaning-getting-started/footer.fragment
hindu-festivals/navratri/regional-navratri-traditions-india/mysore-dasara-the-royal-celebration-of-karnataka.html,hindu-festivals/navratri/regional-navratri-traditions-india/mysore-dasara-the-royal-celebration-of-karnataka.html,no,merged,/Users/prashantdhingra/e/a3_output/makarsankranti.net/output/content/hindu-festivals/navratri/regional-navratri-traditions-india/footer.fragment
hindu-festivals/navratri/regional-navratri-traditions-india/index.html,hindu-festivals/navratri/regional-navratri-traditions-india/index.html,no,merged,/Users/prashantdhingra/e/a3_output/makarsankranti.net/output/content/hindu-festivals/navratri/regional-navratri-traditions-india/footer.fragment
hindu-festivals/navratri/regional-navratri-traditions-india/navratri-in-maharashtra-ghatasthapana-and-bhondla.html,hindu-festivals/navratri/regional-navratri-traditions-india/navratri-in-maharashtra-ghatasthapana-and-bhondla.html,no,merged,/Users/prashantdhingra/e/a3_output/makarsankranti.net/output/content/hindu-festivals/navratri/regional-navratri-traditions-india/footer.fragment
hindu-festivals/navratri/regional-navratri-traditions-india/golu-in-tamil-nadu-the-display-of-dolls.html,hindu-festivals/navratri/regional-navratri-traditions-india/golu-in-tamil-nadu-the-display-of-dolls.html,no,merged,/Users/prashantdhingra/e/a3_output/makarsankranti.net/output/content/hindu-festivals/navratri/regional-navratri-traditions-india/footer.fragment
hindu-festivals/navratri/regional-navratri-traditions-india/navratri-in-north-india-ram-leela-and-jagratas.html,hindu-festivals/navratri/regional-navratri-traditions-india/navratri-in-north-india-ram-leela-and-jagratas.html,no,merged,/Users/prashantdhingra/e/a3_output/makarsankranti.net/output/content/hindu-festivals/navratri/regional-navratri-traditions-india/footer.fragment
hindu-festivals/navratri/regional-navratri-traditions-india/navratri-in-gujarat-the-epicenter-of-garba.html,hindu-festivals/navratri/regional-navratri-traditions-india/navratri-in-gujarat-the-epicenter-of-garba.html,no,merged,/Users/prashantdhingra/e/a3_output/makarsankranti.net/output/content/hindu-festivals/navratri/regional-navratri-traditions-india/footer.fragment
hindu-festivals/navratri/regional-navratri-traditions-india/durga-puja-in-west-bengal-pandal-hopping-and-rituals.html,hindu-festivals/navratri/regional-navratri-traditions-india/durga-puja-in-west-bengal-pandal-hopping-and-rituals.html,no,merged,/Users/prashantdhingra/e/a3_output/makarsankranti.net/output/content/hindu-festivals/navratri/regional-navratri-traditions-india/footer.fragment
hindu-festivals/navratri/regional-navratri-traditions-india/vidyarambham-in-kerala-initiating-learning-during-navratri.html,hindu-festivals/navratri/regional-navratri-traditions-india/vidyarambham-in-kerala-initiating-learning-during-navratri.html,no,merged,/Users/prashantdhingra/e/a3_output/makarsankranti.net/output/content/hindu-festivals/navratri/regional-navratri-traditions-india/footer.fragment
hindu-festivals/navratri/regional-navratri-traditions-india/kullu-dussehra-in-himachal-pradesh-a-valley-in-celebration.html,hindu-festivals/navratri/regional-navratri-traditions-india/kullu-dussehra-in-himachal-pradesh-a-valley-in-celebration.html,no,merged,/Users/prashantdhingra/e/a3_output/makarsankranti.net/output/content/hindu-festivals/navratri/regional-navratri-traditions-india/footer.fragment
hindu-festivals/navratri/regional-navratri-traditions-india/bathukamma-in-telangana-the-festival-of-flowers.html,hindu-festivals/navratri/regional-navratri-traditions-india/bathukamma-in-telangana-the-festival-of-flowers.html,no,merged,/Users/prashantdhingra/e/a3_output/makarsankranti.net/output/content/hindu-festivals/navratri/regional-navratri-traditions-india/footer.fragment
hindu-festivals/navratri/regional-navratri-traditions-india/exploring-the-common-threads-across-regional-celebrations.html,hindu-festivals/navratri/regional-navratri-traditions-india/exploring-the-common-threads-across-regional-celebrations.html,no,merged,/Users/prashantdhingra/e/a3_output/makarsankranti.net/output/content/hindu-festivals/navratri/regional-navratri-traditions-india/footer.fragment
hindu-festivals/navratri/navadurga-nine-forms-daily-worship/day-8-mahagauri-the-symbol-of-purity.html,hindu-festivals/navratri/navadurga-nine-forms-daily-worship/day-8-mahagauri-the-symbol-of-purity.html,no,merged,/Users/prashantdhingra/e/a3_output/makarsankranti.net/output/content/hindu-festivals/navratri/navadurga-nine-forms-daily-worship/footer.fragment
hindu-festivals/navratri/navadurga-nine-forms-daily-worship/index.html,hindu-festivals/navratri/navadurga-nine-forms-daily-worship/index.html,no,merged,/Users/prashantdhingra/e/a3_output/makarsankranti.net/output/content/hindu-festivals/navratri/navadurga-nine-forms-daily-worship/footer.fragment
hindu-festivals/navratri/navadurga-nine-forms-daily-worship/how-to-incorporate-the-teachings-of-navadurga-into-daily-life.html,hindu-festivals/navratri/navadurga-nine-forms-daily-worship/how-to-incorporate-the-teachings-of-navadurga-into-daily-life.html,no,merged,/Users/prashantdhingra/e/a3_output/makarsankranti.net/output/content/hindu-festivals/navratri/navadurga-nine-forms-daily-worship/footer.fragment
hindu-festivals/navratri/navadurga-nine-forms-daily-worship/day-5-skandamata-the-mother-of-the-war-god.html,hindu-festivals/navratri/navadurga-nine-forms-daily-worship/day-5-skandamata-the-mother-of-the-war-god.html,no,merged,/Users/prashantdhingra/e/a3_output/makarsankranti.net/output/content/hindu-festivals/navratri/navadurga-nine-forms-daily-worship/footer.fragment
hindu-festivals/navratri/navadurga-nine-forms-daily-worship/day-7-kalaratri-the-destroyer-of-darkness.html,hindu-festivals/navratri/navadurga-nine-forms-daily-worship/day-7-kalaratri-the-destroyer-of-darkness.html,no,merged,/Users/prashantdhingra/e/a3_output/makarsankranti.net/output/content/hindu-festivals/navratri/navadurga-nine-forms-daily-worship/footer.fragment
hindu-festivals/navratri/navadurga-nine-forms-daily-worship/day-1-shailaputri-the-daughter-of-the-mountain.html,hindu-festivals/navratri/navadurga-nine-forms-daily-worship/day-1-shailaputri-the-daughter-of-the-mountain.html,no,merged,/Users/prashantdhingra/e/a3_output/makarsankranti.net/output/content/hindu-festivals/navratri/navadurga-nine-forms-daily-worship/footer.fragment
hindu-festivals/navratri/navadurga-nine-forms-daily-worship/day-3-chandraghanta-the-fierce-protector.html,hindu-festivals/navratri/navadurga-nine-forms-daily-worship/day-3-chandraghanta-the-fierce-protector.html,no,merged,/Users/prashantdhingra/e/a3_output/makarsankranti.net/output/content/hindu-festivals/navratri/navadurga-nine-forms-daily-worship/footer.fragment
hindu-festivals/navratri/navadurga-nine-forms-daily-worship/day-2-brahmacharini-the-ascetic-goddess.html,hindu-festivals/navratri/navadurga-nine-forms-daily-worship/day-2-brahmacharini-the-ascetic-goddess.html,no,merged,/Users/prashantdhingra/e/a3_output/makarsankranti.net/output/content/hindu-festivals/navratri/navadurga-nine-forms-daily-worship/footer.fragment
hindu-festivals/navratri/navadurga-nine-forms-daily-worship/day-4-kushmanda-the-creator-of-the-universe.html,hindu-festivals/navratri/navadurga-nine-forms-daily-worship/day-4-kushmanda-the-creator-of-the-universe.html,no,merged,/Users/prashantdhingra/e/a3_output/makarsankranti.net/output/content/hindu-festivals/navratri/navadurga-nine-forms-daily-worship/footer.fragment
hindu-festivals/navratri/navadurga-nine-forms-daily-worship/day-6-katyayani-the-warrior-goddess.html,hindu-festivals/navratri/navadurga-nine-forms-daily-worship/day-6-katyayani-the-warrior-goddess.html,no,merged,/Users/prashantdhingra/e/a3_output/makarsankranti.net/output/content/hindu-festivals/navratri/navadurga-nine-forms-daily-worship/footer.fragment
hindu-festivals/navratri/navadurga-nine-forms-daily-worship/day-9-siddhidatri-the-granter-of-wishes.html,hindu-festivals/navratri/navadurga-nine-forms-daily-worship/day-9-siddhidatri-the-granter-of-wishes.html,no,merged,/Users/prashantdhingra/e/a3_output/makarsankranti.net/output/content/hindu-festivals/navratri/navadurga-nine-forms-daily-worship/footer.fragment
hindu-festivals/navratri/fasting-foods-vrat-recipes/index.html,hindu-festivals/navratri/fasting-foods-vrat-recipes/index.html,no,merged,/Users/prashantdhingra/e/a3_output/makarsankranti.net/output/content/hindu-festivals/navratri/fasting-foods-vrat-recipes/footer.fragment
hindu-festivals/navratri/fasting-foods-vrat-recipes/sabudana-khichdi-step-by-step-vrat-recipe.html,hindu-festivals/navratri/fasting-foods-vrat-recipes/sabudana-khichdi-step-by-step-vrat-recipe.html,no,merged,/Users/prashantdhingra/e/a3_output/makarsankranti.net/output/content/hindu-festivals/navratri/fasting-foods-vrat-recipes/footer.fragment
hindu-festivals/navratri/fasting-foods-vrat-recipes/navratri-vrat-thali-how-to-build-a-balanced-fasting-plate.html,hindu-festivals/navratri/fasting-foods-vrat-recipes/navratri-vrat-thali-how-to-build-a-balanced-fasting-plate.html,no,merged,/Users/prashantdhingra/e/a3_output/makarsankranti.net/output/content/hindu-festivals/navratri/fasting-foods-vrat-recipes/footer.fragment
hindu-festivals/navratri/fasting-foods-vrat-recipes/troubleshooting-common-navratri-cooking-mistakes.html,hindu-festivals/navratri/fasting-foods-vrat-recipes/troubleshooting-common-navratri-cooking-mistakes.html,no,merged,/Users/prashantdhingra/e/a3_output/makarsankranti.net/output/content/hindu-festivals/navratri/fasting-foods-vrat-recipes/footer.fragment
hindu-festivals/navratri/fasting-foods-vrat-recipes/a-9-day-navratri-fasting-meal-plan.html,hindu-festivals/navratri/fasting-foods-vrat-recipes/a-9-day-navratri-fasting-meal-plan.html,no,merged,/Users/prashantdhingra/e/a3_output/makarsankranti.net/output/content/hindu-festivals/navratri/fasting-foods-vrat-recipes/footer.fragment
hindu-festivals/navratri/fasting-foods-vrat-recipes/navratri-snacks-makhana-sweet-potato-and-peanut-recipes.html,hindu-festivals/navratri/fasting-foods-vrat-recipes/navratri-snacks-makhana-sweet-potato-and-peanut-recipes.html,no,merged,/Users/prashantdhingra/e/a3_output/makarsankranti.net/output/content/hindu-festivals/navratri/fasting-foods-vrat-recipes/footer.fragment
hindu-festivals/navratri/fasting-foods-vrat-recipes/how-to-maintain-energy-levels-while-fasting-for-nine-days.html,hindu-festivals/navratri/fasting-foods-vrat-recipes/how-to-maintain-energy-levels-while-fasting-for-nine-days.html,no,merged,/Users/prashantdhingra/e/a3_output/makarsankranti.net/output/content/hindu-festivals/navratri/fasting-foods-vrat-recipes/footer.fragment
hindu-festivals/navratri/fasting-foods-vrat-recipes/navratri-fasting-rules-what-to-eat-and-what-to-avoid.html,hindu-festivals/navratri/fasting-foods-vrat-recipes/navratri-fasting-rules-what-to-eat-and-what-to-avoid.html,no,merged,/Users/prashantdhingra/e/a3_output/makarsankranti.net/output/content/hindu-festivals/navratri/fasting-foods-vrat-recipes/footer.fragment
hindu-festivals/navratri/fasting-foods-vrat-recipes/kuttu-ki-puri-and-aloo-sabzi-a-traditional-fasting-meal.html,hindu-festivals/navratri/fasting-foods-vrat-recipes/kuttu-ki-puri-and-aloo-sabzi-a-traditional-fasting-meal.html,no,merged,/Users/prashantdhingra/e/a3_output/makarsankranti.net/output/content/hindu-festivals/navratri/fasting-foods-vrat-recipes/footer.fragment
hindu-festivals/navratri/fasting-foods-vrat-recipes/vrat-friendly-desserts-samak-kheer-and-lauki-halwa.html,hindu-festivals/navratri/fasting-foods-vrat-recipes/vrat-friendly-desserts-samak-kheer-and-lauki-halwa.html,no,merged,/Users/prashantdhingra/e/a3_output/makarsankranti.net/output/content/hindu-festivals/navratri/fasting-foods-vrat-recipes/footer.fragment
hindu-festivals/navratri/fasting-foods-vrat-recipes/vegan-navratri-recipes-dairy-free-vrat-alternatives.html,hindu-festivals/navratri/fasting-foods-vrat-recipes/vegan-navratri-recipes-dairy-free-vrat-alternatives.html,no,merged,/Users/prashantdhingra/e/a3_output/makarsankranti.net/output/content/hindu-festivals/navratri/fasting-foods-vrat-recipes/footer.fragment
hindu-festivals/navratri/puja-rituals-mantras-visarjan/index.html,hindu-festivals/navratri/puja-rituals-mantras-visarjan/index.html,no,merged,/Users/prashantdhingra/e/a3_output/makarsankranti.net/output/content/hindu-festivals/navratri/puja-rituals-mantras-visarjan/footer.fragment
hindu-festivals/navratri/puja-rituals-mantras-visarjan/ayudha-puja-worshipping-tools-and-instruments.html,hindu-festivals/navratri/puja-rituals-mantras-visarjan/ayudha-puja-worshipping-tools-and-instruments.html,no,merged,/Users/prashantdhingra/e/a3_output/makarsankranti.net/output/content/hindu-festivals/navratri/puja-rituals-mantras-visarjan/footer.fragment
hindu-festivals/navratri/puja-rituals-mantras-visarjan/sowing-khetri-barley-seeds-meaning-and-process.html,hindu-festivals/navratri/puja-rituals-mantras-visarjan/sowing-khetri-barley-seeds-meaning-and-process.html,no,merged,/Users/prashantdhingra/e/a3_output/makarsankranti.net/output/content/hindu-festivals/navratri/puja-rituals-mantras-visarjan/footer.fragment
hindu-festivals/navratri/puja-rituals-mantras-visarjan/sandhi-puja-explained-the-transition-from-ashtami-to-navami.html,hindu-festivals/navratri/puja-rituals-mantras-visarjan/sandhi-puja-explained-the-transition-from-ashtami-to-navami.html,no,merged,/Users/prashantdhingra/e/a3_output/makarsankranti.net/output/content/hindu-festivals/navratri/puja-rituals-mantras-visarjan/footer.fragment
hindu-festivals/navratri/puja-rituals-mantras-visarjan/visarjan-how-to-respectfully-conclude-the-navratri-puja.html,hindu-festivals/navratri/puja-rituals-mantras-visarjan/visarjan-how-to-respectfully-conclude-the-navratri-puja.html,no,merged,/Users/prashantdhingra/e/a3_output/makarsankranti.net/output/content/hindu-festivals/navratri/puja-rituals-mantras-visarjan/footer.fragment
hindu-festivals/navratri/puja-rituals-mantras-visarjan/how-to-perform-the-daily-navratri-aarti-at-home.html,hindu-festivals/navratri/puja-rituals-mantras-visarjan/how-to-perform-the-daily-navratri-aarti-at-home.html,no,merged,/Users/prashantdhingra/e/a3_output/makarsankranti.net/output/content/hindu-festivals/navratri/puja-rituals-mantras-visarjan/footer.fragment
hindu-festivals/navratri/puja-rituals-mantras-visarjan/the-significance-of-akhand-jyot-the-eternal-flame.html,hindu-festivals/navratri/puja-rituals-mantras-visarjan/the-significance-of-akhand-jyot-the-eternal-flame.html,no,merged,/Users/prashantdhingra/e/a3_output/makarsankranti.net/output/content/hindu-festivals/navratri/puja-rituals-mantras-visarjan/footer.fragment
hindu-festivals/navratri/puja-rituals-mantras-visarjan/essential-items-for-your-navratri-puja-thali.html,hindu-festivals/navratri/puja-rituals-mantras-visarjan/essential-items-for-your-navratri-puja-thali.html,no,merged,/Users/prashantdhingra/e/a3_output/makarsankranti.net/output/content/hindu-festivals/navratri/puja-rituals-mantras-visarjan/footer.fragment
hindu-festivals/navratri/puja-rituals-mantras-visarjan/kanya-pujan-ashtami-navami-traditions-and-gift-ideas.html,hindu-festivals/navratri/puja-rituals-mantras-visarjan/kanya-pujan-ashtami-navami-traditions-and-gift-ideas.html,no,merged,/Users/prashantdhingra/e/a3_output/makarsankranti.net/output/content/hindu-festivals/navratri/puja-rituals-mantras-visarjan/footer.fragment
hindu-festivals/navratri/puja-rituals-mantras-visarjan/ghatasthapana-kalash-sthapana-step-by-step-guide.html,hindu-festivals/navratri/puja-rituals-mantras-visarjan/ghatasthapana-kalash-sthapana-step-by-step-guide.html,no,merged,/Users/prashantdhingra/e/a3_output/makarsankranti.net/output/content/hindu-festivals/navratri/puja-rituals-mantras-visarjan/footer.fragment
hindu-festivals/navratri/puja-rituals-mantras-visarjan/navratri-mantras-and-slokas-for-daily-chanting.html,hindu-festivals/navratri/puja-rituals-mantras-visarjan/navratri-mantras-and-slokas-for-daily-chanting.html,no,merged,/Users/prashantdhingra/e/a3_output/makarsankranti.net/output/content/hindu-festivals/navratri/puja-rituals-mantras-visarjan/footer.fragment
hindu-festivals/navratri/fashion-colors-jewelry-beauty/navratri-outfit-guide-for-men-kediyus-and-kurtas.html,hindu-festivals/navratri/fashion-colors-jewelry-beauty/navratri-outfit-guide-for-men-kediyus-and-kurtas.html,no,merged,/Users/prashantdhingra/e/a3_output/makarsankranti.net/output/content/hindu-festivals/navratri/fashion-colors-jewelry-beauty/footer.fragment
hindu-festivals/navratri/fashion-colors-jewelry-beauty/index.html,hindu-festivals/navratri/fashion-colors-jewelry-beauty/index.html,no,merged,/Users/prashantdhingra/e/a3_output/makarsankranti.net/output/content/hindu-festivals/navratri/fashion-colors-jewelry-beauty/footer.fragment
hindu-festivals/navratri/fashion-colors-jewelry-beauty/sustainable-navratri-fashion-upcycling-and-renting-outfits.html,hindu-festivals/navratri/fashion-colors-jewelry-beauty/sustainable-navratri-fashion-upcycling-and-renting-outfits.html,no,merged,/Users/prashantdhingra/e/a3_output/makarsankranti.net/output/content/hindu-festivals/navratri/fashion-colors-jewelry-beauty/footer.fragment
hindu-festivals/navratri/fashion-colors-jewelry-beauty/navratri-jewelry-oxidized-silver-terracotta-and-tribal-pieces.html,hindu-festivals/navratri/fashion-colors-jewelry-beauty/navratri-jewelry-oxidized-silver-terracotta-and-tribal-pieces.html,no,merged,/Users/prashantdhingra/e/a3_output/makarsankranti.net/output/content/hindu-festivals/navratri/fashion-colors-jewelry-beauty/footer.fragment
hindu-festivals/navratri/fashion-colors-jewelry-beauty/traditional-navratri-hairstyles-braids-buns-and-accessories.html,hindu-festivals/navratri/fashion-colors-jewelry-beauty/traditional-navratri-hairstyles-braids-buns-and-accessories.html,no,merged,/Users/prashantdhingra/e/a3_output/makarsankranti.net/output/content/hindu-festivals/navratri/fashion-colors-jewelry-beauty/footer.fragment
hindu-festivals/navratri/fashion-colors-jewelry-beauty/kids-navratri-fashion-safe-comfortable-and-festive-looks.html,hindu-festivals/navratri/fashion-colors-jewelry-beauty/kids-navratri-fashion-safe-comfortable-and-festive-looks.html,no,merged,/Users/prashantdhingra/e/a3_output/makarsankranti.net/output/content/hindu-festivals/navratri/fashion-colors-jewelry-beauty/footer.fragment
hindu-festivals/navratri/fashion-colors-jewelry-beauty/how-to-care-for-heavy-embroidered-navratri-outfits.html,hindu-festivals/navratri/fashion-colors-jewelry-beauty/how-to-care-for-heavy-embroidered-navratri-outfits.html,no,merged,/Users/prashantdhingra/e/a3_output/makarsankranti.net/output/content/hindu-festivals/navratri/fashion-colors-jewelry-beauty/footer.fragment
hindu-festivals/navratri/fashion-colors-jewelry-beauty/navratri-outfit-guide-for-women-chaniya-cholis-and-sarees.html,hindu-festivals/navratri/fashion-colors-jewelry-beauty/navratri-outfit-guide-for-women-chaniya-cholis-and-sarees.html,no,merged,/Users/prashantdhingra/e/a3_output/makarsankranti.net/output/content/hindu-festivals/navratri/fashion-colors-jewelry-beauty/footer.fragment
hindu-festivals/navratri/fashion-colors-jewelry-beauty/diy-navratri-outfit-customizations-mirrors-tassels-and-embroidery.html,hindu-festivals/navratri/fashion-colors-jewelry-beauty/diy-navratri-outfit-customizations-mirrors-tassels-and-embroidery.html,no,merged,/Users/prashantdhingra/e/a3_output/makarsankranti.net/output/content/hindu-festivals/navratri/fashion-colors-jewelry-beauty/footer.fragment
hindu-festivals/navratri/fashion-colors-jewelry-beauty/sweat-proof-makeup-tips-for-long-garba-nights.html,hindu-festivals/navratri/fashion-colors-jewelry-beauty/sweat-proof-makeup-tips-for-long-garba-nights.html,no,merged,/Users/prashantdhingra/e/a3_output/makarsankranti.net/output/content/hindu-festivals/navratri/fashion-colors-jewelry-beauty/footer.fragment
hindu-festivals/navratri/fashion-colors-jewelry-beauty/how-to-style-your-outfit-for-the-9-colors-of-navratri.html,hindu-festivals/navratri/fashion-colors-jewelry-beauty/how-to-style-your-outfit-for-the-9-colors-of-navratri.html,no,merged,/Users/prashantdhingra/e/a3_output/makarsankranti.net/output/content/hindu-festivals/navratri/fashion-colors-jewelry-beauty/footer.fragment
hindu-festivals/navratri/modern-navratri-diaspora-sustainability/navratri-office-celebrations-decor-competitions-and-food.html,hindu-festivals/navratri/modern-navratri-diaspora-sustainability/navratri-office-celebrations-decor-competitions-and-food.html,no,merged,/Users/prashantdhingra/e/a3_output/makarsankranti.net/output/content/hindu-festivals/navratri/modern-navratri-diaspora-sustainability/footer.fragment
hindu-festivals/navratri/modern-navratri-diaspora-sustainability/the-economics-of-navratri-the-impact-on-local-artisans.html,hindu-festivals/navratri/modern-navratri-diaspora-sustainability/the-economics-of-navratri-the-impact-on-local-artisans.html,no,merged,/Users/prashantdhingra/e/a3_output/makarsankranti.net/output/content/hindu-festivals/navratri/modern-navratri-diaspora-sustainability/footer.fragment
hindu-festivals/navratri/modern-navratri-diaspora-sustainability/post-navratri-detox-transitioning-back-to-a-regular-diet.html,hindu-festivals/navratri/modern-navratri-diaspora-sustainability/post-navratri-detox-transitioning-back-to-a-regular-diet.html,no,merged,/Users/prashantdhingra/e/a3_output/makarsankranti.net/output/content/hindu-festivals/navratri/modern-navratri-diaspora-sustainability/footer.fragment
hindu-festivals/navratri/modern-navratri-diaspora-sustainability/index.html,hindu-festivals/navratri/modern-navratri-diaspora-sustainability/index.html,no,merged,/Users/prashantdhingra/e/a3_output/makarsankranti.net/output/content/hindu-festivals/navratri/modern-navratri-diaspora-sustainability/footer.fragment
hindu-festivals/navratri/modern-navratri-diaspora-sustainability/celebrating-navratri-abroad-stories-from-the-diaspora.html,hindu-festivals/navratri/modern-navratri-diaspora-sustainability/celebrating-navratri-abroad-stories-from-the-diaspora.html,no,merged,/Users/prashantdhingra/e/a3_output/makarsankranti.net/output/content/hindu-festivals/navratri/modern-navratri-diaspora-sustainability/footer.fragment
hindu-festivals/navratri/modern-navratri-diaspora-sustainability/eco-friendly-navratri-clay-idols-and-sustainable-decor.html,hindu-festivals/navratri/modern-navratri-diaspora-sustainability/eco-friendly-navratri-clay-idols-and-sustainable-decor.html,no,merged,/Users/prashantdhingra/e/a3_output/makarsankranti.net/output/content/hindu-festivals/navratri/modern-navratri-diaspora-sustainability/footer.fragment
hindu-festivals/navratri/modern-navratri-diaspora-sustainability/how-to-host-a-virtual-navratri-event.html,hindu-festivals/navratri/modern-navratri-diaspora-sustainability/how-to-host-a-virtual-navratri-event.html,no,merged,/Users/prashantdhingra/e/a3_output/makarsankranti.net/output/content/hindu-festivals/navratri/modern-navratri-diaspora-sustainability/footer.fragment
hindu-festivals/navratri/modern-navratri-diaspora-sustainability/managing-fasting-and-garba-with-a-busy-corporate-schedule.html,hindu-festivals/navratri/modern-navratri-diaspora-sustainability/managing-fasting-and-garba-with-a-busy-corporate-schedule.html,no,merged,/Users/prashantdhingra/e/a3_output/makarsankranti.net/output/content/hindu-festivals/navratri/modern-navratri-diaspora-sustainability/footer.fragment
hindu-festivals/navratri/modern-navratri-diaspora-sustainability/repurposing-vrat-ingredients-and-leftover-puja-items.html,hindu-festivals/navratri/modern-navratri-diaspora-sustainability/repurposing-vrat-ingredients-and-leftover-puja-items.html,no,merged,/Users/prashantdhingra/e/a3_output/makarsankranti.net/output/content/hindu-festivals/navratri/modern-navratri-diaspora-sustainability/footer.fragment
hindu-festivals/navratri/modern-navratri-diaspora-sustainability/navratri-photography-guide-capturing-motion-and-low-light.html,hindu-festivals/navratri/modern-navratri-diaspora-sustainability/navratri-photography-guide-capturing-motion-and-low-light.html,no,merged,/Users/prashantdhingra/e/a3_output/makarsankranti.net/output/content/hindu-festivals/navratri/modern-navratri-diaspora-sustainability/footer.fragment
hindu-festivals/navratri/modern-navratri-diaspora-sustainability/creating-the-ultimate-navratri-spotify-playlist.html,hindu-festivals/navratri/modern-navratri-diaspora-sustainability/creating-the-ultimate-navratri-spotify-playlist.html,no,merged,/Users/prashantdhingra/e/a3_output/makarsankranti.net/output/content/hindu-festivals/navratri/modern-navratri-diaspora-sustainability/footer.fragment
hindu-festivals/guru-purnima/guru-purnima-meaning-history-traditions-and-how-to-observe-it.html,hindu-festivals/guru-purnima/guru-purnima-meaning-history-traditions-and-how-to-observe-it.html,no,merged,/Users/prashantdhingra/e/a3_output/makarsankranti.net/output/content/hindu-festivals/guru-purnima/footer.fragment
hindu-festivals/guru-purnima/guru-purnima-messages-quotes-and-gratitude-ideas-for-teachers-and-mentors.html,hindu-festivals/guru-purnima/guru-purnima-messages-quotes-and-gratitude-ideas-for-teachers-and-mentors.html,no,merged,/Users/prashantdhingra/e/a3_output/makarsankranti.net/output/content/hindu-festivals/guru-purnima/footer.fragment
hindu-festivals/holi/holi-festival-meaning-story-holika-dahan-and-how-holi-is-celebrated.html,hindu-festivals/holi/holi-festival-meaning-story-holika-dahan-and-how-holi-is-celebrated.html,no,merged,/Users/prashantdhingra/e/a3_output/makarsankranti.net/output/content/hindu-festivals/holi/footer.fragment
hindu-festivals/holi/how-to-celebrate-holi-safely-natural-colors-skin-care-children-and-community-etiquette.html,hindu-festivals/holi/how-to-celebrate-holi-safely-natural-colors-skin-care-children-and-community-etiquette.html,no,merged,/Users/prashantdhingra/e/a3_output/makarsankranti.net/output/content/hindu-festivals/holi/footer.fragment
hindu-festivals/fashion/what-to-wear-to-hindu-festivals-a-beginners-guide-to-clothing-footwear-and-temple-etiquette.html,hindu-festivals/fashion/what-to-wear-to-hindu-festivals-a-beginners-guide-to-clothing-footwear-and-temple-etiquette.html,no,merged,/Users/prashantdhingra/e/a3_output/makarsankranti.net/output/content/hindu-festivals/fashion/footer.fragment
hindu-festivals/kartik-purnima/kartik-purnima-deep-daan-at-home-lamps-prayer-safety-and-meaning.html,hindu-festivals/kartik-purnima/kartik-purnima-deep-daan-at-home-lamps-prayer-safety-and-meaning.html,no,merged,/Users/prashantdhingra/e/a3_output/makarsankranti.net/output/content/hindu-festivals/kartik-purnima/footer.fragment
hindu-festivals/kartik-purnima/kartik-purnima-meaning-dev-deepawali-bathing-traditions-and-puja.html,hindu-festivals/kartik-purnima/kartik-purnima-meaning-dev-deepawali-bathing-traditions-and-puja.html,no,merged,/Users/prashantdhingra/e/a3_output/makarsankranti.net/output/content/hindu-festivals/kartik-purnima/footer.fragment
hindu-festivals/raksha-bandhan-and-bhai-dooj/raksha-bandhan-vs-bhai-dooj-how-the-two-sibling-festivals-differ.html,hindu-festivals/raksha-bandhan-and-bhai-dooj/raksha-bandhan-vs-bhai-dooj-how-the-two-sibling-festivals-differ.html,no,merged,/Users/prashantdhingra/e/a3_output/makarsankranti.net/output/content/hindu-festivals/raksha-bandhan-and-bhai-dooj/footer.fragment
hindu-festivals/akshaya-tritiya/akshaya-tritiya-meaning-traditions-gold-buying-and-religious-significance.html,hindu-festivals/akshaya-tritiya/akshaya-tritiya-meaning-traditions-gold-buying-and-religious-significance.html,no,merged,/Users/prashantdhingra/e/a3_output/makarsankranti.net/output/content/hindu-festivals/akshaya-tritiya/footer.fragment
hindu-festivals/akshaya-tritiya/what-to-do-on-akshaya-tritiya-besides-buying-gold-puja-daan-and-meaningful-traditions.html,hindu-festivals/akshaya-tritiya/what-to-do-on-akshaya-tritiya-besides-buying-gold-puja-daan-and-meaningful-traditions.html,no,merged,/Users/prashantdhingra/e/a3_output/makarsankranti.net/output/content/hindu-festivals/akshaya-tritiya/footer.fragment
hindu-festivals/south-indian-festivals/pongal-ugadi-onam-and-vishu-understanding-major-south-indian-festival-traditions.html,hindu-festivals/south-indian-festivals/pongal-ugadi-onam-and-vishu-understanding-major-south-indian-festival-traditions.html,no,merged,/Users/prashantdhingra/e/a3_output/makarsankranti.net/output/content/hindu-festivals/south-indian-festivals/footer.fragment
hindu-festivals/maha-shivratri/how-to-observe-maha-shivratri-at-home-simple-puja-fasting-and-night-vigil.html,hindu-festivals/maha-shivratri/how-to-observe-maha-shivratri-at-home-simple-puja-fasting-and-night-vigil.html,no,merged,/Users/prashantdhingra/e/a3_output/makarsankranti.net/output/content/hindu-festivals/maha-shivratri/footer.fragment
hindu-festivals/maha-shivratri/maha-shivratri-meaning-story-fasting-rules-and-how-it-is-celebrated.html,hindu-festivals/maha-shivratri/maha-shivratri-meaning-story-fasting-rules-and-how-it-is-celebrated.html,no,merged,/Users/prashantdhingra/e/a3_output/makarsankranti.net/output/content/hindu-festivals/maha-shivratri/footer.fragment
hindu-festivals/raksha-bandhan/raksha-bandhan-meaning-rakhi-ritual-history-and-modern-family-traditions.html,hindu-festivals/raksha-bandhan/raksha-bandhan-meaning-rakhi-ritual-history-and-modern-family-traditions.html,no,merged,/Users/prashantdhingra/e/a3_output/makarsankranti.net/output/content/hindu-festivals/raksha-bandhan/footer.fragment
hindu-festivals/raksha-bandhan/raksha-bandhan-wishes-messages-and-rakhi-ideas-for-brothers-sisters-and-cousins.html,hindu-festivals/raksha-bandhan/raksha-bandhan-wishes-messages-and-rakhi-ideas-for-brothers-sisters-and-cousins.html,no,merged,/Users/prashantdhingra/e/a3_output/makarsankranti.net/output/content/hindu-festivals/raksha-bandhan/footer.fragment
hindu-festivals/diwali/index.html,hindu-festivals/diwali/index.html,yes,merged,/Users/prashantdhingra/e/a3_output/makarsankranti.net/output/content/hindu-festivals/diwali/footer.fragment
hindu-festivals/wishes/hindu-festival-wishes-guide-how-to-write-respectful-greetings-for-different-festivals.html,hindu-festivals/wishes/hindu-festival-wishes-guide-how-to-write-respectful-greetings-for-different-festivals.html,no,merged,/Users/prashantdhingra/e/a3_output/makarsankranti.net/output/content/hindu-festivals/wishes/footer.fragment
hindu-festivals/hartalika-teej/hartalika-teej-story-fasting-puja-and-traditions-for-women.html,hindu-festivals/hartalika-teej/hartalika-teej-story-fasting-puja-and-traditions-for-women.html,no,merged,/Users/prashantdhingra/e/a3_output/makarsankranti.net/output/content/hindu-festivals/hartalika-teej/footer.fragment
hindu-festivals/hartalika-teej/hartalika-teej-vrat-guide-puja-items-fasting-tips-and-katha-preparation.html,hindu-festivals/hartalika-teej/hartalika-teej-vrat-guide-puja-items-fasting-tips-and-katha-preparation.html,no,merged,/Users/prashantdhingra/e/a3_output/makarsankranti.net/output/content/hindu-festivals/hartalika-teej/footer.fragment
hindu-festivals/hindu-festival-cooking/traditional-hindu-festival-prasad-guide-20-common-offerings-and-when-they-are-used.html,hindu-festivals/hindu-festival-cooking/traditional-hindu-festival-prasad-guide-20-common-offerings-and-when-they-are-used.html,no,merged,/Users/prashantdhingra/e/a3_output/makarsankranti.net/output/content/hindu-festivals/hindu-festival-cooking/footer.fragment
hindu-festivals/hanuman-jayanti/hanuman-jayanti-puja-at-home-hanuman-chalisa-offerings-and-simple-ritual-guide.html,hindu-festivals/hanuman-jayanti/hanuman-jayanti-puja-at-home-hanuman-chalisa-offerings-and-simple-ritual-guide.html,no,merged,/Users/prashantdhingra/e/a3_output/makarsankranti.net/output/content/hindu-festivals/hanuman-jayanti/footer.fragment
hindu-festivals/hanuman-jayanti/hanuman-jayanti-meaning-puja-chalisa-fasting-and-celebration-traditions.html,hindu-festivals/hanuman-jayanti/hanuman-jayanti-meaning-puja-chalisa-fasting-and-celebration-traditions.html,no,merged,/Users/prashantdhingra/e/a3_output/makarsankranti.net/output/content/hindu-festivals/hanuman-jayanti/footer.fragment
hindu-festivals/food/hindu-festival-foods-across-india-a-regional-guide-to-sweets-prasad-and-seasonal-dishes.html,hindu-festivals/food/hindu-festival-foods-across-india-a-regional-guide-to-sweets-prasad-and-seasonal-dishes.html,no,merged,/Users/prashantdhingra/e/a3_output/makarsankranti.net/output/content/hindu-festivals/food/footer.fragment
hindu-festivals/sustainability/eco-friendly-hindu-festivals-practical-ways-to-reduce-waste-without-losing-tradition.html,hindu-festivals/sustainability/eco-friendly-hindu-festivals-practical-ways-to-reduce-waste-without-losing-tradition.html,no,merged,/Users/prashantdhingra/e/a3_output/makarsankranti.net/output/content/hindu-festivals/sustainability/footer.fragment
hindu-festivals/hindu-festival-calendar/major-hindu-festivals-explained-a-month-by-month-guide-to-the-hindu-festival-calendar.html,hindu-festivals/hindu-festival-calendar/major-hindu-festivals-explained-a-month-by-month-guide-to-the-hindu-festival-calendar.html,no,merged,/Users/prashantdhingra/e/a3_output/makarsankranti.net/output/content/hindu-festivals/hindu-festival-calendar/footer.fragment
hindu-festivals/hindu-festival-calendar/how-hindu-festival-dates-are-calculated-tithi-paksha-purnima-amavasya-and-solar-transits.html,hindu-festivals/hindu-festival-calendar/how-hindu-festival-dates-are-calculated-tithi-paksha-purnima-amavasya-and-solar-transits.html,no,merged,/Users/prashantdhingra/e/a3_output/makarsankranti.net/output/content/hindu-festivals/hindu-festival-calendar/footer.fragment
hindu-festivals/ahoi-ashtami/ahoi-ashtami-meaning-puja-fasting-and-family-traditions.html,hindu-festivals/ahoi-ashtami/ahoi-ashtami-meaning-puja-fasting-and-family-traditions.html,no,merged,/Users/prashantdhingra/e/a3_output/makarsankranti.net/output/content/hindu-festivals/ahoi-ashtami/footer.fragment
hindu-festivals/ahoi-ashtami/ahoi-ashtami-puja-at-home-items-story-timing-and-simple-step-by-step-guide.html,hindu-festivals/ahoi-ashtami/ahoi-ashtami-puja-at-home-items-story-timing-and-simple-step-by-step-guide.html,no,merged,/Users/prashantdhingra/e/a3_output/makarsankranti.net/output/content/hindu-festivals/ahoi-ashtami/footer.fragment
hindu-festivals/etiquette/attending-a-hindu-festival-for-the-first-time-etiquette-temple-customs-and-what-to-expect.html,hindu-festivals/etiquette/attending-a-hindu-festival-for-the-first-time-etiquette-temple-customs-and-what-to-expect.html,no,merged,/Users/prashantdhingra/e/a3_output/makarsankranti.net/output/content/hindu-festivals/etiquette/footer.fragment
hindu-festivals/ganesh-chaturthi-and-sankashti/ganesh-chaturthi-vs-sankashti-chaturthi-what-is-the-difference.html,hindu-festivals/ganesh-chaturthi-and-sankashti/ganesh-chaturthi-vs-sankashti-chaturthi-what-is-the-difference.html,no,merged,/Users/prashantdhingra/e/a3_output/makarsankranti.net/output/content/hindu-festivals/ganesh-chaturthi-and-sankashti/footer.fragment
hindu-festivals/diaspora/celebrating-hindu-festivals-in-the-uk-canada-and-australia-a-diaspora-guide.html,hindu-festivals/diaspora/celebrating-hindu-festivals-in-the-uk-canada-and-australia-a-diaspora-guide.html,no,merged,/Users/prashantdhingra/e/a3_output/makarsankranti.net/output/content/hindu-festivals/diaspora/footer.fragment
hindu-festivals/diaspora/celebrating-hindu-festivals-in-the-usa-temples-community-events-school-and-work-considerations.html,hindu-festivals/diaspora/celebrating-hindu-festivals-in-the-usa-temples-community-events-school-and-work-considerations.html,no,merged,/Users/prashantdhingra/e/a3_output/makarsankranti.net/output/content/hindu-festivals/diaspora/footer.fragment
hindu-festivals/school/hindu-festivals-for-school-projects-25-topics-with-research-questions-and-presentation-ideas.html,hindu-festivals/school/hindu-festivals-for-school-projects-25-topics-with-research-questions-and-presentation-ideas.html,no,merged,/Users/prashantdhingra/e/a3_output/makarsankranti.net/output/content/hindu-festivals/school/footer.fragment
hindu-festivals/kids/30-hindu-festival-activities-for-kids-stories-crafts-food-music-and-geography.html,hindu-festivals/kids/30-hindu-festival-activities-for-kids-stories-crafts-food-music-and-geography.html,no,merged,/Users/prashantdhingra/e/a3_output/makarsankranti.net/output/content/hindu-festivals/kids/footer.fragment
hindu-festivals/holi-and-diwali/holi-vs-diwali-meaning-rituals-food-family-traditions-and-key-differences.html,hindu-festivals/holi-and-diwali/holi-vs-diwali-meaning-rituals-food-family-traditions-and-key-differences.html,no,merged,/Users/prashantdhingra/e/a3_output/makarsankranti.net/output/content/hindu-festivals/holi-and-diwali/footer.fragment
hindu-festivals/tulsi-vivah/tulsi-vivah-meaning-story-puja-and-wedding-style-rituals-at-home.html,hindu-festivals/tulsi-vivah/tulsi-vivah-meaning-story-puja-and-wedding-style-rituals-at-home.html,no,merged,/Users/prashantdhingra/e/a3_output/makarsankranti.net/output/content/hindu-festivals/tulsi-vivah/footer.fragment
hindu-festivals/tulsi-vivah/how-to-perform-tulsi-vivah-at-home-setup-decorations-ritual-flow-and-prasad.html,hindu-festivals/tulsi-vivah/how-to-perform-tulsi-vivah-at-home-setup-decorations-ritual-flow-and-prasad.html,no,merged,/Users/prashantdhingra/e/a3_output/makarsankranti.net/output/content/hindu-festivals/tulsi-vivah/footer.fragment
wishes/kannada.html,wishes/kannada.html,yes,merged,/Users/prashantdhingra/e/a3_output/makarsankranti.net/output/content/wishes/footer.fragment
wishes/telugu.html,wishes/telugu.html,yes,merged,/Users/prashantdhingra/e/a3_output/makarsankranti.net/output/content/wishes/footer.fragment
wishes/punjabi.html,wishes/punjabi.html,yes,merged,/Users/prashantdhingra/e/a3_output/makarsankranti.net/output/content/wishes/footer.fragment
wishes/hindi.html,wishes/hindi.html,yes,merged,/Users/prashantdhingra/e/a3_output/makarsankranti.net/output/content/wishes/footer.fragment
wishes/makarsankranti-wishes-in-gujrati.html,wishes/makarsankranti-wishes-in-gujrati.html,yes,merged,/Users/prashantdhingra/e/a3_output/makarsankranti.net/output/content/wishes/footer.fragment
wishes/makarsankranti-wishes-in-hindi.html,wishes/makarsankranti-wishes-in-hindi.html,yes,merged,/Users/prashantdhingra/e/a3_output/makarsankranti.net/output/content/wishes/footer.fragment
wishes/bihari.html,wishes/bihari.html,yes,merged,/Users/prashantdhingra/e/a3_output/makarsankranti.net/output/content/wishes/footer.fragment
wishes/makarsankranti-play-script.html,wishes/makarsankranti-play-script.html,yes,merged,/Users/prashantdhingra/e/a3_output/makarsankranti.net/output/content/wishes/footer.fragment
wishes/tamil.html,wishes/tamil.html,yes,merged,/Users/prashantdhingra/e/a3_output/makarsankranti.net/output/content/wishes/footer.fragment
wishes/marathi..html,wishes/marathi.html,yes,merged,/Users/prashantdhingra/e/a3_output/makarsankranti.net/output/content/wishes/footer.fragment
wishes/sanskrit.html,wishes/sanskrit.html,yes,merged,/Users/prashantdhingra/e/a3_output/makarsankranti.net/output/content/wishes/footer.fragment
wishes/kashmiri.html,wishes/kashmiri.html,yes,merged,/Users/prashantdhingra/e/a3_output/makarsankranti.net/output/content/wishes/footer.fragment
wishes/makar-sankranti-wishes-english-by-purpose.html,wishes/makar-sankranti-wishes-english-by-purpose.html,yes,merged,/Users/prashantdhingra/e/a3_output/makarsankranti.net/output/content/wishes/footer.fragment
wishes/makarsankranti-wishes-in-bengali.html,wishes/makarsankranti-wishes-in-bengali.html,yes,merged,/Users/prashantdhingra/e/a3_output/makarsankranti.net/output/content/wishes/footer.fragment
wishes/assamese.html,wishes/assamese.html,yes,merged,/Users/prashantdhingra/e/a3_output/makarsankranti.net/output/content/wishes/footer.fragment
wishes/makarsankranti-wishes-in-urdu.html,wishes/makarsankranti-wishes-in-urdu.html,yes,merged,/Users/prashantdhingra/e/a3_output/makarsankranti.net/output/content/wishes/footer.fragment
wishes/makarsankranti-wishes-in-rajasthani.html,wishes/makarsankranti-wishes-in-rajasthani.html,yes,merged,/Users/prashantdhingra/e/a3_output/makarsankranti.net/output/content/wishes/footer.fragment
wishes/bengali.html,wishes/bengali.html,yes,merged,/Users/prashantdhingra/e/a3_output/makarsankranti.net/output/content/wishes/footer.fragment
wishes/bhojpuri.html,wishes/bhojpuri.html,yes,merged,/Users/prashantdhingra/e/a3_output/makarsankranti.net/output/content/wishes/footer.fragment
wishes/sindhi.html,wishes/sindhi.html,yes,merged,/Users/prashantdhingra/e/a3_output/makarsankranti.net/output/content/wishes/footer.fragment
wishes/english.html,wishes/english.html,yes,merged,/Users/prashantdhingra/e/a3_output/makarsankranti.net/output/content/wishes/footer.fragment
wishes/makarsankranti-wishes-marathai.html,wishes/makarsankranti-wishes-marathai.html,yes,merged,/Users/prashantdhingra/e/a3_output/makarsankranti.net/output/content/wishes/footer.fragment
wishes/makarsankranti-wishes-in-garhwali.html,wishes/makarsankranti-wishes-in-garhwali.html,yes,merged,/Users/prashantdhingra/e/a3_output/makarsankranti.net/output/content/wishes/footer.fragment
wishes/urdu.html,wishes/urdu.html,yes,merged,/Users/prashantdhingra/e/a3_output/makarsankranti.net/output/content/wishes/footer.fragment
wishes/makarsankranti-wishes-in-marwari-language.html,wishes/makarsankranti-wishes-in-marwari-language.html,yes,merged,/Users/prashantdhingra/e/a3_output/makarsankranti.net/output/content/wishes/footer.fragment
wishes/malyalam.html,wishes/malyalam.html,yes,merged,/Users/prashantdhingra/e/a3_output/makarsankranti.net/output/content/wishes/footer.fragment
wishes/nepalese.html,wishes/nepalese.html,yes,merged,/Users/prashantdhingra/e/a3_output/makarsankranti.net/output/content/wishes/footer.fragment
wishes/gujarati.html,wishes/gujarati.html,yes,merged,/Users/prashantdhingra/e/a3_output/makarsankranti.net/output/content/wishes/footer.fragment
wishes/makarsankranti-wishes-in-sanskrit-language.html,wishes/makarsankranti-wishes-in-sanskrit-language.html,yes,merged,/Users/prashantdhingra/e/a3_output/makarsankranti.net/output/content/wishes/footer.fragment
gangasagar/gangasagar-festival.html,gangasagar/gangasagar-festival.html,no,merged,/Users/prashantdhingra/e/a3_output/makarsankranti.net/output/content/gangasagar/footer.fragment
gangasagar/ganga-sagar-mela-significance.html,gangasagar/ganga-sagar-mela-significance.html,yes,merged,/Users/prashantdhingra/e/a3_output/makarsankranti.net/output/content/gangasagar/footer.fragment
gangasagar/ganga-sagar-mela.html,gangasagar/ganga-sagar-mela.html,yes,merged,/Users/prashantdhingra/e/a3_output/makarsankranti.net/output/content/gangasagar/footer.fragment
gangasagar/gagasagar-mela-info.html,gangasagar/gagasagar-mela-info.html,yes,merged,/Users/prashantdhingra/e/a3_output/makarsankranti.net/output/content/gangasagar/footer.fragment
gangasagar/gangasagar-mela-tradition.html,gangasagar/gangasagar-mela-tradition.html,yes,merged,/Users/prashantdhingra/e/a3_output/makarsankranti.net/output/content/gangasagar/footer.fragment
cosmic-wisdom/feng-shui-decoded.html,cosmic-wisdom/feng-shui-decoded.html,yes,merged,/Users/prashantdhingra/e/a3_output/makarsankranti.net/output/content/cosmic-wisdom/footer.fragment
cosmic-wisdom/crystals-gemstones.html,cosmic-wisdom/crystals-gemstones.html,yes,merged,/Users/prashantdhingra/e/a3_output/makarsankranti.net/output/content/cosmic-wisdom/footer.fragment
cosmic-wisdom/angel-numbers-decoded.html,cosmic-wisdom/angel-numbers-decoded.html,yes,merged,/Users/prashantdhingra/e/a3_output/makarsankranti.net/output/content/cosmic-wisdom/footer.fragment
cosmic-wisdom/i-ching-decoded.html,cosmic-wisdom/i-ching-decoded.html,yes,merged,/Users/prashantdhingra/e/a3_output/makarsankranti.net/output/content/cosmic-wisdom/footer.fragment
cosmic-wisdom/numerology-decoded.html,cosmic-wisdom/numerology-decoded.html,yes,merged,/Users/prashantdhingra/e/a3_output/makarsankranti.net/output/content/cosmic-wisdom/footer.fragment
cosmic-wisdom/horoscope-concepts.html,cosmic-wisdom/horoscope-concepts.html,yes,merged,/Users/prashantdhingra/e/a3_output/makarsankranti.net/output/content/cosmic-wisdom/footer.fragment
cosmic-wisdom/sun-signs-detailed.html,cosmic-wisdom/sun-signs-detailed.html,yes,merged,/Users/prashantdhingra/e/a3_output/makarsankranti.net/output/content/cosmic-wisdom/footer.fragment
cosmic-wisdom/palmistry-detailed.html,cosmic-wisdom/palmistry-detailed.html,yes,merged,/Users/prashantdhingra/e/a3_output/makarsankranti.net/output/content/cosmic-wisdom/footer.fragment
cosmic-wisdom/aura-colors-decoded.html,cosmic-wisdom/aura-colors-decoded.html,yes,merged,/Users/prashantdhingra/e/a3_output/makarsankranti.net/output/content/cosmic-wisdom/footer.fragment
cosmic-wisdom/elder-futhark-runes.html,cosmic-wisdom/elder-futhark-runes.html,yes,merged,/Users/prashantdhingra/e/a3_output/makarsankranti.net/output/content/cosmic-wisdom/footer.fragment
cosmic-wisdom/spirituality-astrology-guides.html,cosmic-wisdom/index.html,yes,merged,/Users/prashantdhingra/e/a3_output/makarsankranti.net/output/content/cosmic-wisdom/footer.fragment
cosmic-wisdom/tarot-major-arcana.html,cosmic-wisdom/tarot-major-arcana.html,yes,merged,/Users/prashantdhingra/e/a3_output/makarsankranti.net/output/content/cosmic-wisdom/footer.fragment
cosmic-wisdom/vastu-shastra-decoded.html,cosmic-wisdom/vastu-shastra-decoded.html,yes,merged,/Users/prashantdhingra/e/a3_output/makarsankranti.net/output/content/cosmic-wisdom/footer.fragment
bihu-festival/bihu-festival-main.html,bihu-festival/bihu-festival-main.html,no,merged,/Users/prashantdhingra/e/a3_output/makarsankranti.net/output/content/bihu-festival/footer.fragment
bihu-festival/bihu-info.html,bihu-festival/bihu-info.html,yes,merged,/Users/prashantdhingra/e/a3_output/makarsankranti.net/output/content/bihu-festival/footer.fragment
bihu-festival/bihu-assam.html,bihu-festival/bihu-assam.html,yes,merged,/Users/prashantdhingra/e/a3_output/makarsankranti.net/output/content/bihu-festival/footer.fragment
bihu-festival/bihu-assam-info.html,bihu-festival/bihu-assam-info.html,yes,merged,/Users/prashantdhingra/e/a3_output/makarsankranti.net/output/content/bihu-festival/footer.fragment
bihu-festival/bihu-theme.html,bihu-festival/bihu-theme.html,yes,merged,/Users/prashantdhingra/e/a3_output/makarsankranti.net/output/content/bihu-festival/footer.fragment
bihu-festival/bihu.html,bihu-festival/bihu.html,yes,merged,/Users/prashantdhingra/e/a3_output/makarsankranti.net/output/content/bihu-festival/footer.fragment
hindu-mythology/ramayana/index.html,hindu-mythology/ramayana/index.html,no,merged,/Users/prashantdhingra/e/a3_output/makarsankranti.net/output/content/hindu-mythology/ramayana/footer.fragment
hindu-mythology/ramayana/symbols-metaphors-spiritual-interpretation/index.html,hindu-mythology/ramayana/symbols-metaphors-spiritual-interpretation/index.html,no,merged,/Users/prashantdhingra/e/a3_output/makarsankranti.net/output/content/hindu-mythology/ramayana/symbols-metaphors-spiritual-interpretation/footer.fragment
hindu-mythology/ramayana/symbols-metaphors-spiritual-interpretation/the-lakshmana-rekha-boundaries-and-protection.html,hindu-mythology/ramayana/symbols-metaphors-spiritual-interpretation/the-lakshmana-rekha-boundaries-and-protection.html,no,merged,/Users/prashantdhingra/e/a3_output/makarsankranti.net/output/content/hindu-mythology/ramayana/symbols-metaphors-spiritual-interpretation/footer.fragment
hindu-mythology/ramayana/symbols-metaphors-spiritual-interpretation/ayodhya-and-lanka-a-tale-of-two-cities.html,hindu-mythology/ramayana/symbols-metaphors-spiritual-interpretation/ayodhya-and-lanka-a-tale-of-two-cities.html,no,merged,/Users/prashantdhingra/e/a3_output/makarsankranti.net/output/content/hindu-mythology/ramayana/symbols-metaphors-spiritual-interpretation/footer.fragment
hindu-mythology/ramayana/symbols-metaphors-spiritual-interpretation/the-forest-as-a-crucible-of-transformation.html,hindu-mythology/ramayana/symbols-metaphors-spiritual-interpretation/the-forest-as-a-crucible-of-transformation.html,no,merged,/Users/prashantdhingra/e/a3_output/makarsankranti.net/output/content/hindu-mythology/ramayana/symbols-metaphors-spiritual-interpretation/footer.fragment
hindu-mythology/ramayana/symbols-metaphors-spiritual-interpretation/the-golden-deer-the-allure-of-maya-illusion.html,hindu-mythology/ramayana/symbols-metaphors-spiritual-interpretation/the-golden-deer-the-allure-of-maya-illusion.html,no,merged,/Users/prashantdhingra/e/a3_output/makarsankranti.net/output/content/hindu-mythology/ramayana/symbols-metaphors-spiritual-interpretation/footer.fragment
hindu-mythology/ramayana/symbols-metaphors-spiritual-interpretation/the-agni-pariksha-fire-as-a-metaphor-for-truth.html,hindu-mythology/ramayana/symbols-metaphors-spiritual-interpretation/the-agni-pariksha-fire-as-a-metaphor-for-truth.html,no,merged,/Users/prashantdhingra/e/a3_output/makarsankranti.net/output/content/hindu-mythology/ramayana/symbols-metaphors-spiritual-interpretation/footer.fragment
hindu-mythology/ramayana/symbols-metaphors-spiritual-interpretation/symbolism-what-do-the-10-heads-of-ravana-mean.html,hindu-mythology/ramayana/symbols-metaphors-spiritual-interpretation/symbolism-what-do-the-10-heads-of-ravana-mean.html,no,merged,/Users/prashantdhingra/e/a3_output/makarsankranti.net/output/content/hindu-mythology/ramayana/symbols-metaphors-spiritual-interpretation/footer.fragment
hindu-mythology/ramayana/symbols-metaphors-spiritual-interpretation/crossing-the-ocean-the-leap-of-faith.html,hindu-mythology/ramayana/symbols-metaphors-spiritual-interpretation/crossing-the-ocean-the-leap-of-faith.html,no,merged,/Users/prashantdhingra/e/a3_output/makarsankranti.net/output/content/hindu-mythology/ramayana/symbols-metaphors-spiritual-interpretation/footer.fragment
hindu-mythology/ramayana/symbols-metaphors-spiritual-interpretation/the-symbolism-of-shivas-bow-pinaka.html,hindu-mythology/ramayana/symbols-metaphors-spiritual-interpretation/the-symbolism-of-shivas-bow-pinaka.html,no,merged,/Users/prashantdhingra/e/a3_output/makarsankranti.net/output/content/hindu-mythology/ramayana/symbols-metaphors-spiritual-interpretation/footer.fragment
hindu-mythology/ramayana/symbols-metaphors-spiritual-interpretation/sitas-birth-from-the-earth-and-return.html,hindu-mythology/ramayana/symbols-metaphors-spiritual-interpretation/sitas-birth-from-the-earth-and-return.html,no,merged,/Users/prashantdhingra/e/a3_output/makarsankranti.net/output/content/hindu-mythology/ramayana/symbols-metaphors-spiritual-interpretation/footer.fragment
hindu-mythology/ramayana/symbols-metaphors-spiritual-interpretation/sanjeevani-booti-the-herb-of-spiritual-awakening.html,hindu-mythology/ramayana/symbols-metaphors-spiritual-interpretation/sanjeevani-booti-the-herb-of-spiritual-awakening.html,no,merged,/Users/prashantdhingra/e/a3_output/makarsankranti.net/output/content/hindu-mythology/ramayana/symbols-metaphors-spiritual-interpretation/footer.fragment
hindu-mythology/ramayana/modern-retellings-contemporary-interpretation/index.html,hindu-mythology/ramayana/modern-retellings-contemporary-interpretation/index.html,no,merged,/Users/prashantdhingra/e/a3_output/makarsankranti.net/output/content/hindu-mythology/ramayana/modern-retellings-contemporary-interpretation/footer.fragment
hindu-mythology/ramayana/modern-retellings-contemporary-interpretation/management-and-leadership-lessons-from-lord-rama.html,hindu-mythology/ramayana/modern-retellings-contemporary-interpretation/management-and-leadership-lessons-from-lord-rama.html,no,merged,/Users/prashantdhingra/e/a3_output/makarsankranti.net/output/content/hindu-mythology/ramayana/modern-retellings-contemporary-interpretation/footer.fragment
hindu-mythology/ramayana/modern-retellings-contemporary-interpretation/ecological-themes-in-the-aranya-kanda.html,hindu-mythology/ramayana/modern-retellings-contemporary-interpretation/ecological-themes-in-the-aranya-kanda.html,no,merged,/Users/prashantdhingra/e/a3_output/makarsankranti.net/output/content/hindu-mythology/ramayana/modern-retellings-contemporary-interpretation/footer.fragment
hindu-mythology/ramayana/modern-retellings-contemporary-interpretation/the-ramayana-on-television-ramanand-sagars-impact.html,hindu-mythology/ramayana/modern-retellings-contemporary-interpretation/the-ramayana-on-television-ramanand-sagars-impact.html,no,merged,/Users/prashantdhingra/e/a3_output/makarsankranti.net/output/content/hindu-mythology/ramayana/modern-retellings-contemporary-interpretation/footer.fragment
hindu-mythology/ramayana/modern-retellings-contemporary-interpretation/modern-retellings-feminist-perspectives-of-the-epic.html,hindu-mythology/ramayana/modern-retellings-contemporary-interpretation/modern-retellings-feminist-perspectives-of-the-epic.html,no,merged,/Users/prashantdhingra/e/a3_output/makarsankranti.net/output/content/hindu-mythology/ramayana/modern-retellings-contemporary-interpretation/footer.fragment
hindu-mythology/ramayana/modern-retellings-contemporary-interpretation/psychological-interpretations-of-the-epic.html,hindu-mythology/ramayana/modern-retellings-contemporary-interpretation/psychological-interpretations-of-the-epic.html,no,merged,/Users/prashantdhingra/e/a3_output/makarsankranti.net/output/content/hindu-mythology/ramayana/modern-retellings-contemporary-interpretation/footer.fragment
hindu-mythology/ramayana/modern-retellings-contemporary-interpretation/the-ramayana-in-graphic-novels-and-animation.html,hindu-mythology/ramayana/modern-retellings-contemporary-interpretation/the-ramayana-in-graphic-novels-and-animation.html,no,merged,/Users/prashantdhingra/e/a3_output/makarsankranti.net/output/content/hindu-mythology/ramayana/modern-retellings-contemporary-interpretation/footer.fragment
hindu-mythology/ramayana/modern-retellings-contemporary-interpretation/the-influence-of-ramayana-on-modern-politics.html,hindu-mythology/ramayana/modern-retellings-contemporary-interpretation/the-influence-of-ramayana-on-modern-politics.html,no,merged,/Users/prashantdhingra/e/a3_output/makarsankranti.net/output/content/hindu-mythology/ramayana/modern-retellings-contemporary-interpretation/footer.fragment
hindu-mythology/ramayana/modern-retellings-contemporary-interpretation/why-the-ramayana-will-never-die.html,hindu-mythology/ramayana/modern-retellings-contemporary-interpretation/why-the-ramayana-will-never-die.html,no,merged,/Users/prashantdhingra/e/a3_output/makarsankranti.net/output/content/hindu-mythology/ramayana/modern-retellings-contemporary-interpretation/footer.fragment
hindu-mythology/ramayana/modern-retellings-contemporary-interpretation/the-global-footprint-ramayana-in-the-west.html,hindu-mythology/ramayana/modern-retellings-contemporary-interpretation/the-global-footprint-ramayana-in-the-west.html,no,merged,/Users/prashantdhingra/e/a3_output/makarsankranti.net/output/content/hindu-mythology/ramayana/modern-retellings-contemporary-interpretation/footer.fragment
hindu-mythology/ramayana/modern-retellings-contemporary-interpretation/mythological-fiction-amish-tripathi-and-ashok-banker.html,hindu-mythology/ramayana/modern-retellings-contemporary-interpretation/mythological-fiction-amish-tripathi-and-ashok-banker.html,no,merged,/Users/prashantdhingra/e/a3_output/makarsankranti.net/output/content/hindu-mythology/ramayana/modern-retellings-contemporary-interpretation/footer.fragment
hindu-mythology/ramayana/ayodhya-kanda-coronation-exile-bharata/mantharas-poison-sowing-the-seeds-of-jealousy.html,hindu-mythology/ramayana/ayodhya-kanda-coronation-exile-bharata/mantharas-poison-sowing-the-seeds-of-jealousy.html,no,merged,/Users/prashantdhingra/e/a3_output/makarsankranti.net/output/content/hindu-mythology/ramayana/ayodhya-kanda-coronation-exile-bharata/footer.fragment
hindu-mythology/ramayana/ayodhya-kanda-coronation-exile-bharata/sita-and-lakshmanas-devotion.html,hindu-mythology/ramayana/ayodhya-kanda-coronation-exile-bharata/sita-and-lakshmanas-devotion.html,no,merged,/Users/prashantdhingra/e/a3_output/makarsankranti.net/output/content/hindu-mythology/ramayana/ayodhya-kanda-coronation-exile-bharata/footer.fragment
hindu-mythology/ramayana/ayodhya-kanda-coronation-exile-bharata/the-ayodhya-kanda-the-coronation-interrupted.html,hindu-mythology/ramayana/ayodhya-kanda-coronation-exile-bharata/the-ayodhya-kanda-the-coronation-interrupted.html,no,merged,/Users/prashantdhingra/e/a3_output/makarsankranti.net/output/content/hindu-mythology/ramayana/ayodhya-kanda-coronation-exile-bharata/footer.fragment
hindu-mythology/ramayana/ayodhya-kanda-coronation-exile-bharata/index.html,hindu-mythology/ramayana/ayodhya-kanda-coronation-exile-bharata/index.html,no,merged,/Users/prashantdhingra/e/a3_output/makarsankranti.net/output/content/hindu-mythology/ramayana/ayodhya-kanda-coronation-exile-bharata/footer.fragment
hindu-mythology/ramayana/ayodhya-kanda-coronation-exile-bharata/kaikeyis-two-boons-the-turning-point-of-the-epic.html,hindu-mythology/ramayana/ayodhya-kanda-coronation-exile-bharata/kaikeyis-two-boons-the-turning-point-of-the-epic.html,no,merged,/Users/prashantdhingra/e/a3_output/makarsankranti.net/output/content/hindu-mythology/ramayana/ayodhya-kanda-coronation-exile-bharata/footer.fragment
hindu-mythology/ramayana/ayodhya-kanda-coronation-exile-bharata/the-meeting-at-chitrakoot-and-the-sacred-sandals.html,hindu-mythology/ramayana/ayodhya-kanda-coronation-exile-bharata/the-meeting-at-chitrakoot-and-the-sacred-sandals.html,no,merged,/Users/prashantdhingra/e/a3_output/makarsankranti.net/output/content/hindu-mythology/ramayana/ayodhya-kanda-coronation-exile-bharata/footer.fragment
hindu-mythology/ramayana/ayodhya-kanda-coronation-exile-bharata/ramas-unwavering-dharma-accepting-the-exile.html,hindu-mythology/ramayana/ayodhya-kanda-coronation-exile-bharata/ramas-unwavering-dharma-accepting-the-exile.html,no,merged,/Users/prashantdhingra/e/a3_output/makarsankranti.net/output/content/hindu-mythology/ramayana/ayodhya-kanda-coronation-exile-bharata/footer.fragment
hindu-mythology/ramayana/ayodhya-kanda-coronation-exile-bharata/the-departure-from-ayodhya.html,hindu-mythology/ramayana/ayodhya-kanda-coronation-exile-bharata/the-departure-from-ayodhya.html,no,merged,/Users/prashantdhingra/e/a3_output/makarsankranti.net/output/content/hindu-mythology/ramayana/ayodhya-kanda-coronation-exile-bharata/footer.fragment
hindu-mythology/ramayana/ayodhya-kanda-coronation-exile-bharata/meeting-guha-the-boatman.html,hindu-mythology/ramayana/ayodhya-kanda-coronation-exile-bharata/meeting-guha-the-boatman.html,no,merged,/Users/prashantdhingra/e/a3_output/makarsankranti.net/output/content/hindu-mythology/ramayana/ayodhya-kanda-coronation-exile-bharata/footer.fragment
hindu-mythology/ramayana/ayodhya-kanda-coronation-exile-bharata/the-tragic-death-of-king-dasharatha.html,hindu-mythology/ramayana/ayodhya-kanda-coronation-exile-bharata/the-tragic-death-of-king-dasharatha.html,no,merged,/Users/prashantdhingra/e/a3_output/makarsankranti.net/output/content/hindu-mythology/ramayana/ayodhya-kanda-coronation-exile-bharata/footer.fragment
hindu-mythology/ramayana/ayodhya-kanda-coronation-exile-bharata/bharatas-return-and-righteous-anger.html,hindu-mythology/ramayana/ayodhya-kanda-coronation-exile-bharata/bharatas-return-and-righteous-anger.html,no,merged,/Users/prashantdhingra/e/a3_output/makarsankranti.net/output/content/hindu-mythology/ramayana/ayodhya-kanda-coronation-exile-bharata/footer.fragment
hindu-mythology/ramayana/aranya-kanda-forest-life-sita-abduction/index.html,hindu-mythology/ramayana/aranya-kanda-forest-life-sita-abduction/index.html,no,merged,/Users/prashantdhingra/e/a3_output/makarsankranti.net/output/content/hindu-mythology/ramayana/aranya-kanda-forest-life-sita-abduction/footer.fragment
hindu-mythology/ramayana/aranya-kanda-forest-life-sita-abduction/the-search-begins-curses-and-devotion.html,hindu-mythology/ramayana/aranya-kanda-forest-life-sita-abduction/the-search-begins-curses-and-devotion.html,no,merged,/Users/prashantdhingra/e/a3_output/makarsankranti.net/output/content/hindu-mythology/ramayana/aranya-kanda-forest-life-sita-abduction/footer.fragment
hindu-mythology/ramayana/aranya-kanda-forest-life-sita-abduction/the-battle-with-khara-and-dushana.html,hindu-mythology/ramayana/aranya-kanda-forest-life-sita-abduction/the-battle-with-khara-and-dushana.html,no,merged,/Users/prashantdhingra/e/a3_output/makarsankranti.net/output/content/hindu-mythology/ramayana/aranya-kanda-forest-life-sita-abduction/footer.fragment
hindu-mythology/ramayana/aranya-kanda-forest-life-sita-abduction/the-aranya-kanda-entering-the-dandaka-forest.html,hindu-mythology/ramayana/aranya-kanda-forest-life-sita-abduction/the-aranya-kanda-entering-the-dandaka-forest.html,no,merged,/Users/prashantdhingra/e/a3_output/makarsankranti.net/output/content/hindu-mythology/ramayana/aranya-kanda-forest-life-sita-abduction/footer.fragment
hindu-mythology/ramayana/aranya-kanda-forest-life-sita-abduction/sage-agastya-and-the-divine-weapons.html,hindu-mythology/ramayana/aranya-kanda-forest-life-sita-abduction/sage-agastya-and-the-divine-weapons.html,no,merged,/Users/prashantdhingra/e/a3_output/makarsankranti.net/output/content/hindu-mythology/ramayana/aranya-kanda-forest-life-sita-abduction/footer.fragment
hindu-mythology/ramayana/aranya-kanda-forest-life-sita-abduction/the-slaying-of-the-demon-viradha.html,hindu-mythology/ramayana/aranya-kanda-forest-life-sita-abduction/the-slaying-of-the-demon-viradha.html,no,merged,/Users/prashantdhingra/e/a3_output/makarsankranti.net/output/content/hindu-mythology/ramayana/aranya-kanda-forest-life-sita-abduction/footer.fragment
hindu-mythology/ramayana/aranya-kanda-forest-life-sita-abduction/the-sacrifice-of-jatayu.html,hindu-mythology/ramayana/aranya-kanda-forest-life-sita-abduction/the-sacrifice-of-jatayu.html,no,merged,/Users/prashantdhingra/e/a3_output/makarsankranti.net/output/content/hindu-mythology/ramayana/aranya-kanda-forest-life-sita-abduction/footer.fragment
hindu-mythology/ramayana/aranya-kanda-forest-life-sita-abduction/ravanas-plot-and-the-golden-deer-maricha.html,hindu-mythology/ramayana/aranya-kanda-forest-life-sita-abduction/ravanas-plot-and-the-golden-deer-maricha.html,no,merged,/Users/prashantdhingra/e/a3_output/makarsankranti.net/output/content/hindu-mythology/ramayana/aranya-kanda-forest-life-sita-abduction/footer.fragment
hindu-mythology/ramayana/aranya-kanda-forest-life-sita-abduction/the-arrival-of-surpanakha.html,hindu-mythology/ramayana/aranya-kanda-forest-life-sita-abduction/the-arrival-of-surpanakha.html,no,merged,/Users/prashantdhingra/e/a3_output/makarsankranti.net/output/content/hindu-mythology/ramayana/aranya-kanda-forest-life-sita-abduction/footer.fragment
hindu-mythology/ramayana/aranya-kanda-forest-life-sita-abduction/settling-in-panchavati-and-meeting-jatayu.html,hindu-mythology/ramayana/aranya-kanda-forest-life-sita-abduction/settling-in-panchavati-and-meeting-jatayu.html,no,merged,/Users/prashantdhingra/e/a3_output/makarsankranti.net/output/content/hindu-mythology/ramayana/aranya-kanda-forest-life-sita-abduction/footer.fragment
hindu-mythology/ramayana/aranya-kanda-forest-life-sita-abduction/the-abduction-of-sita.html,hindu-mythology/ramayana/aranya-kanda-forest-life-sita-abduction/the-abduction-of-sita.html,no,merged,/Users/prashantdhingra/e/a3_output/makarsankranti.net/output/content/hindu-mythology/ramayana/aranya-kanda-forest-life-sita-abduction/footer.fragment
hindu-mythology/ramayana/indian-regional-ramayanas/regional-ramayanas-kambans-ramavataram.html,hindu-mythology/ramayana/indian-regional-ramayanas/regional-ramayanas-kambans-ramavataram.html,no,merged,/Users/prashantdhingra/e/a3_output/makarsankranti.net/output/content/hindu-mythology/ramayana/indian-regional-ramayanas/footer.fragment
hindu-mythology/ramayana/indian-regional-ramayanas/index.html,hindu-mythology/ramayana/indian-regional-ramayanas/index.html,no,merged,/Users/prashantdhingra/e/a3_output/makarsankranti.net/output/content/hindu-mythology/ramayana/indian-regional-ramayanas/footer.fragment
hindu-mythology/ramayana/indian-regional-ramayanas/regional-ramayanas-krittivasi-ramayan.html,hindu-mythology/ramayana/indian-regional-ramayanas/regional-ramayanas-krittivasi-ramayan.html,no,merged,/Users/prashantdhingra/e/a3_output/makarsankranti.net/output/content/hindu-mythology/ramayana/indian-regional-ramayanas/footer.fragment
hindu-mythology/ramayana/indian-regional-ramayanas/the-adhyatma-ramayana-a-spiritual-lens.html,hindu-mythology/ramayana/indian-regional-ramayanas/the-adhyatma-ramayana-a-spiritual-lens.html,no,merged,/Users/prashantdhingra/e/a3_output/makarsankranti.net/output/content/hindu-mythology/ramayana/indian-regional-ramayanas/footer.fragment
hindu-mythology/ramayana/indian-regional-ramayanas/regional-ramayanas-tulsidass-ramcharitmanas.html,hindu-mythology/ramayana/indian-regional-ramayanas/regional-ramayanas-tulsidass-ramcharitmanas.html,no,merged,/Users/prashantdhingra/e/a3_output/makarsankranti.net/output/content/hindu-mythology/ramayana/indian-regional-ramayanas/footer.fragment
hindu-mythology/ramayana/indian-regional-ramayanas/bhil-ramayana-an-indigenous-retelling.html,hindu-mythology/ramayana/indian-regional-ramayanas/bhil-ramayana-an-indigenous-retelling.html,no,merged,/Users/prashantdhingra/e/a3_output/makarsankranti.net/output/content/hindu-mythology/ramayana/indian-regional-ramayanas/footer.fragment
hindu-mythology/ramayana/indian-regional-ramayanas/sikh-perspectives-on-the-ramayana.html,hindu-mythology/ramayana/indian-regional-ramayanas/sikh-perspectives-on-the-ramayana.html,no,merged,/Users/prashantdhingra/e/a3_output/makarsankranti.net/output/content/hindu-mythology/ramayana/indian-regional-ramayanas/footer.fragment
hindu-mythology/ramayana/indian-regional-ramayanas/kashmiri-ramayana-ramavatara-charita.html,hindu-mythology/ramayana/indian-regional-ramayanas/kashmiri-ramayana-ramavatara-charita.html,no,merged,/Users/prashantdhingra/e/a3_output/makarsankranti.net/output/content/hindu-mythology/ramayana/indian-regional-ramayanas/footer.fragment
hindu-mythology/ramayana/indian-regional-ramayanas/the-mappila-ramayana-of-kerala.html,hindu-mythology/ramayana/indian-regional-ramayanas/the-mappila-ramayana-of-kerala.html,no,merged,/Users/prashantdhingra/e/a3_output/makarsankranti.net/output/content/hindu-mythology/ramayana/indian-regional-ramayanas/footer.fragment
hindu-mythology/ramayana/indian-regional-ramayanas/the-ramayana-in-northeast-india.html,hindu-mythology/ramayana/indian-regional-ramayanas/the-ramayana-in-northeast-india.html,no,merged,/Users/prashantdhingra/e/a3_output/makarsankranti.net/output/content/hindu-mythology/ramayana/indian-regional-ramayanas/footer.fragment
hindu-mythology/ramayana/indian-regional-ramayanas/jain-ramayanas-paumachariu.html,hindu-mythology/ramayana/indian-regional-ramayanas/jain-ramayanas-paumachariu.html,no,merged,/Users/prashantdhingra/e/a3_output/makarsankranti.net/output/content/hindu-mythology/ramayana/indian-regional-ramayanas/footer.fragment
hindu-mythology/ramayana/sundara-kanda-hanuman-lanka/ravanas-ultimatum-and-trijatas-dream.html,hindu-mythology/ramayana/sundara-kanda-hanuman-lanka/ravanas-ultimatum-and-trijatas-dream.html,no,merged,/Users/prashantdhingra/e/a3_output/makarsankranti.net/output/content/hindu-mythology/ramayana/sundara-kanda-hanuman-lanka/footer.fragment
hindu-mythology/ramayana/sundara-kanda-hanuman-lanka/infiltrating-the-golden-city-of-lanka.html,hindu-mythology/ramayana/sundara-kanda-hanuman-lanka/infiltrating-the-golden-city-of-lanka.html,no,merged,/Users/prashantdhingra/e/a3_output/makarsankranti.net/output/content/hindu-mythology/ramayana/sundara-kanda-hanuman-lanka/footer.fragment
hindu-mythology/ramayana/sundara-kanda-hanuman-lanka/index.html,hindu-mythology/ramayana/sundara-kanda-hanuman-lanka/index.html,no,merged,/Users/prashantdhingra/e/a3_output/makarsankranti.net/output/content/hindu-mythology/ramayana/sundara-kanda-hanuman-lanka/footer.fragment
hindu-mythology/ramayana/sundara-kanda-hanuman-lanka/the-search-through-ravanas-palace.html,hindu-mythology/ramayana/sundara-kanda-hanuman-lanka/the-search-through-ravanas-palace.html,no,merged,/Users/prashantdhingra/e/a3_output/makarsankranti.net/output/content/hindu-mythology/ramayana/sundara-kanda-hanuman-lanka/footer.fragment
hindu-mythology/ramayana/sundara-kanda-hanuman-lanka/destroying-the-grove-and-killing-akshayakumara.html,hindu-mythology/ramayana/sundara-kanda-hanuman-lanka/destroying-the-grove-and-killing-akshayakumara.html,no,merged,/Users/prashantdhingra/e/a3_output/makarsankranti.net/output/content/hindu-mythology/ramayana/sundara-kanda-hanuman-lanka/footer.fragment
hindu-mythology/ramayana/sundara-kanda-hanuman-lanka/captured-by-indrajit-the-burning-tail.html,hindu-mythology/ramayana/sundara-kanda-hanuman-lanka/captured-by-indrajit-the-burning-tail.html,no,merged,/Users/prashantdhingra/e/a3_output/makarsankranti.net/output/content/hindu-mythology/ramayana/sundara-kanda-hanuman-lanka/footer.fragment
hindu-mythology/ramayana/sundara-kanda-hanuman-lanka/overcoming-the-oceans-obstacles.html,hindu-mythology/ramayana/sundara-kanda-hanuman-lanka/overcoming-the-oceans-obstacles.html,no,merged,/Users/prashantdhingra/e/a3_output/makarsankranti.net/output/content/hindu-mythology/ramayana/sundara-kanda-hanuman-lanka/footer.fragment
hindu-mythology/ramayana/sundara-kanda-hanuman-lanka/hanuman-meets-sita-delivering-the-signet-ring.html,hindu-mythology/ramayana/sundara-kanda-hanuman-lanka/hanuman-meets-sita-delivering-the-signet-ring.html,no,merged,/Users/prashantdhingra/e/a3_output/makarsankranti.net/output/content/hindu-mythology/ramayana/sundara-kanda-hanuman-lanka/footer.fragment
hindu-mythology/ramayana/sundara-kanda-hanuman-lanka/the-sundara-kanda-the-great-leap-across-the-ocean.html,hindu-mythology/ramayana/sundara-kanda-hanuman-lanka/the-sundara-kanda-the-great-leap-across-the-ocean.html,no,merged,/Users/prashantdhingra/e/a3_output/makarsankranti.net/output/content/hindu-mythology/ramayana/sundara-kanda-hanuman-lanka/footer.fragment
hindu-mythology/ramayana/sundara-kanda-hanuman-lanka/the-burning-of-lanka-and-the-joyous-return.html,hindu-mythology/ramayana/sundara-kanda-hanuman-lanka/the-burning-of-lanka-and-the-joyous-return.html,no,merged,/Users/prashantdhingra/e/a3_output/makarsankranti.net/output/content/hindu-mythology/ramayana/sundara-kanda-hanuman-lanka/footer.fragment
hindu-mythology/ramayana/sundara-kanda-hanuman-lanka/discovering-sita-in-the-ashoka-vatika.html,hindu-mythology/ramayana/sundara-kanda-hanuman-lanka/discovering-sita-in-the-ashoka-vatika.html,no,merged,/Users/prashantdhingra/e/a3_output/makarsankranti.net/output/content/hindu-mythology/ramayana/sundara-kanda-hanuman-lanka/footer.fragment
hindu-mythology/ramayana/yuddha-kanda-bridge-lanka-early-war/index.html,hindu-mythology/ramayana/yuddha-kanda-bridge-lanka-early-war/index.html,no,merged,/Users/prashantdhingra/e/a3_output/makarsankranti.net/output/content/hindu-mythology/ramayana/yuddha-kanda-bridge-lanka-early-war/footer.fragment
hindu-mythology/ramayana/yuddha-kanda-bridge-lanka-early-war/the-first-day-of-the-great-war.html,hindu-mythology/ramayana/yuddha-kanda-bridge-lanka-early-war/the-first-day-of-the-great-war.html,no,merged,/Users/prashantdhingra/e/a3_output/makarsankranti.net/output/content/hindu-mythology/ramayana/yuddha-kanda-bridge-lanka-early-war/footer.fragment
hindu-mythology/ramayana/yuddha-kanda-bridge-lanka-early-war/bound-by-the-nagapasha-serpent-noose.html,hindu-mythology/ramayana/yuddha-kanda-bridge-lanka-early-war/bound-by-the-nagapasha-serpent-noose.html,no,merged,/Users/prashantdhingra/e/a3_output/makarsankranti.net/output/content/hindu-mythology/ramayana/yuddha-kanda-bridge-lanka-early-war/footer.fragment
hindu-mythology/ramayana/yuddha-kanda-bridge-lanka-early-war/vibhishanas-defection-and-surrender.html,hindu-mythology/ramayana/yuddha-kanda-bridge-lanka-early-war/vibhishanas-defection-and-surrender.html,no,merged,/Users/prashantdhingra/e/a3_output/makarsankranti.net/output/content/hindu-mythology/ramayana/yuddha-kanda-bridge-lanka-early-war/footer.fragment
hindu-mythology/ramayana/yuddha-kanda-bridge-lanka-early-war/ramas-anger-at-the-ocean-god.html,hindu-mythology/ramayana/yuddha-kanda-bridge-lanka-early-war/ramas-anger-at-the-ocean-god.html,no,merged,/Users/prashantdhingra/e/a3_output/makarsankranti.net/output/content/hindu-mythology/ramayana/yuddha-kanda-bridge-lanka-early-war/footer.fragment
hindu-mythology/ramayana/yuddha-kanda-bridge-lanka-early-war/crossing-into-enemy-territory.html,hindu-mythology/ramayana/yuddha-kanda-bridge-lanka-early-war/crossing-into-enemy-territory.html,no,merged,/Users/prashantdhingra/e/a3_output/makarsankranti.net/output/content/hindu-mythology/ramayana/yuddha-kanda-bridge-lanka-early-war/footer.fragment
hindu-mythology/ramayana/yuddha-kanda-bridge-lanka-early-war/angadas-peace-mission.html,hindu-mythology/ramayana/yuddha-kanda-bridge-lanka-early-war/angadas-peace-mission.html,no,merged,/Users/prashantdhingra/e/a3_output/makarsankranti.net/output/content/hindu-mythology/ramayana/yuddha-kanda-bridge-lanka-early-war/footer.fragment
hindu-mythology/ramayana/yuddha-kanda-bridge-lanka-early-war/building-the-ram-setu-the-bridge-of-rama.html,hindu-mythology/ramayana/yuddha-kanda-bridge-lanka-early-war/building-the-ram-setu-the-bridge-of-rama.html,no,merged,/Users/prashantdhingra/e/a3_output/makarsankranti.net/output/content/hindu-mythology/ramayana/yuddha-kanda-bridge-lanka-early-war/footer.fragment
hindu-mythology/ramayana/yuddha-kanda-bridge-lanka-early-war/garudas-rescue.html,hindu-mythology/ramayana/yuddha-kanda-bridge-lanka-early-war/garudas-rescue.html,no,merged,/Users/prashantdhingra/e/a3_output/makarsankranti.net/output/content/hindu-mythology/ramayana/yuddha-kanda-bridge-lanka-early-war/footer.fragment
hindu-mythology/ramayana/yuddha-kanda-bridge-lanka-early-war/the-yuddha-kanda-the-march-to-the-sea.html,hindu-mythology/ramayana/yuddha-kanda-bridge-lanka-early-war/the-yuddha-kanda-the-march-to-the-sea.html,no,merged,/Users/prashantdhingra/e/a3_output/makarsankranti.net/output/content/hindu-mythology/ramayana/yuddha-kanda-bridge-lanka-early-war/footer.fragment
hindu-mythology/ramayana/yuddha-kanda-bridge-lanka-early-war/ravanas-illusions-the-fake-head-of-rama.html,hindu-mythology/ramayana/yuddha-kanda-bridge-lanka-early-war/ravanas-illusions-the-fake-head-of-rama.html,no,merged,/Users/prashantdhingra/e/a3_output/makarsankranti.net/output/content/hindu-mythology/ramayana/yuddha-kanda-bridge-lanka-early-war/footer.fragment
hindu-mythology/ramayana/uttara-kanda-ram-rajya-luv-kush-departure/valmikis-ashram-and-the-birth-of-the-twins.html,hindu-mythology/ramayana/uttara-kanda-ram-rajya-luv-kush-departure/valmikis-ashram-and-the-birth-of-the-twins.html,no,merged,/Users/prashantdhingra/e/a3_output/makarsankranti.net/output/content/hindu-mythology/ramayana/uttara-kanda-ram-rajya-luv-kush-departure/footer.fragment
hindu-mythology/ramayana/uttara-kanda-ram-rajya-luv-kush-departure/the-banishment-of-sita.html,hindu-mythology/ramayana/uttara-kanda-ram-rajya-luv-kush-departure/the-banishment-of-sita.html,no,merged,/Users/prashantdhingra/e/a3_output/makarsankranti.net/output/content/hindu-mythology/ramayana/uttara-kanda-ram-rajya-luv-kush-departure/footer.fragment
hindu-mythology/ramayana/uttara-kanda-ram-rajya-luv-kush-departure/index.html,hindu-mythology/ramayana/uttara-kanda-ram-rajya-luv-kush-departure/index.html,no,merged,/Users/prashantdhingra/e/a3_output/makarsankranti.net/output/content/hindu-mythology/ramayana/uttara-kanda-ram-rajya-luv-kush-departure/footer.fragment
hindu-mythology/ramayana/uttara-kanda-ram-rajya-luv-kush-departure/the-jal-samadhi-the-end-of-the-avatar.html,hindu-mythology/ramayana/uttara-kanda-ram-rajya-luv-kush-departure/the-jal-samadhi-the-end-of-the-avatar.html,no,merged,/Users/prashantdhingra/e/a3_output/makarsankranti.net/output/content/hindu-mythology/ramayana/uttara-kanda-ram-rajya-luv-kush-departure/footer.fragment
hindu-mythology/ramayana/uttara-kanda-ram-rajya-luv-kush-departure/the-tragic-departure-of-lakshmana.html,hindu-mythology/ramayana/uttara-kanda-ram-rajya-luv-kush-departure/the-tragic-departure-of-lakshmana.html,no,merged,/Users/prashantdhingra/e/a3_output/makarsankranti.net/output/content/hindu-mythology/ramayana/uttara-kanda-ram-rajya-luv-kush-departure/footer.fragment
hindu-mythology/ramayana/uttara-kanda-ram-rajya-luv-kush-departure/the-whispers-of-ayodhya-the-washermans-gossip.html,hindu-mythology/ramayana/uttara-kanda-ram-rajya-luv-kush-departure/the-whispers-of-ayodhya-the-washermans-gossip.html,no,merged,/Users/prashantdhingra/e/a3_output/makarsankranti.net/output/content/hindu-mythology/ramayana/uttara-kanda-ram-rajya-luv-kush-departure/footer.fragment
hindu-mythology/ramayana/uttara-kanda-ram-rajya-luv-kush-departure/the-uttara-kanda-the-era-of-ram-rajya.html,hindu-mythology/ramayana/uttara-kanda-ram-rajya-luv-kush-departure/the-uttara-kanda-the-era-of-ram-rajya.html,no,merged,/Users/prashantdhingra/e/a3_output/makarsankranti.net/output/content/hindu-mythology/ramayana/uttara-kanda-ram-rajya-luv-kush-departure/footer.fragment
hindu-mythology/ramayana/uttara-kanda-ram-rajya-luv-kush-departure/luv-and-kush-capture-the-royal-horse.html,hindu-mythology/ramayana/uttara-kanda-ram-rajya-luv-kush-departure/luv-and-kush-capture-the-royal-horse.html,no,merged,/Users/prashantdhingra/e/a3_output/makarsankranti.net/output/content/hindu-mythology/ramayana/uttara-kanda-ram-rajya-luv-kush-departure/footer.fragment
hindu-mythology/ramayana/uttara-kanda-ram-rajya-luv-kush-departure/singing-the-ramayana-in-ramas-court.html,hindu-mythology/ramayana/uttara-kanda-ram-rajya-luv-kush-departure/singing-the-ramayana-in-ramas-court.html,no,merged,/Users/prashantdhingra/e/a3_output/makarsankranti.net/output/content/hindu-mythology/ramayana/uttara-kanda-ram-rajya-luv-kush-departure/footer.fragment
hindu-mythology/ramayana/uttara-kanda-ram-rajya-luv-kush-departure/the-ashvamedha-yagna-horse-sacrifice.html,hindu-mythology/ramayana/uttara-kanda-ram-rajya-luv-kush-departure/the-ashvamedha-yagna-horse-sacrifice.html,no,merged,/Users/prashantdhingra/e/a3_output/makarsankranti.net/output/content/hindu-mythology/ramayana/uttara-kanda-ram-rajya-luv-kush-departure/footer.fragment
hindu-mythology/ramayana/uttara-kanda-ram-rajya-luv-kush-departure/sitas-final-descent-into-the-earth.html,hindu-mythology/ramayana/uttara-kanda-ram-rajya-luv-kush-departure/sitas-final-descent-into-the-earth.html,no,merged,/Users/prashantdhingra/e/a3_output/makarsankranti.net/output/content/hindu-mythology/ramayana/uttara-kanda-ram-rajya-luv-kush-departure/footer.fragment
hindu-mythology/ramayana/kishkindha-kanda-hanuman-sugriva-vali/taras-grief-and-wisdom.html,hindu-mythology/ramayana/kishkindha-kanda-hanuman-sugriva-vali/taras-grief-and-wisdom.html,no,merged,/Users/prashantdhingra/e/a3_output/makarsankranti.net/output/content/hindu-mythology/ramayana/kishkindha-kanda-hanuman-sugriva-vali/footer.fragment
hindu-mythology/ramayana/kishkindha-kanda-hanuman-sugriva-vali/the-death-of-vali-a-complex-moral-dilemma.html,hindu-mythology/ramayana/kishkindha-kanda-hanuman-sugriva-vali/the-death-of-vali-a-complex-moral-dilemma.html,no,merged,/Users/prashantdhingra/e/a3_output/makarsankranti.net/output/content/hindu-mythology/ramayana/kishkindha-kanda-hanuman-sugriva-vali/footer.fragment
hindu-mythology/ramayana/kishkindha-kanda-hanuman-sugriva-vali/index.html,hindu-mythology/ramayana/kishkindha-kanda-hanuman-sugriva-vali/index.html,no,merged,/Users/prashantdhingra/e/a3_output/makarsankranti.net/output/content/hindu-mythology/ramayana/kishkindha-kanda-hanuman-sugriva-vali/footer.fragment
hindu-mythology/ramayana/kishkindha-kanda-hanuman-sugriva-vali/meeting-sampati-the-vulture.html,hindu-mythology/ramayana/kishkindha-kanda-hanuman-sugriva-vali/meeting-sampati-the-vulture.html,no,merged,/Users/prashantdhingra/e/a3_output/makarsankranti.net/output/content/hindu-mythology/ramayana/kishkindha-kanda-hanuman-sugriva-vali/footer.fragment
hindu-mythology/ramayana/kishkindha-kanda-hanuman-sugriva-vali/mobilizing-the-vanara-sena-monkey-army.html,hindu-mythology/ramayana/kishkindha-kanda-hanuman-sugriva-vali/mobilizing-the-vanara-sena-monkey-army.html,no,merged,/Users/prashantdhingra/e/a3_output/makarsankranti.net/output/content/hindu-mythology/ramayana/kishkindha-kanda-hanuman-sugriva-vali/footer.fragment
hindu-mythology/ramayana/kishkindha-kanda-hanuman-sugriva-vali/the-kishkindha-kanda-meeting-hanuman-at-mount-rishyamukha.html,hindu-mythology/ramayana/kishkindha-kanda-hanuman-sugriva-vali/the-kishkindha-kanda-meeting-hanuman-at-mount-rishyamukha.html,no,merged,/Users/prashantdhingra/e/a3_output/makarsankranti.net/output/content/hindu-mythology/ramayana/kishkindha-kanda-hanuman-sugriva-vali/footer.fragment
hindu-mythology/ramayana/kishkindha-kanda-hanuman-sugriva-vali/the-pact-of-friendship-with-sugriva.html,hindu-mythology/ramayana/kishkindha-kanda-hanuman-sugriva-vali/the-pact-of-friendship-with-sugriva.html,no,merged,/Users/prashantdhingra/e/a3_output/makarsankranti.net/output/content/hindu-mythology/ramayana/kishkindha-kanda-hanuman-sugriva-vali/footer.fragment
hindu-mythology/ramayana/kishkindha-kanda-hanuman-sugriva-vali/awakening-hanumans-powers.html,hindu-mythology/ramayana/kishkindha-kanda-hanuman-sugriva-vali/awakening-hanumans-powers.html,no,merged,/Users/prashantdhingra/e/a3_output/makarsankranti.net/output/content/hindu-mythology/ramayana/kishkindha-kanda-hanuman-sugriva-vali/footer.fragment
hindu-mythology/ramayana/kishkindha-kanda-hanuman-sugriva-vali/the-delay-of-the-monsoons-and-lakshmanas-wrath.html,hindu-mythology/ramayana/kishkindha-kanda-hanuman-sugriva-vali/the-delay-of-the-monsoons-and-lakshmanas-wrath.html,no,merged,/Users/prashantdhingra/e/a3_output/makarsankranti.net/output/content/hindu-mythology/ramayana/kishkindha-kanda-hanuman-sugriva-vali/footer.fragment
hindu-mythology/ramayana/kishkindha-kanda-hanuman-sugriva-vali/the-southern-search-partys-journey.html,hindu-mythology/ramayana/kishkindha-kanda-hanuman-sugriva-vali/the-southern-search-partys-journey.html,no,merged,/Users/prashantdhingra/e/a3_output/makarsankranti.net/output/content/hindu-mythology/ramayana/kishkindha-kanda-hanuman-sugriva-vali/footer.fragment
hindu-mythology/ramayana/kishkindha-kanda-hanuman-sugriva-vali/the-tale-of-vali-and-sugriva.html,hindu-mythology/ramayana/kishkindha-kanda-hanuman-sugriva-vali/the-tale-of-vali-and-sugriva.html,no,merged,/Users/prashantdhingra/e/a3_output/makarsankranti.net/output/content/hindu-mythology/ramayana/kishkindha-kanda-hanuman-sugriva-vali/footer.fragment
hindu-mythology/ramayana/unsung-heroes/index.html,hindu-mythology/ramayana/unsung-heroes/index.html,no,merged,/Users/prashantdhingra/e/a3_output/makarsankranti.net/output/content/hindu-mythology/ramayana/unsung-heroes/footer.fragment
hindu-mythology/ramayana/unsung-heroes/unsung-heroes-urmilas-silent-sacrifice.html,hindu-mythology/ramayana/unsung-heroes/unsung-heroes-urmilas-silent-sacrifice.html,no,merged,/Users/prashantdhingra/e/a3_output/makarsankranti.net/output/content/hindu-mythology/ramayana/unsung-heroes/footer.fragment
hindu-mythology/ramayana/unsung-heroes/unsung-heroes-jambavan-the-ancient-bear.html,hindu-mythology/ramayana/unsung-heroes/unsung-heroes-jambavan-the-ancient-bear.html,no,merged,/Users/prashantdhingra/e/a3_output/makarsankranti.net/output/content/hindu-mythology/ramayana/unsung-heroes/footer.fragment
hindu-mythology/ramayana/unsung-heroes/unsung-heroes-nala-and-nila.html,hindu-mythology/ramayana/unsung-heroes/unsung-heroes-nala-and-nila.html,no,merged,/Users/prashantdhingra/e/a3_output/makarsankranti.net/output/content/hindu-mythology/ramayana/unsung-heroes/footer.fragment
hindu-mythology/ramayana/unsung-heroes/unsung-heroes-mandavi-and-shrutakirti.html,hindu-mythology/ramayana/unsung-heroes/unsung-heroes-mandavi-and-shrutakirti.html,no,merged,/Users/prashantdhingra/e/a3_output/makarsankranti.net/output/content/hindu-mythology/ramayana/unsung-heroes/footer.fragment
hindu-mythology/ramayana/unsung-heroes/unsung-heroes-sampatis-crucial-vision.html,hindu-mythology/ramayana/unsung-heroes/unsung-heroes-sampatis-crucial-vision.html,no,merged,/Users/prashantdhingra/e/a3_output/makarsankranti.net/output/content/hindu-mythology/ramayana/unsung-heroes/footer.fragment
hindu-mythology/ramayana/unsung-heroes/unsung-heroes-shabaris-endless-wait.html,hindu-mythology/ramayana/unsung-heroes/unsung-heroes-shabaris-endless-wait.html,no,merged,/Users/prashantdhingra/e/a3_output/makarsankranti.net/output/content/hindu-mythology/ramayana/unsung-heroes/footer.fragment
hindu-mythology/ramayana/unsung-heroes/unsung-heroes-sumantra-the-charioteer.html,hindu-mythology/ramayana/unsung-heroes/unsung-heroes-sumantra-the-charioteer.html,no,merged,/Users/prashantdhingra/e/a3_output/makarsankranti.net/output/content/hindu-mythology/ramayana/unsung-heroes/footer.fragment
hindu-mythology/ramayana/unsung-heroes/unsung-heroes-trijata-the-compassionate-guard.html,hindu-mythology/ramayana/unsung-heroes/unsung-heroes-trijata-the-compassionate-guard.html,no,merged,/Users/prashantdhingra/e/a3_output/makarsankranti.net/output/content/hindu-mythology/ramayana/unsung-heroes/footer.fragment
hindu-mythology/ramayana/unsung-heroes/unsung-heroes-jatayu-the-martyr-of-dharma.html,hindu-mythology/ramayana/unsung-heroes/unsung-heroes-jatayu-the-martyr-of-dharma.html,no,merged,/Users/prashantdhingra/e/a3_output/makarsankranti.net/output/content/hindu-mythology/ramayana/unsung-heroes/footer.fragment
hindu-mythology/ramayana/unsung-heroes/unsung-heroes-the-squirrels-contribution.html,hindu-mythology/ramayana/unsung-heroes/unsung-heroes-the-squirrels-contribution.html,no,merged,/Users/prashantdhingra/e/a3_output/makarsankranti.net/output/content/hindu-mythology/ramayana/unsung-heroes/footer.fragment
hindu-mythology/ramayana/yuddha-kanda-ravana-fall-return-ayodhya/the-journey-home-on-the-pushpaka-vimana.html,hindu-mythology/ramayana/yuddha-kanda-ravana-fall-return-ayodhya/the-journey-home-on-the-pushpaka-vimana.html,no,merged,/Users/prashantdhingra/e/a3_output/makarsankranti.net/output/content/hindu-mythology/ramayana/yuddha-kanda-ravana-fall-return-ayodhya/footer.fragment
hindu-mythology/ramayana/yuddha-kanda-ravana-fall-return-ayodhya/the-final-duel-rama-vs-ravana.html,hindu-mythology/ramayana/yuddha-kanda-ravana-fall-return-ayodhya/the-final-duel-rama-vs-ravana.html,no,merged,/Users/prashantdhingra/e/a3_output/makarsankranti.net/output/content/hindu-mythology/ramayana/yuddha-kanda-ravana-fall-return-ayodhya/footer.fragment
hindu-mythology/ramayana/yuddha-kanda-ravana-fall-return-ayodhya/index.html,hindu-mythology/ramayana/yuddha-kanda-ravana-fall-return-ayodhya/index.html,no,merged,/Users/prashantdhingra/e/a3_output/makarsankranti.net/output/content/hindu-mythology/ramayana/yuddha-kanda-ravana-fall-return-ayodhya/footer.fragment
hindu-mythology/ramayana/yuddha-kanda-ravana-fall-return-ayodhya/the-return-to-ayodhya-and-the-origins-of-diwali.html,hindu-mythology/ramayana/yuddha-kanda-ravana-fall-return-ayodhya/the-return-to-ayodhya-and-the-origins-of-diwali.html,no,merged,/Users/prashantdhingra/e/a3_output/makarsankranti.net/output/content/hindu-mythology/ramayana/yuddha-kanda-ravana-fall-return-ayodhya/footer.fragment
hindu-mythology/ramayana/yuddha-kanda-ravana-fall-return-ayodhya/the-secret-of-ravanas-navel.html,hindu-mythology/ramayana/yuddha-kanda-ravana-fall-return-ayodhya/the-secret-of-ravanas-navel.html,no,merged,/Users/prashantdhingra/e/a3_output/makarsankranti.net/output/content/hindu-mythology/ramayana/yuddha-kanda-ravana-fall-return-ayodhya/footer.fragment
hindu-mythology/ramayana/yuddha-kanda-ravana-fall-return-ayodhya/hanumans-message-to-bharata.html,hindu-mythology/ramayana/yuddha-kanda-ravana-fall-return-ayodhya/hanumans-message-to-bharata.html,no,merged,/Users/prashantdhingra/e/a3_output/makarsankranti.net/output/content/hindu-mythology/ramayana/yuddha-kanda-ravana-fall-return-ayodhya/footer.fragment
hindu-mythology/ramayana/yuddha-kanda-ravana-fall-return-ayodhya/the-gods-descend-blessings-and-resurrection.html,hindu-mythology/ramayana/yuddha-kanda-ravana-fall-return-ayodhya/the-gods-descend-blessings-and-resurrection.html,no,merged,/Users/prashantdhingra/e/a3_output/makarsankranti.net/output/content/hindu-mythology/ramayana/yuddha-kanda-ravana-fall-return-ayodhya/footer.fragment
hindu-mythology/ramayana/yuddha-kanda-ravana-fall-return-ayodhya/the-agni-pariksha-trial-by-fire.html,hindu-mythology/ramayana/yuddha-kanda-ravana-fall-return-ayodhya/the-agni-pariksha-trial-by-fire.html,no,merged,/Users/prashantdhingra/e/a3_output/makarsankranti.net/output/content/hindu-mythology/ramayana/yuddha-kanda-ravana-fall-return-ayodhya/footer.fragment
hindu-mythology/ramayana/yuddha-kanda-ravana-fall-return-ayodhya/the-fall-of-the-demon-king.html,hindu-mythology/ramayana/yuddha-kanda-ravana-fall-return-ayodhya/the-fall-of-the-demon-king.html,no,merged,/Users/prashantdhingra/e/a3_output/makarsankranti.net/output/content/hindu-mythology/ramayana/yuddha-kanda-ravana-fall-return-ayodhya/footer.fragment
hindu-mythology/ramayana/yuddha-kanda-ravana-fall-return-ayodhya/mandodaris-lament-and-vibhishanas-coronation.html,hindu-mythology/ramayana/yuddha-kanda-ravana-fall-return-ayodhya/mandodaris-lament-and-vibhishanas-coronation.html,no,merged,/Users/prashantdhingra/e/a3_output/makarsankranti.net/output/content/hindu-mythology/ramayana/yuddha-kanda-ravana-fall-return-ayodhya/footer.fragment
hindu-mythology/ramayana/yuddha-kanda-ravana-fall-return-ayodhya/the-sub-plot-of-ahiravana-and-mahiravana.html,hindu-mythology/ramayana/yuddha-kanda-ravana-fall-return-ayodhya/the-sub-plot-of-ahiravana-and-mahiravana.html,no,merged,/Users/prashantdhingra/e/a3_output/makarsankranti.net/output/content/hindu-mythology/ramayana/yuddha-kanda-ravana-fall-return-ayodhya/footer.fragment
hindu-mythology/ramayana/side-stories-curses-boons-backstories/mythology-side-quests-naradas-curse-on-vishnu.html,hindu-mythology/ramayana/side-stories-curses-boons-backstories/mythology-side-quests-naradas-curse-on-vishnu.html,no,merged,/Users/prashantdhingra/e/a3_output/makarsankranti.net/output/content/hindu-mythology/ramayana/side-stories-curses-boons-backstories/footer.fragment
hindu-mythology/ramayana/side-stories-curses-boons-backstories/ravana-lifts-mount-kailash.html,hindu-mythology/ramayana/side-stories-curses-boons-backstories/ravana-lifts-mount-kailash.html,no,merged,/Users/prashantdhingra/e/a3_output/makarsankranti.net/output/content/hindu-mythology/ramayana/side-stories-curses-boons-backstories/footer.fragment
hindu-mythology/ramayana/side-stories-curses-boons-backstories/index.html,hindu-mythology/ramayana/side-stories-curses-boons-backstories/index.html,no,merged,/Users/prashantdhingra/e/a3_output/makarsankranti.net/output/content/hindu-mythology/ramayana/side-stories-curses-boons-backstories/footer.fragment
hindu-mythology/ramayana/side-stories-curses-boons-backstories/the-origins-of-hanuman-the-wind-gods-son.html,hindu-mythology/ramayana/side-stories-curses-boons-backstories/the-origins-of-hanuman-the-wind-gods-son.html,no,merged,/Users/prashantdhingra/e/a3_output/makarsankranti.net/output/content/hindu-mythology/ramayana/side-stories-curses-boons-backstories/footer.fragment
hindu-mythology/ramayana/side-stories-curses-boons-backstories/the-curse-of-shravan-kumars-parents.html,hindu-mythology/ramayana/side-stories-curses-boons-backstories/the-curse-of-shravan-kumars-parents.html,no,merged,/Users/prashantdhingra/e/a3_output/makarsankranti.net/output/content/hindu-mythology/ramayana/side-stories-curses-boons-backstories/footer.fragment
hindu-mythology/ramayana/side-stories-curses-boons-backstories/the-churning-of-the-ocean-samudra-manthan.html,hindu-mythology/ramayana/side-stories-curses-boons-backstories/the-churning-of-the-ocean-samudra-manthan.html,no,merged,/Users/prashantdhingra/e/a3_output/makarsankranti.net/output/content/hindu-mythology/ramayana/side-stories-curses-boons-backstories/footer.fragment
hindu-mythology/ramayana/side-stories-curses-boons-backstories/the-birth-of-ravana-and-the-rakshasa-lineage.html,hindu-mythology/ramayana/side-stories-curses-boons-backstories/the-birth-of-ravana-and-the-rakshasa-lineage.html,no,merged,/Users/prashantdhingra/e/a3_output/makarsankranti.net/output/content/hindu-mythology/ramayana/side-stories-curses-boons-backstories/footer.fragment
hindu-mythology/ramayana/side-stories-curses-boons-backstories/the-story-of-king-sagara-and-the-60-000-sons.html,hindu-mythology/ramayana/side-stories-curses-boons-backstories/the-story-of-king-sagara-and-the-60-000-sons.html,no,merged,/Users/prashantdhingra/e/a3_output/makarsankranti.net/output/content/hindu-mythology/ramayana/side-stories-curses-boons-backstories/footer.fragment
hindu-mythology/ramayana/side-stories-curses-boons-backstories/the-legend-of-the-squirrel-and-the-spider.html,hindu-mythology/ramayana/side-stories-curses-boons-backstories/the-legend-of-the-squirrel-and-the-spider.html,no,merged,/Users/prashantdhingra/e/a3_output/makarsankranti.net/output/content/hindu-mythology/ramayana/side-stories-curses-boons-backstories/footer.fragment
hindu-mythology/ramayana/side-stories-curses-boons-backstories/kumbhakarnas-tragic-boon.html,hindu-mythology/ramayana/side-stories-curses-boons-backstories/kumbhakarnas-tragic-boon.html,no,merged,/Users/prashantdhingra/e/a3_output/makarsankranti.net/output/content/hindu-mythology/ramayana/side-stories-curses-boons-backstories/footer.fragment
hindu-mythology/ramayana/side-stories-curses-boons-backstories/valis-boon-stealing-half-the-opponents-strength.html,hindu-mythology/ramayana/side-stories-curses-boons-backstories/valis-boon-stealing-half-the-opponents-strength.html,no,merged,/Users/prashantdhingra/e/a3_output/makarsankranti.net/output/content/hindu-mythology/ramayana/side-stories-curses-boons-backstories/footer.fragment
hindu-mythology/ramayana/bala-kanda-origins-vishwamitra-mithila/the-confrontation-with-parashurama.html,hindu-mythology/ramayana/bala-kanda-origins-vishwamitra-mithila/the-confrontation-with-parashurama.html,no,merged,/Users/prashantdhingra/e/a3_output/makarsankranti.net/output/content/hindu-mythology/ramayana/bala-kanda-origins-vishwamitra-mithila/footer.fragment
hindu-mythology/ramayana/bala-kanda-origins-vishwamitra-mithila/index.html,hindu-mythology/ramayana/bala-kanda-origins-vishwamitra-mithila/index.html,no,merged,/Users/prashantdhingra/e/a3_output/makarsankranti.net/output/content/hindu-mythology/ramayana/bala-kanda-origins-vishwamitra-mithila/footer.fragment
hindu-mythology/ramayana/bala-kanda-origins-vishwamitra-mithila/the-redemption-of-ahalya-a-story-of-forgiveness.html,hindu-mythology/ramayana/bala-kanda-origins-vishwamitra-mithila/the-redemption-of-ahalya-a-story-of-forgiveness.html,no,merged,/Users/prashantdhingra/e/a3_output/makarsankranti.net/output/content/hindu-mythology/ramayana/bala-kanda-origins-vishwamitra-mithila/footer.fragment
hindu-mythology/ramayana/bala-kanda-origins-vishwamitra-mithila/the-descent-of-the-river-ganga.html,hindu-mythology/ramayana/bala-kanda-origins-vishwamitra-mithila/the-descent-of-the-river-ganga.html,no,merged,/Users/prashantdhingra/e/a3_output/makarsankranti.net/output/content/hindu-mythology/ramayana/bala-kanda-origins-vishwamitra-mithila/footer.fragment
hindu-mythology/ramayana/bala-kanda-origins-vishwamitra-mithila/the-swayamvara-of-sita-in-mithila.html,hindu-mythology/ramayana/bala-kanda-origins-vishwamitra-mithila/the-swayamvara-of-sita-in-mithila.html,no,merged,/Users/prashantdhingra/e/a3_output/makarsankranti.net/output/content/hindu-mythology/ramayana/bala-kanda-origins-vishwamitra-mithila/footer.fragment
hindu-mythology/ramayana/bala-kanda-origins-vishwamitra-mithila/sage-vishwamitras-request-and-ramas-first-quest.html,hindu-mythology/ramayana/bala-kanda-origins-vishwamitra-mithila/sage-vishwamitras-request-and-ramas-first-quest.html,no,merged,/Users/prashantdhingra/e/a3_output/makarsankranti.net/output/content/hindu-mythology/ramayana/bala-kanda-origins-vishwamitra-mithila/footer.fragment
hindu-mythology/ramayana/bala-kanda-origins-vishwamitra-mithila/breaking-shivas-bow-pinaka.html,hindu-mythology/ramayana/bala-kanda-origins-vishwamitra-mithila/breaking-shivas-bow-pinaka.html,no,merged,/Users/prashantdhingra/e/a3_output/makarsankranti.net/output/content/hindu-mythology/ramayana/bala-kanda-origins-vishwamitra-mithila/footer.fragment
hindu-mythology/ramayana/bala-kanda-origins-vishwamitra-mithila/the-royal-weddings-in-mithila.html,hindu-mythology/ramayana/bala-kanda-origins-vishwamitra-mithila/the-royal-weddings-in-mithila.html,no,merged,/Users/prashantdhingra/e/a3_output/makarsankranti.net/output/content/hindu-mythology/ramayana/bala-kanda-origins-vishwamitra-mithila/footer.fragment
hindu-mythology/ramayana/bala-kanda-origins-vishwamitra-mithila/the-birth-of-rama-and-his-brothers.html,hindu-mythology/ramayana/bala-kanda-origins-vishwamitra-mithila/the-birth-of-rama-and-his-brothers.html,no,merged,/Users/prashantdhingra/e/a3_output/makarsankranti.net/output/content/hindu-mythology/ramayana/bala-kanda-origins-vishwamitra-mithila/footer.fragment
hindu-mythology/ramayana/bala-kanda-origins-vishwamitra-mithila/the-defeat-of-tadaka-and-subahu.html,hindu-mythology/ramayana/bala-kanda-origins-vishwamitra-mithila/the-defeat-of-tadaka-and-subahu.html,no,merged,/Users/prashantdhingra/e/a3_output/makarsankranti.net/output/content/hindu-mythology/ramayana/bala-kanda-origins-vishwamitra-mithila/footer.fragment
hindu-mythology/ramayana/bala-kanda-origins-vishwamitra-mithila/the-bala-kanda-origins-of-the-ramayana-epic.html,hindu-mythology/ramayana/bala-kanda-origins-vishwamitra-mithila/the-bala-kanda-origins-of-the-ramayana-epic.html,no,merged,/Users/prashantdhingra/e/a3_output/makarsankranti.net/output/content/hindu-mythology/ramayana/bala-kanda-origins-vishwamitra-mithila/footer.fragment
hindu-mythology/ramayana/divine-weapons-powers-mythic-technology/indrajits-illusions-and-dark-magic-maya.html,hindu-mythology/ramayana/divine-weapons-powers-mythic-technology/indrajits-illusions-and-dark-magic-maya.html,no,merged,/Users/prashantdhingra/e/a3_output/makarsankranti.net/output/content/hindu-mythology/ramayana/divine-weapons-powers-mythic-technology/footer.fragment
hindu-mythology/ramayana/divine-weapons-powers-mythic-technology/the-divine-bows-sharanga-and-pinaka.html,hindu-mythology/ramayana/divine-weapons-powers-mythic-technology/the-divine-bows-sharanga-and-pinaka.html,no,merged,/Users/prashantdhingra/e/a3_output/makarsankranti.net/output/content/hindu-mythology/ramayana/divine-weapons-powers-mythic-technology/footer.fragment
hindu-mythology/ramayana/divine-weapons-powers-mythic-technology/index.html,hindu-mythology/ramayana/divine-weapons-powers-mythic-technology/index.html,no,merged,/Users/prashantdhingra/e/a3_output/makarsankranti.net/output/content/hindu-mythology/ramayana/divine-weapons-powers-mythic-technology/footer.fragment
hindu-mythology/ramayana/divine-weapons-powers-mythic-technology/ravanas-amrita-nectar-of-immortality.html,hindu-mythology/ramayana/divine-weapons-powers-mythic-technology/ravanas-amrita-nectar-of-immortality.html,no,merged,/Users/prashantdhingra/e/a3_output/makarsankranti.net/output/content/hindu-mythology/ramayana/divine-weapons-powers-mythic-technology/footer.fragment
hindu-mythology/ramayana/divine-weapons-powers-mythic-technology/the-magic-of-the-sanjeevani-herb.html,hindu-mythology/ramayana/divine-weapons-powers-mythic-technology/the-magic-of-the-sanjeevani-herb.html,no,merged,/Users/prashantdhingra/e/a3_output/makarsankranti.net/output/content/hindu-mythology/ramayana/divine-weapons-powers-mythic-technology/footer.fragment
hindu-mythology/ramayana/divine-weapons-powers-mythic-technology/the-pashupatastra-and-narayanastra.html,hindu-mythology/ramayana/divine-weapons-powers-mythic-technology/the-pashupatastra-and-narayanastra.html,no,merged,/Users/prashantdhingra/e/a3_output/makarsankranti.net/output/content/hindu-mythology/ramayana/divine-weapons-powers-mythic-technology/footer.fragment
hindu-mythology/ramayana/divine-weapons-powers-mythic-technology/magical-weapons-the-brahmastra.html,hindu-mythology/ramayana/divine-weapons-powers-mythic-technology/magical-weapons-the-brahmastra.html,no,merged,/Users/prashantdhingra/e/a3_output/makarsankranti.net/output/content/hindu-mythology/ramayana/divine-weapons-powers-mythic-technology/footer.fragment
hindu-mythology/ramayana/divine-weapons-powers-mythic-technology/hanumans-ability-to-change-size-garima-and-anima.html,hindu-mythology/ramayana/divine-weapons-powers-mythic-technology/hanumans-ability-to-change-size-garima-and-anima.html,no,merged,/Users/prashantdhingra/e/a3_output/makarsankranti.net/output/content/hindu-mythology/ramayana/divine-weapons-powers-mythic-technology/footer.fragment
hindu-mythology/ramayana/divine-weapons-powers-mythic-technology/the-impenetrable-armor-of-ravana.html,hindu-mythology/ramayana/divine-weapons-powers-mythic-technology/the-impenetrable-armor-of-ravana.html,no,merged,/Users/prashantdhingra/e/a3_output/makarsankranti.net/output/content/hindu-mythology/ramayana/divine-weapons-powers-mythic-technology/footer.fragment
hindu-mythology/ramayana/divine-weapons-powers-mythic-technology/the-pushpaka-vimana-the-flying-palace.html,hindu-mythology/ramayana/divine-weapons-powers-mythic-technology/the-pushpaka-vimana-the-flying-palace.html,no,merged,/Users/prashantdhingra/e/a3_output/makarsankranti.net/output/content/hindu-mythology/ramayana/divine-weapons-powers-mythic-technology/footer.fragment
hindu-mythology/ramayana/divine-weapons-powers-mythic-technology/the-nagapasha-and-the-garuda-astra.html,hindu-mythology/ramayana/divine-weapons-powers-mythic-technology/the-nagapasha-and-the-garuda-astra.html,no,merged,/Users/prashantdhingra/e/a3_output/makarsankranti.net/output/content/hindu-mythology/ramayana/divine-weapons-powers-mythic-technology/footer.fragment
hindu-mythology/ramayana/characters-rama-sita-brothers-allies/index.html,hindu-mythology/ramayana/characters-rama-sita-brothers-allies/index.html,no,merged,/Users/prashantdhingra/e/a3_output/makarsankranti.net/output/content/hindu-mythology/ramayana/characters-rama-sita-brothers-allies/footer.fragment
hindu-mythology/ramayana/characters-rama-sita-brothers-allies/character-spotlight-shatrughna-the-silent-supporter.html,hindu-mythology/ramayana/characters-rama-sita-brothers-allies/character-spotlight-shatrughna-the-silent-supporter.html,no,merged,/Users/prashantdhingra/e/a3_output/makarsankranti.net/output/content/hindu-mythology/ramayana/characters-rama-sita-brothers-allies/footer.fragment
hindu-mythology/ramayana/characters-rama-sita-brothers-allies/character-spotlight-lakshmana-the-ultimate-brother.html,hindu-mythology/ramayana/characters-rama-sita-brothers-allies/character-spotlight-lakshmana-the-ultimate-brother.html,no,merged,/Users/prashantdhingra/e/a3_output/makarsankranti.net/output/content/hindu-mythology/ramayana/characters-rama-sita-brothers-allies/footer.fragment
hindu-mythology/ramayana/characters-rama-sita-brothers-allies/character-spotlight-bharatas-selfless-devotion.html,hindu-mythology/ramayana/characters-rama-sita-brothers-allies/character-spotlight-bharatas-selfless-devotion.html,no,merged,/Users/prashantdhingra/e/a3_output/makarsankranti.net/output/content/hindu-mythology/ramayana/characters-rama-sita-brothers-allies/footer.fragment
hindu-mythology/ramayana/characters-rama-sita-brothers-allies/character-spotlight-maryada-purushottam-rama.html,hindu-mythology/ramayana/characters-rama-sita-brothers-allies/character-spotlight-maryada-purushottam-rama.html,no,merged,/Users/prashantdhingra/e/a3_output/makarsankranti.net/output/content/hindu-mythology/ramayana/characters-rama-sita-brothers-allies/footer.fragment
hindu-mythology/ramayana/characters-rama-sita-brothers-allies/vibhishana-dharma-over-blood.html,hindu-mythology/ramayana/characters-rama-sita-brothers-allies/vibhishana-dharma-over-blood.html,no,merged,/Users/prashantdhingra/e/a3_output/makarsankranti.net/output/content/hindu-mythology/ramayana/characters-rama-sita-brothers-allies/footer.fragment
hindu-mythology/ramayana/characters-rama-sita-brothers-allies/sugriva-the-flawed-but-faithful-ally.html,hindu-mythology/ramayana/characters-rama-sita-brothers-allies/sugriva-the-flawed-but-faithful-ally.html,no,merged,/Users/prashantdhingra/e/a3_output/makarsankranti.net/output/content/hindu-mythology/ramayana/characters-rama-sita-brothers-allies/footer.fragment
hindu-mythology/ramayana/characters-rama-sita-brothers-allies/the-divine-origins-of-the-key-characters.html,hindu-mythology/ramayana/characters-rama-sita-brothers-allies/the-divine-origins-of-the-key-characters.html,no,merged,/Users/prashantdhingra/e/a3_output/makarsankranti.net/output/content/hindu-mythology/ramayana/characters-rama-sita-brothers-allies/footer.fragment
hindu-mythology/ramayana/characters-rama-sita-brothers-allies/character-spotlight-hanuman-as-the-ultimate-devotee-bhakta.html,hindu-mythology/ramayana/characters-rama-sita-brothers-allies/character-spotlight-hanuman-as-the-ultimate-devotee-bhakta.html,no,merged,/Users/prashantdhingra/e/a3_output/makarsankranti.net/output/content/hindu-mythology/ramayana/characters-rama-sita-brothers-allies/footer.fragment
hindu-mythology/ramayana/characters-rama-sita-brothers-allies/guha-and-the-forest-allies.html,hindu-mythology/ramayana/characters-rama-sita-brothers-allies/guha-and-the-forest-allies.html,no,merged,/Users/prashantdhingra/e/a3_output/makarsankranti.net/output/content/hindu-mythology/ramayana/characters-rama-sita-brothers-allies/footer.fragment
hindu-mythology/ramayana/characters-rama-sita-brothers-allies/character-spotlight-sita-as-the-symbol-of-resilience.html,hindu-mythology/ramayana/characters-rama-sita-brothers-allies/character-spotlight-sita-as-the-symbol-of-resilience.html,no,merged,/Users/prashantdhingra/e/a3_output/makarsankranti.net/output/content/hindu-mythology/ramayana/characters-rama-sita-brothers-allies/footer.fragment
hindu-mythology/ramayana/dharma-karma-philosophical-themes/karma-and-consequence-in-the-epic.html,hindu-mythology/ramayana/dharma-karma-philosophical-themes/karma-and-consequence-in-the-epic.html,no,merged,/Users/prashantdhingra/e/a3_output/makarsankranti.net/output/content/hindu-mythology/ramayana/dharma-karma-philosophical-themes/footer.fragment
hindu-mythology/ramayana/dharma-karma-philosophical-themes/the-illusion-of-desires-the-golden-deer-metaphor.html,hindu-mythology/ramayana/dharma-karma-philosophical-themes/the-illusion-of-desires-the-golden-deer-metaphor.html,no,merged,/Users/prashantdhingra/e/a3_output/makarsankranti.net/output/content/hindu-mythology/ramayana/dharma-karma-philosophical-themes/footer.fragment
hindu-mythology/ramayana/dharma-karma-philosophical-themes/fate-vs-free-will-daiva-vs-purushakara.html,hindu-mythology/ramayana/dharma-karma-philosophical-themes/fate-vs-free-will-daiva-vs-purushakara.html,no,merged,/Users/prashantdhingra/e/a3_output/makarsankranti.net/output/content/hindu-mythology/ramayana/dharma-karma-philosophical-themes/footer.fragment
hindu-mythology/ramayana/dharma-karma-philosophical-themes/the-power-of-the-name-rama-ramanama.html,hindu-mythology/ramayana/dharma-karma-philosophical-themes/the-power-of-the-name-rama-ramanama.html,no,merged,/Users/prashantdhingra/e/a3_output/makarsankranti.net/output/content/hindu-mythology/ramayana/dharma-karma-philosophical-themes/footer.fragment
hindu-mythology/ramayana/dharma-karma-philosophical-themes/index.html,hindu-mythology/ramayana/dharma-karma-philosophical-themes/index.html,no,merged,/Users/prashantdhingra/e/a3_output/makarsankranti.net/output/content/hindu-mythology/ramayana/dharma-karma-philosophical-themes/footer.fragment
hindu-mythology/ramayana/dharma-karma-philosophical-themes/bhakti-yoga-the-path-of-devotion.html,hindu-mythology/ramayana/dharma-karma-philosophical-themes/bhakti-yoga-the-path-of-devotion.html,no,merged,/Users/prashantdhingra/e/a3_output/makarsankranti.net/output/content/hindu-mythology/ramayana/dharma-karma-philosophical-themes/footer.fragment
hindu-mythology/ramayana/dharma-karma-philosophical-themes/the-ethics-of-war-dharma-yuddha.html,hindu-mythology/ramayana/dharma-karma-philosophical-themes/the-ethics-of-war-dharma-yuddha.html,no,merged,/Users/prashantdhingra/e/a3_output/makarsankranti.net/output/content/hindu-mythology/ramayana/dharma-karma-philosophical-themes/footer.fragment
hindu-mythology/ramayana/dharma-karma-philosophical-themes/duty-of-a-king-vs-duty-of-a-husband.html,hindu-mythology/ramayana/dharma-karma-philosophical-themes/duty-of-a-king-vs-duty-of-a-husband.html,no,merged,/Users/prashantdhingra/e/a3_output/makarsankranti.net/output/content/hindu-mythology/ramayana/dharma-karma-philosophical-themes/footer.fragment
hindu-mythology/ramayana/dharma-karma-philosophical-themes/philosophical-themes-the-concept-of-dharma.html,hindu-mythology/ramayana/dharma-karma-philosophical-themes/philosophical-themes-the-concept-of-dharma.html,no,merged,/Users/prashantdhingra/e/a3_output/makarsankranti.net/output/content/hindu-mythology/ramayana/dharma-karma-philosophical-themes/footer.fragment
hindu-mythology/ramayana/dharma-karma-philosophical-themes/the-meaning-of-ram-rajya.html,hindu-mythology/ramayana/dharma-karma-philosophical-themes/the-meaning-of-ram-rajya.html,no,merged,/Users/prashantdhingra/e/a3_output/makarsankranti.net/output/content/hindu-mythology/ramayana/dharma-karma-philosophical-themes/footer.fragment
hindu-mythology/ramayana/dharma-karma-philosophical-themes/the-dynamics-of-sibling-relationships.html,hindu-mythology/ramayana/dharma-karma-philosophical-themes/the-dynamics-of-sibling-relationships.html,no,merged,/Users/prashantdhingra/e/a3_output/makarsankranti.net/output/content/hindu-mythology/ramayana/dharma-karma-philosophical-themes/footer.fragment
hindu-mythology/ramayana/ramayana-across-asia-world/index.html,hindu-mythology/ramayana/ramayana-across-asia-world/index.html,no,merged,/Users/prashantdhingra/e/a3_output/makarsankranti.net/output/content/hindu-mythology/ramayana/ramayana-across-asia-world/footer.fragment
hindu-mythology/ramayana/ramayana-across-asia-world/reamker-the-cambodian-epic.html,hindu-mythology/ramayana/ramayana-across-asia-world/reamker-the-cambodian-epic.html,no,merged,/Users/prashantdhingra/e/a3_output/makarsankranti.net/output/content/hindu-mythology/ramayana/ramayana-across-asia-world/footer.fragment
hindu-mythology/ramayana/ramayana-across-asia-world/yama-zatdaw-the-ramayana-in-myanmar-burma.html,hindu-mythology/ramayana/ramayana-across-asia-world/yama-zatdaw-the-ramayana-in-myanmar-burma.html,no,merged,/Users/prashantdhingra/e/a3_output/makarsankranti.net/output/content/hindu-mythology/ramayana/ramayana-across-asia-world/footer.fragment
hindu-mythology/ramayana/ramayana-across-asia-world/maharadia-lawana-the-philippine-narrative.html,hindu-mythology/ramayana/ramayana-across-asia-world/maharadia-lawana-the-philippine-narrative.html,no,merged,/Users/prashantdhingra/e/a3_output/makarsankranti.net/output/content/hindu-mythology/ramayana/ramayana-across-asia-world/footer.fragment
hindu-mythology/ramayana/ramayana-across-asia-world/international-ramayanas-the-ramakien-of-thailand.html,hindu-mythology/ramayana/ramayana-across-asia-world/international-ramayanas-the-ramakien-of-thailand.html,no,merged,/Users/prashantdhingra/e/a3_output/makarsankranti.net/output/content/hindu-mythology/ramayana/ramayana-across-asia-world/footer.fragment
hindu-mythology/ramayana/ramayana-across-asia-world/the-ramayana-in-tibet-and-xinjiang.html,hindu-mythology/ramayana/ramayana-across-asia-world/the-ramayana-in-tibet-and-xinjiang.html,no,merged,/Users/prashantdhingra/e/a3_output/makarsankranti.net/output/content/hindu-mythology/ramayana/ramayana-across-asia-world/footer.fragment
hindu-mythology/ramayana/ramayana-across-asia-world/kakawin-ramayana-the-indonesian-epic.html,hindu-mythology/ramayana/ramayana-across-asia-world/kakawin-ramayana-the-indonesian-epic.html,no,merged,/Users/prashantdhingra/e/a3_output/makarsankranti.net/output/content/hindu-mythology/ramayana/ramayana-across-asia-world/footer.fragment
hindu-mythology/ramayana/ramayana-across-asia-world/hikayat-seri-rama-the-malaysian-adaptation.html,hindu-mythology/ramayana/ramayana-across-asia-world/hikayat-seri-rama-the-malaysian-adaptation.html,no,merged,/Users/prashantdhingra/e/a3_output/makarsankranti.net/output/content/hindu-mythology/ramayana/ramayana-across-asia-world/footer.fragment
hindu-mythology/ramayana/ramayana-across-asia-world/why-the-ramayana-conquered-southeast-asia.html,hindu-mythology/ramayana/ramayana-across-asia-world/why-the-ramayana-conquered-southeast-asia.html,no,merged,/Users/prashantdhingra/e/a3_output/makarsankranti.net/output/content/hindu-mythology/ramayana/ramayana-across-asia-world/footer.fragment
hindu-mythology/ramayana/ramayana-across-asia-world/phra-lak-phra-lam-the-lao-ramayana.html,hindu-mythology/ramayana/ramayana-across-asia-world/phra-lak-phra-lam-the-lao-ramayana.html,no,merged,/Users/prashantdhingra/e/a3_output/makarsankranti.net/output/content/hindu-mythology/ramayana/ramayana-across-asia-world/footer.fragment
hindu-mythology/ramayana/ramayana-across-asia-world/the-ramayana-in-bali-wayang-wong-and-kecak.html,hindu-mythology/ramayana/ramayana-across-asia-world/the-ramayana-in-bali-wayang-wong-and-kecak.html,no,merged,/Users/prashantdhingra/e/a3_output/makarsankranti.net/output/content/hindu-mythology/ramayana/ramayana-across-asia-world/footer.fragment
hindu-mythology/ramayana/women-of-the-ramayana/manthara-loyalty-twisted-into-malice.html,hindu-mythology/ramayana/women-of-the-ramayana/manthara-loyalty-twisted-into-malice.html,no,merged,/Users/prashantdhingra/e/a3_output/makarsankranti.net/output/content/hindu-mythology/ramayana/women-of-the-ramayana/footer.fragment
hindu-mythology/ramayana/women-of-the-ramayana/women-of-the-ramayana-queen-tara.html,hindu-mythology/ramayana/women-of-the-ramayana/women-of-the-ramayana-queen-tara.html,no,merged,/Users/prashantdhingra/e/a3_output/makarsankranti.net/output/content/hindu-mythology/ramayana/women-of-the-ramayana/footer.fragment
hindu-mythology/ramayana/women-of-the-ramayana/index.html,hindu-mythology/ramayana/women-of-the-ramayana/index.html,no,merged,/Users/prashantdhingra/e/a3_output/makarsankranti.net/output/content/hindu-mythology/ramayana/women-of-the-ramayana/footer.fragment
hindu-mythology/ramayana/women-of-the-ramayana/women-of-the-ramayana-queen-kaushalya.html,hindu-mythology/ramayana/women-of-the-ramayana/women-of-the-ramayana-queen-kaushalya.html,no,merged,/Users/prashantdhingra/e/a3_output/makarsankranti.net/output/content/hindu-mythology/ramayana/women-of-the-ramayana/footer.fragment
hindu-mythology/ramayana/women-of-the-ramayana/women-of-the-ramayana-the-enigma-of-kaikeyi.html,hindu-mythology/ramayana/women-of-the-ramayana/women-of-the-ramayana-the-enigma-of-kaikeyi.html,no,merged,/Users/prashantdhingra/e/a3_output/makarsankranti.net/output/content/hindu-mythology/ramayana/women-of-the-ramayana/footer.fragment
hindu-mythology/ramayana/women-of-the-ramayana/women-of-the-ramayana-sumitra-the-wise.html,hindu-mythology/ramayana/women-of-the-ramayana/women-of-the-ramayana-sumitra-the-wise.html,no,merged,/Users/prashantdhingra/e/a3_output/makarsankranti.net/output/content/hindu-mythology/ramayana/women-of-the-ramayana/footer.fragment
hindu-mythology/ramayana/women-of-the-ramayana/women-of-the-ramayana-vedavatis-curse.html,hindu-mythology/ramayana/women-of-the-ramayana/women-of-the-ramayana-vedavatis-curse.html,no,merged,/Users/prashantdhingra/e/a3_output/makarsankranti.net/output/content/hindu-mythology/ramayana/women-of-the-ramayana/footer.fragment
hindu-mythology/ramayana/women-of-the-ramayana/sita-the-warrior-the-story-of-sahasramukha-ravana.html,hindu-mythology/ramayana/women-of-the-ramayana/sita-the-warrior-the-story-of-sahasramukha-ravana.html,no,merged,/Users/prashantdhingra/e/a3_output/makarsankranti.net/output/content/hindu-mythology/ramayana/women-of-the-ramayana/footer.fragment
hindu-mythology/ramayana/women-of-the-ramayana/the-redemption-of-ahalya-a-feminist-perspective.html,hindu-mythology/ramayana/women-of-the-ramayana/the-redemption-of-ahalya-a-feminist-perspective.html,no,merged,/Users/prashantdhingra/e/a3_output/makarsankranti.net/output/content/hindu-mythology/ramayana/women-of-the-ramayana/footer.fragment
hindu-mythology/ramayana/women-of-the-ramayana/women-of-the-ramayana-mandodaris-righteousness.html,hindu-mythology/ramayana/women-of-the-ramayana/women-of-the-ramayana-mandodaris-righteousness.html,no,merged,/Users/prashantdhingra/e/a3_output/makarsankranti.net/output/content/hindu-mythology/ramayana/women-of-the-ramayana/footer.fragment
hindu-mythology/ramayana/women-of-the-ramayana/women-of-the-ramayana-sulochana-prameela.html,hindu-mythology/ramayana/women-of-the-ramayana/women-of-the-ramayana-sulochana-prameela.html,no,merged,/Users/prashantdhingra/e/a3_output/makarsankranti.net/output/content/hindu-mythology/ramayana/women-of-the-ramayana/footer.fragment
hindu-mythology/ramayana/ramayana-arts-music-performance/ramnamis-the-tattooed-devotees-of-chhattisgarh.html,hindu-mythology/ramayana/ramayana-arts-music-performance/ramnamis-the-tattooed-devotees-of-chhattisgarh.html,no,merged,/Users/prashantdhingra/e/a3_output/makarsankranti.net/output/content/hindu-mythology/ramayana/ramayana-arts-music-performance/footer.fragment
hindu-mythology/ramayana/ramayana-arts-music-performance/index.html,hindu-mythology/ramayana/ramayana-arts-music-performance/index.html,no,merged,/Users/prashantdhingra/e/a3_output/makarsankranti.net/output/content/hindu-mythology/ramayana/ramayana-arts-music-performance/footer.fragment
hindu-mythology/ramayana/ramayana-arts-music-performance/ramayana-in-classical-indian-dance.html,hindu-mythology/ramayana/ramayana-arts-music-performance/ramayana-in-classical-indian-dance.html,no,merged,/Users/prashantdhingra/e/a3_output/makarsankranti.net/output/content/hindu-mythology/ramayana/ramayana-arts-music-performance/footer.fragment
hindu-mythology/ramayana/ramayana-arts-music-performance/madhubani-mithila-paintings-and-the-sita-connection.html,hindu-mythology/ramayana/ramayana-arts-music-performance/madhubani-mithila-paintings-and-the-sita-connection.html,no,merged,/Users/prashantdhingra/e/a3_output/makarsankranti.net/output/content/hindu-mythology/ramayana/ramayana-arts-music-performance/footer.fragment
hindu-mythology/ramayana/ramayana-arts-music-performance/wayang-kulit-indonesian-shadow-puppetry.html,hindu-mythology/ramayana/ramayana-arts-music-performance/wayang-kulit-indonesian-shadow-puppetry.html,no,merged,/Users/prashantdhingra/e/a3_output/makarsankranti.net/output/content/hindu-mythology/ramayana/ramayana-arts-music-performance/footer.fragment
hindu-mythology/ramayana/ramayana-arts-music-performance/kecak-the-balinese-monkey-chant-dance.html,hindu-mythology/ramayana/ramayana-arts-music-performance/kecak-the-balinese-monkey-chant-dance.html,no,merged,/Users/prashantdhingra/e/a3_output/makarsankranti.net/output/content/hindu-mythology/ramayana/ramayana-arts-music-performance/footer.fragment
hindu-mythology/ramayana/ramayana-arts-music-performance/ramayana-in-arts-culture-the-ram-leela-tradition.html,hindu-mythology/ramayana/ramayana-arts-music-performance/ramayana-in-arts-culture-the-ram-leela-tradition.html,no,merged,/Users/prashantdhingra/e/a3_output/makarsankranti.net/output/content/hindu-mythology/ramayana/ramayana-arts-music-performance/footer.fragment
hindu-mythology/ramayana/ramayana-arts-music-performance/the-sculptures-of-angkor-wat-and-prambanan.html,hindu-mythology/ramayana/ramayana-arts-music-performance/the-sculptures-of-angkor-wat-and-prambanan.html,no,merged,/Users/prashantdhingra/e/a3_output/makarsankranti.net/output/content/hindu-mythology/ramayana/ramayana-arts-music-performance/footer.fragment
hindu-mythology/ramayana/ramayana-arts-music-performance/carnatic-music-and-the-ramayana.html,hindu-mythology/ramayana/ramayana-arts-music-performance/carnatic-music-and-the-ramayana.html,no,merged,/Users/prashantdhingra/e/a3_output/makarsankranti.net/output/content/hindu-mythology/ramayana/ramayana-arts-music-performance/footer.fragment
hindu-mythology/ramayana/ramayana-arts-music-performance/patachitra-and-kalamkari-scroll-paintings-of-the-epic.html,hindu-mythology/ramayana/ramayana-arts-music-performance/patachitra-and-kalamkari-scroll-paintings-of-the-epic.html,no,merged,/Users/prashantdhingra/e/a3_output/makarsankranti.net/output/content/hindu-mythology/ramayana/ramayana-arts-music-performance/footer.fragment
hindu-mythology/ramayana/ramayana-arts-music-performance/diwali-the-festival-of-lights-and-ramas-return.html,hindu-mythology/ramayana/ramayana-arts-music-performance/diwali-the-festival-of-lights-and-ramas-return.html,no,merged,/Users/prashantdhingra/e/a3_output/makarsankranti.net/output/content/hindu-mythology/ramayana/ramayana-arts-music-performance/footer.fragment
hindu-mythology/ramayana/yuddha-kanda-kumbhakarna-indrajit-sanjeevani/the-interruption-of-the-nikumbhila-sacrifice.html,hindu-mythology/ramayana/yuddha-kanda-kumbhakarna-indrajit-sanjeevani/the-interruption-of-the-nikumbhila-sacrifice.html,no,merged,/Users/prashantdhingra/e/a3_output/makarsankranti.net/output/content/hindu-mythology/ramayana/yuddha-kanda-kumbhakarna-indrajit-sanjeevani/footer.fragment
hindu-mythology/ramayana/yuddha-kanda-kumbhakarna-indrajit-sanjeevani/the-chariot-of-indra.html,hindu-mythology/ramayana/yuddha-kanda-kumbhakarna-indrajit-sanjeevani/the-chariot-of-indra.html,no,merged,/Users/prashantdhingra/e/a3_output/makarsankranti.net/output/content/hindu-mythology/ramayana/yuddha-kanda-kumbhakarna-indrajit-sanjeevani/footer.fragment
hindu-mythology/ramayana/yuddha-kanda-kumbhakarna-indrajit-sanjeevani/index.html,hindu-mythology/ramayana/yuddha-kanda-kumbhakarna-indrajit-sanjeevani/index.html,no,merged,/Users/prashantdhingra/e/a3_output/makarsankranti.net/output/content/hindu-mythology/ramayana/yuddha-kanda-kumbhakarna-indrajit-sanjeevani/footer.fragment
hindu-mythology/ramayana/yuddha-kanda-kumbhakarna-indrajit-sanjeevani/the-death-of-indrajit.html,hindu-mythology/ramayana/yuddha-kanda-kumbhakarna-indrajit-sanjeevani/the-death-of-indrajit.html,no,merged,/Users/prashantdhingra/e/a3_output/makarsankranti.net/output/content/hindu-mythology/ramayana/yuddha-kanda-kumbhakarna-indrajit-sanjeevani/footer.fragment
hindu-mythology/ramayana/yuddha-kanda-kumbhakarna-indrajit-sanjeevani/the-deception-of-sitas-illusionary-death.html,hindu-mythology/ramayana/yuddha-kanda-kumbhakarna-indrajit-sanjeevani/the-deception-of-sitas-illusionary-death.html,no,merged,/Users/prashantdhingra/e/a3_output/makarsankranti.net/output/content/hindu-mythology/ramayana/yuddha-kanda-kumbhakarna-indrajit-sanjeevani/footer.fragment
hindu-mythology/ramayana/yuddha-kanda-kumbhakarna-indrajit-sanjeevani/the-rampage-and-fall-of-kumbhakarna.html,hindu-mythology/ramayana/yuddha-kanda-kumbhakarna-indrajit-sanjeevani/the-rampage-and-fall-of-kumbhakarna.html,no,merged,/Users/prashantdhingra/e/a3_output/makarsankranti.net/output/content/hindu-mythology/ramayana/yuddha-kanda-kumbhakarna-indrajit-sanjeevani/footer.fragment
hindu-mythology/ramayana/yuddha-kanda-kumbhakarna-indrajit-sanjeevani/the-aditya-hrudayam-hymn-to-the-sun-god.html,hindu-mythology/ramayana/yuddha-kanda-kumbhakarna-indrajit-sanjeevani/the-aditya-hrudayam-hymn-to-the-sun-god.html,no,merged,/Users/prashantdhingra/e/a3_output/makarsankranti.net/output/content/hindu-mythology/ramayana/yuddha-kanda-kumbhakarna-indrajit-sanjeevani/footer.fragment
hindu-mythology/ramayana/yuddha-kanda-kumbhakarna-indrajit-sanjeevani/the-fury-of-ravana.html,hindu-mythology/ramayana/yuddha-kanda-kumbhakarna-indrajit-sanjeevani/the-fury-of-ravana.html,no,merged,/Users/prashantdhingra/e/a3_output/makarsankranti.net/output/content/hindu-mythology/ramayana/yuddha-kanda-kumbhakarna-indrajit-sanjeevani/footer.fragment
hindu-mythology/ramayana/yuddha-kanda-kumbhakarna-indrajit-sanjeevani/hanuman-and-the-sanjeevani-mountain.html,hindu-mythology/ramayana/yuddha-kanda-kumbhakarna-indrajit-sanjeevani/hanuman-and-the-sanjeevani-mountain.html,no,merged,/Users/prashantdhingra/e/a3_output/makarsankranti.net/output/content/hindu-mythology/ramayana/yuddha-kanda-kumbhakarna-indrajit-sanjeevani/footer.fragment
hindu-mythology/ramayana/yuddha-kanda-kumbhakarna-indrajit-sanjeevani/the-awakening-of-kumbhakarna.html,hindu-mythology/ramayana/yuddha-kanda-kumbhakarna-indrajit-sanjeevani/the-awakening-of-kumbhakarna.html,no,merged,/Users/prashantdhingra/e/a3_output/makarsankranti.net/output/content/hindu-mythology/ramayana/yuddha-kanda-kumbhakarna-indrajit-sanjeevani/footer.fragment
hindu-mythology/ramayana/yuddha-kanda-kumbhakarna-indrajit-sanjeevani/lakshmana-mortally-wounded-by-the-shakti-weapon.html,hindu-mythology/ramayana/yuddha-kanda-kumbhakarna-indrajit-sanjeevani/lakshmana-mortally-wounded-by-the-shakti-weapon.html,no,merged,/Users/prashantdhingra/e/a3_output/makarsankranti.net/output/content/hindu-mythology/ramayana/yuddha-kanda-kumbhakarna-indrajit-sanjeevani/footer.fragment
hindu-mythology/ramayana/ravana-rakshasas-antagonists/index.html,hindu-mythology/ramayana/ravana-rakshasas-antagonists/index.html,no,merged,/Users/prashantdhingra/e/a3_output/makarsankranti.net/output/content/hindu-mythology/ramayana/ravana-rakshasas-antagonists/footer.fragment
hindu-mythology/ramayana/ravana-rakshasas-antagonists/character-spotlight-ravana-the-tragic-scholar.html,hindu-mythology/ramayana/ravana-rakshasas-antagonists/character-spotlight-ravana-the-tragic-scholar.html,no,merged,/Users/prashantdhingra/e/a3_output/makarsankranti.net/output/content/hindu-mythology/ramayana/ravana-rakshasas-antagonists/footer.fragment
hindu-mythology/ramayana/ravana-rakshasas-antagonists/kabandha-the-headless-terror.html,hindu-mythology/ramayana/ravana-rakshasas-antagonists/kabandha-the-headless-terror.html,no,merged,/Users/prashantdhingra/e/a3_output/makarsankranti.net/output/content/hindu-mythology/ramayana/ravana-rakshasas-antagonists/footer.fragment
hindu-mythology/ramayana/ravana-rakshasas-antagonists/character-spotlight-indrajit-meghanada.html,hindu-mythology/ramayana/ravana-rakshasas-antagonists/character-spotlight-indrajit-meghanada.html,no,merged,/Users/prashantdhingra/e/a3_output/makarsankranti.net/output/content/hindu-mythology/ramayana/ravana-rakshasas-antagonists/footer.fragment
hindu-mythology/ramayana/ravana-rakshasas-antagonists/surpanakha-the-catalyst-of-the-war.html,hindu-mythology/ramayana/ravana-rakshasas-antagonists/surpanakha-the-catalyst-of-the-war.html,no,merged,/Users/prashantdhingra/e/a3_output/makarsankranti.net/output/content/hindu-mythology/ramayana/ravana-rakshasas-antagonists/footer.fragment
hindu-mythology/ramayana/ravana-rakshasas-antagonists/maricha-the-reluctant-accomplice.html,hindu-mythology/ramayana/ravana-rakshasas-antagonists/maricha-the-reluctant-accomplice.html,no,merged,/Users/prashantdhingra/e/a3_output/makarsankranti.net/output/content/hindu-mythology/ramayana/ravana-rakshasas-antagonists/footer.fragment
hindu-mythology/ramayana/ravana-rakshasas-antagonists/character-spotlight-kumbhakarnas-tragic-duty.html,hindu-mythology/ramayana/ravana-rakshasas-antagonists/character-spotlight-kumbhakarnas-tragic-duty.html,no,merged,/Users/prashantdhingra/e/a3_output/makarsankranti.net/output/content/hindu-mythology/ramayana/ravana-rakshasas-antagonists/footer.fragment
hindu-mythology/ramayana/ravana-rakshasas-antagonists/the-rakshasa-generals-prahasta-atikaya-and-akampana.html,hindu-mythology/ramayana/ravana-rakshasas-antagonists/the-rakshasa-generals-prahasta-atikaya-and-akampana.html,no,merged,/Users/prashantdhingra/e/a3_output/makarsankranti.net/output/content/hindu-mythology/ramayana/ravana-rakshasas-antagonists/footer.fragment
hindu-mythology/ramayana/ravana-rakshasas-antagonists/ahiravana-the-master-of-the-underworld.html,hindu-mythology/ramayana/ravana-rakshasas-antagonists/ahiravana-the-master-of-the-underworld.html,no,merged,/Users/prashantdhingra/e/a3_output/makarsankranti.net/output/content/hindu-mythology/ramayana/ravana-rakshasas-antagonists/footer.fragment
hindu-mythology/ramayana/ravana-rakshasas-antagonists/khara-and-dushana-the-forest-warlords.html,hindu-mythology/ramayana/ravana-rakshasas-antagonists/khara-and-dushana-the-forest-warlords.html,no,merged,/Users/prashantdhingra/e/a3_output/makarsankranti.net/output/content/hindu-mythology/ramayana/ravana-rakshasas-antagonists/footer.fragment
hindu-mythology/ramayana/ravana-rakshasas-antagonists/tadaka-and-subahu-the-first-threats.html,hindu-mythology/ramayana/ravana-rakshasas-antagonists/tadaka-and-subahu-the-first-threats.html,no,merged,/Users/prashantdhingra/e/a3_output/makarsankranti.net/output/content/hindu-mythology/ramayana/ravana-rakshasas-antagonists/footer.fragment
pongal/pongal-festival.html,pongal/pongal-festival.html,yes,merged,/Users/prashantdhingra/e/a3_output/makarsankranti.net/output/content/pongal/footer.fragment
pongal/pongal-cards.html,pongal/pongal-cards.html,yes,merged,/Users/prashantdhingra/e/a3_output/makarsankranti.net/output/content/pongal/footer.fragment
pongal/makarsankranti-pongal.html,pongal/makarsankranti-pongal.html,yes,merged,/Users/prashantdhingra/e/a3_output/makarsankranti.net/output/content/pongal/footer.fragment
pongal/pongal-festival-main.html,pongal/index.html,yes,merged,/Users/prashantdhingra/e/a3_output/makarsankranti.net/output/content/pongal/footer.fragment
pongal/pongal-wishes.html,pongal/pongal-wishes.html,yes,merged,/Users/prashantdhingra/e/a3_output/makarsankranti.net/output/content/pongal/footer.fragment
pongal/pongal-tradition.html,pongal/pongal-tradition.html,yes,merged,/Users/prashantdhingra/e/a3_output/makarsankranti.net/output/content/pongal/footer.fragment
